-100.0000000000000000 -112.1072617957465809
-99.9799979997999770 -87.6509280982738517
-99.9599959995999541 -79.6679208442460407
-99.9399939993999453 -113.0159813924611854
-99.9199919991999224 -118.2946499545140142
-99.8999899989998994 -131.7320349456478255
-99.8799879987998764 -96.4881883190345633
-99.8599859985998535 -109.3248990533896858
-99.8399839983998447 -93.5840145665419385
-99.8199819981998218 -56.0846156775517244
-99.7999799979997988 -97.5147156113037852
-99.7799779977997758 -99.0536953683617583
-99.7599759975997529 -74.9449989661375895
-99.7399739973997441 -105.3408760937588369
-99.7199719971997212 -95.9108207954869272
-99.6999699969996982 -102.7242040672583983
-99.6799679967996752 -99.9966303163393349
-99.6599659965996665 -94.5119893134560556
-99.6399639963996435 -90.3596677169167748
-99.6199619961996206 -63.8086271958293878
-99.5999599959995976 -73.4470455311845001
-99.5799579957995746 -60.6478840135832300
-99.5599559955995659 -76.3173265135850016
-99.5399539953995429 -94.2130138831658144
-99.5199519951995200 -118.5737705901238428
-99.4999499949994970 -48.2303589723191735
-99.4799479947994740 -51.1638158809664390
-99.4599459945994653 -108.6358211835904086
-99.4399439943994423 -85.7568921556228787
-99.4199419941994194 -101.8887896426047206
-99.3999399939993964 -104.0674444707231459
-99.3799379937993734 -53.1158909239962327
-99.3599359935993647 -92.7742516186987984
-99.3399339933993417 -73.7646860707938288
-99.3199319931993188 -85.9090057615923683
-99.2999299929992958 -59.3470159179620964
-99.2799279927992870 -87.4166567407862516
-99.2599259925992641 -84.1453554227793603
-99.2399239923992411 -64.8335314385205237
-99.2199219921992182 -88.0197993617031926
-99.1999199919991952 -103.8038960895787284
-99.1799179917991864 -76.8907054856493914
-99.1599159915991635 -83.3283604833231379
-99.1399139913991405 -98.1223067628379937
-99.1199119911991176 -51.1642448737157594
-99.0999099909990946 -91.5259937050882684
-99.0799079907990858 -64.9578261878459813
-99.0599059905990629 -70.8556425841692317
-99.0399039903990399 -59.9964835927882945
-99.0199019901990170 -41.5898591764050849
-98.9998999899989940 -65.5527824949780040
-98.9798979897989852 -72.3488297152274527
-98.9598959895989623 -81.1490648362627809
-98.9398939893989393 -106.4303098210411349
-98.9198919891989163 -39.0854936064359322
-98.8998899889988934 -66.3642145942853290
-98.8798879887988846 -16.9341022099754639
-98.8598859885988617 -97.4493846182168539
-98.8398839883988387 -53.5769142122001369
-98.8198819881988157 -44.2329903651601057
-98.7998799879987928 -71.2958199964340906
-98.7798779877987840 -20.4098106612653112
-98.7598759875987611 -58.3632927925995730
-98.7398739873987381 -40.5113526926534320
-98.7198719871987151 -73.4648119113945341
-98.6998699869987064 -41.6384736141782170
-98.6798679867986834 -54.4786173276992258
-98.6598659865986605 -55.8646595084558868
-98.6398639863986375 -44.9488287698044360
-98.6198619861986145 -43.7041409651216242
-98.5998599859986058 -45.3146555042585248
-98.5798579857985828 -77.0824194811077348
-98.5598559855985599 -75.9497131219527688
-98.5398539853985369 -78.2354039511393893
-98.5198519851985139 -72.2297553110952322
-98.4998499849985052 -59.4956892655093768
-98.4798479847984822 -107.1164035827717527
-98.4598459845984593 -79.6606052525291801
-98.4398439843984363 -31.8053843789501336
-98.4198419841984133 -58.8673143869120921
-98.3998399839984046 -21.3451869513721206
-98.3798379837983816 -80.8196878227797981
-98.3598359835983587 -82.7915161851022674
-98.3398339833983357 -54.9779084287703554
-98.3198319831983270 -8.7475537169086692
-98.2998299829983040 -74.7734120036159595
-98.2798279827982810 -76.7866186129757580
-98.2598259825982581 -41.3665082477848642
-98.2398239823982351 -2.3284814658853179
-98.2198219821982264 -60.4938107592384640
-98.1998199819982034 -36.7457704175077282
-98.1798179817981804 -40.5274742583774170
-98.1598159815981575 -59.1955614136801245
-98.1398139813981345 -59.0643300211729354
-98.1198119811981257 -40.7019834747329554
-98.0998099809981028 -30.9442760495562972
-98.0798079807980798 -30.6624859257847575
-98.0598059805980569 -80.0004621219252385
-98.0398039803980339 -24.8595627163958035
-98.0198019801980251 -28.5489398633825147
-97.9997999799980022 -57.6118529947971183
-97.9797979797979792 -14.1202022832387968
-97.9597959795979563 -44.4607136073875822
-97.9397939793979333 -35.3544466517841371
-97.9197919791979245 13.4179304782780449
-97.8997899789979016 -33.0990317082585079
-97.8797879787978786 -35.0159041953032499
-97.8597859785978557 -66.7268147067960911
-97.8397839783978327 -65.5030608958498135
-97.8197819781978239 -40.8544291656629994
-97.7997799779978010 -41.3461063441355847
-97.7797779777977780 -16.9196311083166151
-97.7597759775977551 -8.7516064724838287
-97.7397739773977463 -61.6818052847486911
-97.7197719771977233 -65.9129854507123127
-97.6997699769977004 -39.7867575508035785
-97.6797679767976774 -11.5177502881092160
-97.6597659765976545 -43.0428417552416818
-97.6397639763976457 -45.8698843126488995
-97.6197619761976227 -14.6112829796736214
-97.5997599759975998 -16.2678388305846369
-97.5797579757975768 -41.2026688006205291
-97.5597559755975539 -46.6715785622077135
-97.5397539753975451 1.5007886389726117
-97.5197519751975221 14.7506760248054860
-97.4997499749974992 -35.8504309840916022
-97.4797479747974762 4.1343127587930937
-97.4597459745974533 -33.7287024158452198
-97.4397439743974445 -19.6043355381066533
-97.4197419741974215 -34.3709585866907616
-97.3997399739973986 -68.6080702187936708
-97.3797379737973756 -44.9629733458854162
-97.3597359735973669 -20.6241575635286125
-97.3397339733973439 19.1790252633356566
-97.3197319731973209 -4.8676067414206479
-97.2997299729972980 -11.6198151415071749
-97.2797279727972750 -2.5809369135907225
-97.2597259725972663 -7.6208975084655197
-97.2397239723972433 -5.3756166931119189
-97.2197219721972203 -23.7235902422142537
-97.1997199719971974 -50.0923935955641682
-97.1797179717971744 -3.2726099637078292
-97.1597159715971657 -9.3026261178759366
-97.1397139713971427 -65.4847133925649842
-97.1197119711971197 0.9717970655880208
-97.0997099709970968 8.3595181054655967
-97.0797079707970738 -29.3419934169206726
-97.0597059705970651 8.8240081691647276
-97.0397039703970421 -27.6494213193468141
-97.0197019701970191 -37.2575777410036153
-96.9996999699969962 -24.3599017526963380
-96.9796979697969732 -14.5039811163622794
-96.9596959695969645 -15.5644745253366299
-96.9396939693969415 4.7467954776823831
-96.9196919691969185 -12.6658606294556222
-96.8996899689968956 -38.6107042315836964
-96.8796879687968726 -36.9479705987076485
-96.8596859685968639 18.3027138487108516
-96.8396839683968409 8.3934137144588910
-96.8196819681968179 -12.0950678930966369
-96.7996799679967950 -21.6335425189647950
-96.7796779677967862 -4.5660291343437578
-96.7596759675967633 -15.0067776489178506
-96.7396739673967403 -5.0309403096080096
-96.7196719671967173 -70.1928882972925265
-96.6996699669966944 3.0755225442805649
-96.6796679667966856 -24.3951258844760588
-96.6596659665966627 -38.0010347175676273
-96.6396639663966397 -4.4147536023778500
-96.6196619661966167 -13.0228395445604122
-96.5996599659965938 -9.9848592112714645
-96.5796579657965850 -53.7134321068703500
-96.5596559655965621 11.1445078289535466
-96.5396539653965391 -22.3172678642955944
-96.5196519651965161 13.3642538793537273
-96.4996499649964932 -3.6344077060507467
-96.4796479647964844 -14.8476144367823615
-96.4596459645964615 1.7009632346768795
-96.4396439643964385 -21.7995030639966529
-96.4196419641964155 -30.1376293656493459
-96.3996399639964068 14.2844519891991286
-96.3796379637963838 -3.3266318971761448
-96.3596359635963609 -14.7226833258752983
-96.3396339633963379 -21.8222778965738655
-96.3196319631963149 11.6057684042238822
-96.2996299629963062 6.6718341269215093
-96.2796279627962832 47.8534492335772725
-96.2596259625962603 4.4339809924281059
-96.2396239623962373 19.4777537685120095
-96.2196219621962143 -2.8562823980124747
-96.1996199619962056 -7.3643169917656968
-96.1796179617961826 1.1001466114534764
-96.1596159615961597 -29.8567365925888986
-96.1396139613961367 2.2935375625849508
-96.1196119611961137 22.3007926995694383
-96.0996099609961050 21.4375499202252264
-96.0796079607960820 -17.3259286972003039
-96.0596059605960590 4.5090690673962177
-96.0396039603960361 12.8458012181017018
-96.0196019601960131 -41.0534331190472770
-95.9995999599960044 11.1919311425601400
-95.9795979597959814 23.4806744292326357
-95.9595959595959584 -8.4532090441475969
-95.9395939593959355 10.8490741538729463
-95.9195919591959125 12.1759843758917903
-95.8995899589959038 11.5105637039334514
-95.8795879587958808 12.8035803731390949
-95.8595859585958578 37.6800662610807606
-95.8395839583958349 73.0261152324065961
-95.8195819581958119 15.8812183328569407
-95.7995799579958032 -41.6191298436055064
-95.7795779577957802 16.3600451980905675
-95.7595759575957572 25.5965861537518755
-95.7395739573957343 -29.7799455133727164
-95.7195719571957255 3.6853650064642753
-95.6995699569957026 -25.4800151658799265
-95.6795679567956796 -18.2161963616707148
-95.6595659565956566 26.5029309328490399
-95.6395639563956337 -2.8233692379577633
-95.6195619561956249 33.9099330610036347
-95.5995599559956020 5.6456565586403178
-95.5795579557955790 -3.5393034719273331
-95.5595559555955560 20.3028646530749839
-95.5395539553955331 8.5087977353198259
-95.5195519551955243 -45.6309803918592962
-95.4995499549955014 3.4096748428738115
-95.4795479547954784 -36.0869141067163923
-95.4595459545954554 -4.9484222928656383
-95.4395439543954467 36.1565437565965979
-95.4195419541954237 39.9906051867466630
-95.3995399539954008 -14.9223023402394652
-95.3795379537953778 -2.0213323299606252
-95.3595359535953548 55.7043930065505890
-95.3395339533953461 10.6837622721393330
-95.3195319531953231 -5.0010059365077382
-95.2995299529953002 -2.5936117738239197
-95.2795279527952772 16.0405483908479027
-95.2595259525952542 -1.7752180205670385
-95.2395239523952455 -9.7844909286110795
-95.2195219521952225 34.8118761264035541
-95.1995199519951996 -2.1051816449119212
-95.1795179517951766 -0.8793652217024412
-95.1595159515951536 15.3356428503664652
-95.1395139513951449 45.7863673896111933
-95.1195119511951219 -7.6842036638517435
-95.0995099509950990 -10.0180775924771979
-95.0795079507950760 -5.9011677403880078
-95.0595059505950530 33.1324683690296098
-95.0395039503950443 3.8079091899964350
-95.0195019501950213 1.0169637559663371
-94.9994999499949984 4.4002685103004922
-94.9794979497949754 38.3918474416267514
-94.9594959495949524 22.5762581880953057
-94.9394939493949437 13.8377230517473482
-94.9194919491949207 17.9531431909997643
-94.8994899489948978 33.5928893811193205
-94.8794879487948748 23.1907348449110344
-94.8594859485948518 -10.9229453860126888
-94.8394839483948431 -17.9484977283514837
-94.8194819481948201 -8.5558112623983682
-94.7994799479947972 36.3392766594684744
-94.7794779477947742 42.2474538449944461
-94.7594759475947654 -29.1254012397262443
-94.7394739473947425 -7.3124523564640000
-94.7194719471947195 27.9595956067351850
-94.6994699469946966 48.9495916620947114
-94.6794679467946736 24.7551487825509611
-94.6594659465946648 1.4962131201607605
-94.6394639463946419 29.1815195258091293
-94.6194619461946189 21.2838064785130072
-94.5994599459945960 32.5994775075543401
-94.5794579457945730 -40.6561265838414059
-94.5594559455945642 19.1071746333934271
-94.5394539453945413 54.5620667874888952
-94.5194519451945183 70.9830060305906727
-94.4994499449944954 21.4864882722365422
-94.4794479447944866 23.1232319747620103
-94.4594459445944636 4.3636217601956879
-94.4394439443944407 9.7779569055076134
-94.4194419441944177 34.0216703879407163
-94.3994399439943948 52.9264992170156461
-94.3794379437943860 16.0877577166106391
-94.3594359435943630 20.6893205906789532
-94.3394339433943401 34.8129741126697994
-94.3194319431943171 30.5819274891261728
-94.2994299429942942 -0.5501301763041830
-94.2794279427942854 50.4030760182168791
-94.2594259425942624 16.4035848729406837
-94.2394239423942395 -16.2399072968696387
-94.2194219421942165 40.7939826572518669
-94.1994199419941936 26.7741451420000871
-94.1794179417941848 -6.1736390449073681
-94.1594159415941618 6.6785590823878351
-94.1394139413941389 43.0056265809563598
-94.1194119411941159 -8.6472479692865640
-94.0994099409940929 6.4158466746730767
-94.0794079407940842 55.0813552599141758
-94.0594059405940612 43.0237120193723257
-94.0394039403940383 32.1125270929461450
-94.0194019401940153 11.4647476704276912
-93.9993999399939923 17.9052222065861493
-93.9793979397939836 28.8445607449082182
-93.9593959395939606 9.4793318013160821
-93.9393939393939377 23.6579147585544192
-93.9193919391939147 46.4894080940292653
-93.8993899389938917 22.3478966503282912
-93.8793879387938830 26.9777815617172791
-93.8593859385938600 7.2724287001377981
-93.8393839383938371 62.1109771303000642
-93.8193819381938141 5.1271207125248388
-93.7993799379938054 36.3773886993694973
-93.7793779377937824 -3.1743290163251139
-93.7593759375937594 57.9285382330445771
-93.7393739373937365 35.0830710415643523
-93.7193719371937135 100.2830329168198489
-93.6993699369937048 54.8676684649020103
-93.6793679367936818 0.8547165557913239
-93.6593659365936588 40.1510580171981530
-93.6393639363936359 25.6997109618442678
-93.6193619361936129 53.2197580025722132
-93.5993599359936042 42.1602902479329487
-93.5793579357935812 29.1729068156237652
-93.5593559355935582 11.6258492501278567
-93.5393539353935353 48.1519174459035355
-93.5193519351935265 0.8758120035546533
-93.4993499349935036 2.0159546944514410
-93.4793479347934806 20.4866279886670526
-93.4593459345934576 40.2046299151705071
-93.4393439343934347 -9.3181996986833937
-93.4193419341934259 -4.1150341015172955
-93.3993399339934030 49.7591467908589777
-93.3793379337933800 61.4562443336537285
-93.3593359335933570 41.6382435108158759
-93.3393339333933341 40.1303603724092071
-93.3193319331933253 -10.4162254218334880
-93.2993299329933024 55.0107610551884036
-93.2793279327932794 5.7121149304042333
-93.2593259325932564 33.8120979329439990
-93.2393239323932335 112.9492200936480515
-93.2193219321932247 70.2918609585321974
-93.1993199319932017 35.7719405420106753
-93.1793179317931788 51.4018637523476940
-93.1593159315931558 49.3990323281665411
-93.1393139313931329 51.2253655146565876
-93.1193119311931241 20.7247168182200241
-93.0993099309931011 61.5164400786940604
-93.0793079307930782 76.8917672198673756
-93.0593059305930552 50.0280116514348876
-93.0393039303930323 89.4622352787431794
-93.0193019301930235 26.5616238969038889
-92.9992999299930005 58.8277815057569669
-92.9792979297929776 53.2211775250190584
-92.9592959295929546 57.3026529993891955
-92.9392939293929317 55.2813866176012283
-92.9192919291929229 48.1938304097216417
-92.8992899289928999 49.7709382359695596
-92.8792879287928770 29.4756192258844791
-92.8592859285928540 59.2531530106147812
-92.8392839283928453 56.1909684164994090
-92.8192819281928223 33.5533738161864363
-92.7992799279927993 39.1616721987314023
-92.7792779277927764 -2.7381108424089646
-92.7592759275927534 35.4891854954636301
-92.7392739273927447 23.1362971884797197
-92.7192719271927217 8.1936369640312421
-92.6992699269926987 30.9341081053081055
-92.6792679267926758 17.8878351420727704
-92.6592659265926528 25.1820459857274983
-92.6392639263926441 43.6766892472268822
-92.6192619261926211 32.2073558308860726
-92.5992599259925981 31.9469306519678682
-92.5792579257925752 65.8451677044202057
-92.5592559255925664 47.5510186647999618
-92.5392539253925435 16.9396103044475304
-92.5192519251925205 24.7488807461561535
-92.4992499249924975 8.7428944788013290
-92.4792479247924746 64.6450693410977664
-92.4592459245924658 48.9165208478383633
-92.4392439243924429 56.0387267962674329
-92.4192419241924199 -1.2241988305902041
-92.3992399239923969 56.4462441697421653
-92.3792379237923740 36.1471374014831213
-92.3592359235923652 36.6738833766821060
-92.3392339233923423 67.2666035914153895
-92.3192319231923193 9.3318212926165884
-92.2992299229922963 46.7836099663179255
-92.2792279227922734 28.4971589637291629
-92.2592259225922646 33.5035903371495465
-92.2392239223922417 20.1190305745586215
-92.2192219221922187 20.8463545168530260
-92.1992199219921957 51.8990634000181359
-92.1792179217921728 40.6952414663583824
-92.1592159215921640 60.6918522686457749
-92.1392139213921411 43.2569895182620101
-92.1192119211921181 75.5939504315887234
-92.0992099209920951 54.7943828680424900
-92.0792079207920722 84.1384186305872817
-92.0592059205920634 40.5978029303650558
-92.0392039203920405 35.7870855788196067
-92.0192019201920175 49.0130392468226574
-91.9991999199919945 63.7133078275672418
-91.9791979197919716 24.0334020444012921
-91.9591959195919628 74.6202799781335102
-91.9391939193919399 59.5590569493516995
-91.9191919191919169 81.1790587335316047
-91.8991899189918939 49.7832022120839000
-91.8791879187918710 37.7492873675365459
-91.8591859185918622 75.1550152369187714
-91.8391839183918393 68.4425537307079423
-91.8191819181918163 53.0204121668387174
-91.7991799179917933 59.4900109773250207
-91.7791779177917846 29.4835692905093651
-91.7591759175917616 55.6668178552995414
-91.7391739173917387 52.2345811643364186
-91.7191719171917157 85.5832311582450700
-91.6991699169916927 52.0249142770882358
-91.6791679167916840 34.8232448571586559
-91.6591659165916610 51.1658611180406808
-91.6391639163916381 32.8259045955876516
-91.6191619161916151 33.1742135493554713
-91.5991599159916063 84.4952438065044475
-91.5791579157915834 16.5793498639757004
-91.5591559155915604 74.1124403750766305
-91.5391539153915375 50.6354822839933050
-91.5191519151915145 95.1148396845991186
-91.4991499149915057 41.6930664216950078
-91.4791479147914828 32.5697427384866955
-91.4591459145914598 24.1281831418374821
-91.4391439143914369 65.4680839197584987
-91.4191419141914139 9.6702757424864600
-91.3991399139914051 40.7945309682186519
-91.3791379137913822 65.8810660365438139
-91.3591359135913592 38.4207514101671421
-91.3391339133913363 49.3394830076712694
-91.3191319131913133 22.5139886002897853
-91.2991299129913045 20.2033253631470799
-91.2791279127912816 53.5473874622116099
-91.2591259125912586 67.5602467912055715
-91.2391239123912356 24.3100051390930858
-91.2191219121912127 60.6261617866684901
-91.1991199119912039 37.2944069749237173
-91.1791179117911810 62.2662190869615273
-91.1591159115911580 68.4922774664309486
-91.1391139113911350 50.8829682052694139
-91.1191119111911121 48.1163381072758085
-91.0991099109911033 73.8591595753361077
-91.0791079107910804 83.8751473550507569
-91.0591059105910574 32.8856431503133209
-91.0391039103910344 65.5685981514731679
-91.0191019101910115 51.8454050981493566
-90.9990999099910027 48.7748295849960840
-90.9790979097909798 45.3665241697778114
-90.9590959095909568 44.1608011759775962
-90.9390939093909338 70.8133028708705154
-90.9190919091909109 13.3119176589013719
-90.8990899089909021 42.4896208421378603
-90.8790879087908792 41.2651893693667233
-90.8590859085908562 58.0008151497184699
-90.8390839083908332 64.3835499477951032
-90.8190819081908245 69.2449152699999928
-90.7990799079908015 42.4340821071886296
-90.7790779077907786 21.8162627777477169
-90.7590759075907556 46.5135459394393465
-90.7390739073907326 40.2322846949583308
-90.7190719071907239 45.3167277129569896
-90.6990699069907009 39.5576136038587407
-90.6790679067906780 58.7597905587416847
-90.6590659065906550 17.3164396550707842
-90.6390639063906463 78.5982313819850305
-90.6190619061906233 33.2839941335837466
-90.5990599059906003 32.3934988486842457
-90.5790579057905774 39.8506304850062349
-90.5590559055905544 92.1622367357067134
-90.5390539053905457 64.7063771129619170
-90.5190519051905227 43.0948788654897683
-90.4990499049904997 79.8097110742048841
-90.4790479047904768 15.9352510109043735
-90.4590459045904538 12.2889272444971027
-90.4390439043904451 58.6880129211068677
-90.4190419041904221 13.3280694596851959
-90.3990399039903991 49.4783237853859887
-90.3790379037903762 21.1585581515452894
-90.3590359035903532 57.7938937217910222
-90.3390339033903444 24.2612328667301682
-90.3190319031903215 51.4234741329548868
-90.2990299029902985 86.9464306883855755
-90.2790279027902756 80.1694617474447853
-90.2590259025902526 38.2366111986782684
-90.2390239023902438 36.5757895932224244
-90.2190219021902209 69.3996392354939644
-90.1990199019901979 46.6703345502843518
-90.1790179017901750 54.9166340245800768
-90.1590159015901520 40.7018041162156905
-90.1390139013901432 30.6793718957133983
-90.1190119011901203 13.4826338113862221
-90.0990099009900973 32.1508527844045418
-90.0790079007900744 54.7854645984095185
-90.0590059005900514 48.5065949102976290
-90.0390039003900426 83.5007904042526690
-90.0190019001900197 54.2817972186505031
-89.9989998999899967 30.3482897086780632
-89.9789978997899738 49.1840277812295383
-89.9589958995899508 40.6052746038504182
-89.9389938993899420 51.3536478975572948
-89.9189918991899191 35.2061248015113506
-89.8989898989898961 67.9835322436654508
-89.8789878987898732 85.5314614035220870
-89.8589858985898644 51.3010329053182019
-89.8389838983898414 28.0748586489287675
-89.8189818981898185 19.2565420338461308
-89.7989798979897955 61.6721023767126795
-89.7789778977897726 37.1283825946533526
-89.7589758975897638 15.9403473466691068
-89.7389738973897408 71.4496581981379961
-89.7189718971897179 36.6452005935722980
-89.6989698969896949 58.0920656797209034
-89.6789678967896862 39.9443663948105012
-89.6589658965896632 32.2448706508369440
-89.6389638963896402 45.6236589566111022
-89.6189618961896173 60.9353442903397919
-89.5989598959895943 33.6732114810198837
-89.5789578957895856 28.0857221668545947
-89.5589558955895626 46.6659337641968435
-89.5389538953895396 18.4599151247400819
-89.5189518951895167 36.7998260730589521
-89.4989498949894937 50.8838724637474868
-89.4789478947894850 67.6078075741452551
-89.4589458945894620 67.2087688339364178
-89.4389438943894390 33.5944443925097644
-89.4189418941894161 47.6702742847532974
-89.3989398939893931 56.6111412656051414
-89.3789378937893844 15.7464887520809640
-89.3589358935893614 49.7530174282144344
-89.3389338933893384 13.5944927925052994
-89.3189318931893155 -5.2702244919881025
-89.2989298929892925 44.1478952538556797
-89.2789278927892838 46.8988465446022786
-89.2589258925892608 47.4163984377299528
-89.2389238923892378 36.6363556553256871
-89.2189218921892149 29.1544372196726513
-89.1989198919891919 57.3781351680413110
-89.1789178917891832 84.4151158777191881
-89.1589158915891602 31.7496060235567050
-89.1389138913891372 66.4129766122132423
-89.1189118911891143 54.2917052441471384
-89.0989098909890913 65.7062607342403453
-89.0789078907890826 43.7091994403353183
-89.0589058905890596 47.0120033807130469
-89.0389038903890366 28.8234883580312804
-89.0189018901890137 53.7469936520299711
-88.9988998899889907 72.9871214493291234
-88.9788978897889820 48.1442789452151274
-88.9588958895889590 28.1362544106209818
-88.9388938893889360 44.7517120814800080
-88.9188918891889131 30.0904633517490652
-88.8988898889889043 79.5576220910886889
-88.8788878887888814 104.1259906086613825
-88.8588858885888584 26.3034334476128748
-88.8388838883888354 40.1205915078167834
-88.8188818881888125 60.7739596889905087
-88.7988798879888037 97.7338508798365240
-88.7788778877887808 19.6195371445564497
-88.7588758875887578 46.7431062244188880
-88.7388738873887348 80.8522157001174548
-88.7188718871887261 41.0979571260692040
-88.6988698869887031 49.5051903494983065
-88.6788678867886802 54.2943284937162431
-88.6588658865886572 60.6258707087692841
-88.6388638863886342 53.2589900811780126
-88.6188618861886255 73.6789527723926909
-88.5988598859886025 41.8625153734279110
-88.5788578857885796 68.9685713645283442
-88.5588558855885566 75.5791355825732154
-88.5388538853885336 46.6893789392281775
-88.5188518851885249 40.8863924500839886
-88.4988498849885019 58.0575626329335321
-88.4788478847884790 72.4253845190065988
-88.4588458845884560 68.3873257713825069
-88.4388438843884330 54.9893716585932282
-88.4188418841884243 25.5752326829350771
-88.3988398839884013 75.8902216850200375
-88.3788378837883783 55.0967606074130103
-88.3588358835883554 24.2260368395015284
-88.3388338833883324 54.7479154007994424
-88.3188318831883237 46.7401948997773999
-88.2988298829883007 28.7636979184306476
-88.2788278827882777 32.2302803317946456
-88.2588258825882548 47.6681862498560776
-88.2388238823882318 38.0358494769168800
-88.2188218821882231 46.7055207651192887
-88.1988198819882001 34.1301124232740420
-88.1788178817881771 38.3845940375747290
-88.1588158815881542 55.8957554265821557
-88.1388138813881312 65.5513812590601219
-88.1188118811881225 84.3545611609790456
-88.0988098809880995 30.4010642588770423
-88.0788078807880765 54.5574891361085648
-88.0588058805880536 64.0357480908636916
-88.0388038803880306 48.4230429120445649
-88.0188018801880219 20.6684482436121222
-87.9987998799879989 42.3718684353164150
-87.9787978797879759 51.6904735457791631
-87.9587958795879530 47.4349361932365952
-87.9387938793879442 40.7906399567516047
-87.9187918791879213 69.2535746546979425
-87.8987898789878983 46.0882612101147373
-87.8787878787878753 65.2340050104336910
-87.8587858785878524 35.4177398433998931
-87.8387838783878436 36.0521186363511248
-87.8187818781878207 67.2359962539823925
-87.7987798779877977 37.6138337949548998
-87.7787778777877747 54.5104407765054262
-87.7587758775877660 46.6489227709624217
-87.7387738773877430 82.7547190564324353
-87.7187718771877201 51.2107239224636146
-87.6987698769876971 52.9708662084924882
-87.6787678767876741 60.0256612262845408
-87.6587658765876654 17.5132554499702486
-87.6387638763876424 24.5691324941029556
-87.6187618761876195 68.1773402079291060
-87.5987598759875965 76.2107196573114294
-87.5787578757875735 88.6824579042494889
-87.5587558755875648 21.6555381513121823
-87.5387538753875418 22.0776732358508703
-87.5187518751875189 54.8176966771442622
-87.4987498749874959 47.7956846536249174
-87.4787478747874729 40.6285711641368010
-87.4587458745874642 56.9427455830517601
-87.4387438743874412 39.5854374266559859
-87.4187418741874183 57.4643613200647465
-87.3987398739873953 47.5906088026258658
-87.3787378737873723 24.5667627076918187
-87.3587358735873636 65.4754290269003434
-87.3387338733873406 36.6024314399853239
-87.3187318731873177 20.6843957480398934
-87.2987298729872947 24.3667864149063433
-87.2787278727872717 34.4256505948100937
-87.2587258725872630 46.5596774433350475
-87.2387238723872400 48.2144239784592870
-87.2187218721872171 50.8286478690501013
-87.1987198719871941 42.7420167604766448
-87.1787178717871711 87.3077390803828024
-87.1587158715871624 51.1936171040714356
-87.1387138713871394 -5.7200168699358329
-87.1187118711871165 27.7013255237391292
-87.0987098709870935 56.9247415056054678
-87.0787078707870705 2.3263949518860514
-87.0587058705870618 16.2962462210253420
-87.0387038703870388 39.3274090898578379
-87.0187018701870159 57.2612142932114807
-86.9986998699869929 55.8963286028036777
-86.9786978697869841 58.1027029829520956
-86.9586958695869612 40.9662626409830253
-86.9386938693869382 52.3032661229211442
-86.9186918691869153 57.6827698969730562
-86.8986898689868923 71.3142455818658902
-86.8786878687868835 36.8790748099464309
-86.8586858685868606 47.6634534307829085
-86.8386838683868376 48.0668167631946233
-86.8186818681868147 62.2659158036059637
-86.7986798679868059 65.2950714137726322
-86.7786778677867829 66.9344747070935284
-86.7586758675867600 48.3986175370774490
-86.7386738673867370 55.3748481453914749
-86.7186718671867141 74.8733626184484820
-86.6986698669867053 2.5297260196451958
-86.6786678667866823 48.9630660544629848
-86.6586658665866594 18.3868303370682149
-86.6386638663866364 30.8478651558570149
-86.6186618661866135 68.4269791208755578
-86.5986598659866047 32.1811319831660043
-86.5786578657865817 41.5255724725501238
-86.5586558655865588 73.8697278320557587
-86.5386538653865358 38.8075901468136308
-86.5186518651865129 38.8731920700236699
-86.4986498649865041 68.4139735237914124
-86.4786478647864811 51.6409686826506586
-86.4586458645864582 15.4143274594701651
-86.4386438643864352 26.4800576498235998
-86.4186418641864122 44.2490666760987921
-86.3986398639864035 33.3456887810687164
-86.3786378637863805 51.5244476102942883
-86.3586358635863576 45.7351620712628133
-86.3386338633863346 10.9686122607311134
-86.3186318631863116 90.9857185787670062
-86.2986298629863029 52.6233860841628172
-86.2786278627862799 -4.3353771084432466
-86.2586258625862570 39.2159041965007376
-86.2386238623862340 47.2458317292159933
-86.2186218621862110 39.2831372082874140
-86.1986198619862023 83.9796137994676997
-86.1786178617861793 26.4091273491636258
-86.1586158615861564 82.5862785835770410
-86.1386138613861334 75.8440154466050700
-86.1186118611861104 54.1325245801648833
-86.0986098609861017 13.6574924292118922
-86.0786078607860787 46.7353147788155283
-86.0586058605860558 24.0875381382409550
-86.0386038603860328 -1.9025163883572134
-86.0186018601860241 1.4800062795320770
-85.9985998599860011 61.8663210843776596
-85.9785978597859781 63.5125834008940942
-85.9585958595859552 28.8468492578812352
-85.9385938593859322 17.1954695931583821
-85.9185918591859235 42.7983302118373103
-85.8985898589859005 69.4310120760023750
-85.8785878587858775 58.8528436061694080
-85.8585858585858546 48.6379529082324780
-85.8385838583858458 54.2535621523063512
-85.8185818581858229 82.7261776480958417
-85.7985798579857999 41.5334460249804209
-85.7785778577857769 60.5348964724680343
-85.7585758575857540 29.8524072332412125
-85.7385738573857452 42.2207575168356612
-85.7185718571857223 14.6002840348940808
-85.6985698569856993 46.8302267016812195
-85.6785678567856763 15.3826147726153337
-85.6585658565856534 38.6904074592781484
-85.6385638563856446 17.3634634605829667
-85.6185618561856217 36.7680124428864161
-85.5985598559855987 25.7229932613379404
-85.5785578557855757 42.6306184159463939
-85.5585558555855528 65.7065369338220080
-85.5385538553855440 47.5746374242365846
-85.5185518551855210 58.6904304074465983
-85.4985498549854981 36.6010588719205145
-85.4785478547854751 76.9598545410769930
-85.4585458545854522 54.7068699878145921
-85.4385438543854434 1.3271718184310259
-85.4185418541854204 44.9271162401285764
-85.3985398539853975 16.7685370897561441
-85.3785378537853745 -0.7795573805727116
-85.3585358535853516 12.2136609933897837
-85.3385338533853428 63.3016329422251687
-85.3185318531853198 71.4361631907512447
-85.2985298529852969 48.2212346066244777
-85.2785278527852739 48.2042595712324484
-85.2585258525852510 55.0275424630617138
-85.2385238523852422 48.2425840683275666
-85.2185218521852192 61.7968791200692991
-85.1985198519851963 71.4897910654289035
-85.1785178517851733 59.8297013941927958
-85.1585158515851504 44.5692138329596901
-85.1385138513851416 47.6430320983157358
-85.1185118511851186 57.9500996121638394
-85.0985098509850957 30.4191249823106418
-85.0785078507850727 50.7742583659129565
-85.0585058505850640 55.1565753704331385
-85.0385038503850410 58.6923052300877401
-85.0185018501850180 25.8503814879012168
-84.9984998499849951 53.4813502699106778
-84.9784978497849721 41.7067165980042915
-84.9584958495849634 5.6107853133429515
-84.9384938493849404 41.1526669365805162
-84.9184918491849174 32.9826225963642656
-84.8984898489848945 61.9969132569936363
-84.8784878487848857 23.6387714247857232
-84.8584858485848628 19.9279798135724739
-84.8384838483848398 39.0542792610328675
-84.8184818481848168 25.1338401852616258
-84.7984798479847939 34.2251369629160109
-84.7784778477847851 22.5323408266225620
-84.7584758475847622 92.8563172439973243
-84.7384738473847392 56.0295475027451104
-84.7184718471847162 21.3443221447687215
-84.6984698469846933 55.3081800290857473
-84.6784678467846845 5.5705060362260568
-84.6584658465846616 48.2163369499053829
-84.6384638463846386 8.0602862577110557
-84.6184618461846156 47.5552787875130534
-84.5984598459845927 36.2187680659591393
-84.5784578457845839 -1.1454462823937561
-84.5584558455845610 30.2334940603457767
-84.5384538453845380 18.8671897269869717
-84.5184518451845150 66.2297698111870830
-84.4984498449844921 40.9840343907176958
-84.4784478447844833 51.4032734934190358
-84.4584458445844604 31.7061952249313492
-84.4384438443844374 45.3826469234151091
-84.4184418441844144 41.5410006972400865
-84.3984398439843915 30.0430631992496870
-84.3784378437843827 15.8681333639937598
-84.3584358435843598 39.7011363178183316
-84.3384338433843368 63.2326018961184531
-84.3184318431843138 26.3255129570915578
-84.2984298429842909 5.4212261915315949
-84.2784278427842821 30.6024582374344405
-84.2584258425842592 10.0420286328231363
-84.2384238423842362 23.8010453639531185
-84.2184218421842132 56.8837602299617942
-84.1984198419841903 30.1561692115674731
-84.1784178417841815 57.1601989334589788
-84.1584158415841586 52.8587952340429439
-84.1384138413841356 3.6317972211173597
-84.1184118411841126 44.7900112985587455
-84.0984098409840897 -3.9403041217053811
-84.0784078407840809 46.8771639203035804
-84.0584058405840580 60.5780973401491636
-84.0384038403840350 51.1951028136862618
-84.0184018401840120 10.2520312343719517
-83.9983998399839891 18.7878688480526677
-83.9783978397839803 -13.1542096623769922
-83.9583958395839574 39.0156081320564780
-83.9383938393839344 14.2529162821653657
-83.9183918391839256 25.0878652062165273
-83.8983898389839027 35.2355323858191625
-83.8783878387838797 49.6372256860619672
-83.8583858385838568 40.9120471022555563
-83.8383838383838338 14.7701691634923122
-83.8183818381838250 19.3253999566037606
-83.7983798379838021 56.0500221489694113
-83.7783778377837791 20.7059050933031159
-83.7583758375837562 27.8688586690914057
-83.7383738373837332 53.6476481972141883
-83.7183718371837244 9.1358154585888798
-83.6983698369837015 61.6893028544314461
-83.6783678367836785 49.6664063739000454
-83.6583658365836556 -0.2394274714130802
-83.6383638363836326 53.2045718936144993
-83.6183618361836238 36.0719040768110801
-83.5983598359836009 61.9958072479670221
-83.5783578357835779 48.0818465520443041
-83.5583558355835549 35.9525027792734946
-83.5383538353835320 48.4660989820883472
-83.5183518351835232 39.2594564592107531
-83.4983498349835003 11.0886757642665437
-83.4783478347834773 16.3658208045255336
-83.4583458345834543 13.4188292192202958
-83.4383438343834314 64.4624528566561423
-83.4183418341834226 29.0076029164723082
-83.3983398339833997 42.4965399131731232
-83.3783378337833767 59.9892780912458576
-83.3583358335833537 30.9390189171669547
-83.3383338333833308 42.7819330400539712
-83.3183318331833220 46.0982202901670064
-83.2983298329832991 36.8402523468967047
-83.2783278327832761 39.3767419601927031
-83.2583258325832531 18.6524648723462505
-83.2383238323832302 29.1254400459368199
-83.2183218321832214 -17.7281706566143029
-83.1983198319831985 39.7721075118864533
-83.1783178317831755 6.6946984793168518
-83.1583158315831525 56.9318526636600382
-83.1383138313831296 18.7957100251004334
-83.1183118311831208 32.7470853934260333
-83.0983098309830979 25.3128714884525579
-83.0783078307830749 11.3277985437594282
-83.0583058305830662 54.1210972347058998
-83.0383038303830290 56.4301185072731357
-83.0183018301830202 24.9255460303592500
-82.9982998299829973 23.2592569864512484
-82.9782978297829743 46.9145179963725951
-82.9582958295829656 47.0340908721806272
-82.9382938293829426 23.4634500753371782
-82.9182918291829196 61.5333696554410068
-82.8982898289828967 51.3722696817927584
-82.8782878287828737 -11.6272493993524613
-82.8582858285828650 29.6608141802458825
-82.8382838283828420 11.0758536875957034
-82.8182818281828190 61.1443367176458850
-82.7982798279827961 76.9575680333886112
-82.7782778277827731 44.0630824949848900
-82.7582758275827644 -0.5622911245160935
-82.7382738273827414 38.7702159599391578
-82.7182718271827184 19.4046374964112971
-82.6982698269826955 31.7041838519381542
-82.6782678267826725 62.2236729716828734
-82.6582658265826637 4.6264450540803672
-82.6382638263826408 -27.8313468117057852
-82.6182618261826178 47.5740477116371210
-82.5982598259825949 52.2471553857091493
-82.5782578257825719 13.5873955195397826
-82.5582558255825631 16.1646451884256876
-82.5382538253825402 33.1356863159908244
-82.5182518251825172 59.6970300441467714
-82.4982498249824943 -0.6197897137429074
-82.4782478247824713 25.0354034405648953
-82.4582458245824625 52.3167405877161116
-82.4382438243824396 19.2530393730397549
-82.4182418241824166 28.3925758964776875
-82.3982398239823937 14.4295696715087498
-82.3782378237823707 32.5962498698920697
-82.3582358235823619 61.0610564734137498
-82.3382338233823390 7.8559613571547011
-82.3182318231823160 42.6902203156641491
-82.2982298229822931 32.5172700553829515
-82.2782278227822701 21.3784586676811372
-82.2582258225822613 20.6881326399842003
-82.2382238223822384 26.1451062937520859
-82.2182218221822154 8.6058506188858175
-82.1982198219821925 32.5211893218911072
-82.1782178217821695 36.6516331068318095
-82.1582158215821607 46.2408817267098584
-82.1382138213821378 27.3999730655016300
-82.1182118211821148 4.4824448362234612
-82.0982098209821061 47.8725620134531624
-82.0782078207820689 9.9572359214926536
-82.0582058205820601 28.0762714655411081
-82.0382038203820372 28.8426958471031512
-82.0182018201820142 25.2518682277844881
-81.9981998199820055 42.6373282073320041
-81.9781978197819825 -0.9842180487248093
-81.9581958195819595 70.4985623034804405
-81.9381938193819366 46.0652657400802212
-81.9181918191819136 27.1325774164870523
-81.8981898189819049 15.9184444758865844
-81.8781878187818819 23.3285773905264264
-81.8581858185818589 20.8995783309677350
-81.8381838183818360 25.5520856613532175
-81.8181818181818130 23.6742463844240270
-81.7981798179818043 -1.3297535117020622
-81.7781778177817813 13.7158800678799793
-81.7581758175817583 49.6489428871273191
-81.7381738173817354 48.2307663951891925
-81.7181718171817124 34.6999130664688380
-81.6981698169817037 25.8676432187084551
-81.6781678167816807 36.3729151517154534
-81.6581658165816577 2.1486261176053389
-81.6381638163816348 37.6285356679296328
-81.6181618161816118 80.9481883511542861
-81.5981598159816031 14.2699835125858687
-81.5781578157815801 0.3871433731210914
-81.5581558155815571 38.0598894017607563
-81.5381538153815342 56.1266592799272672
-81.5181518151815112 -6.9215392968892147
-81.4981498149815025 37.4247035785572137
-81.4781478147814795 51.0438606633002792
-81.4581458145814565 29.8617173908367803
-81.4381438143814336 -7.0769670928903281
-81.4181418141814106 -14.7952173193446264
-81.3981398139814019 33.1369394733164597
-81.3781378137813789 28.1391823111626742
-81.3581358135813559 18.7555159340709601
-81.3381338133813330 34.2751202171205875
-81.3181318131813100 21.9900408128795704
-81.2981298129813013 20.3038964640368391
-81.2781278127812783 62.9573983064101554
-81.2581258125812553 27.1563690222563245
-81.2381238123812324 58.2528186785413311
-81.2181218121812094 14.9221501052382592
-81.1981198119812007 28.6022407493004636
-81.1781178117811777 47.7370187493712876
-81.1581158115811547 12.7551718805291383
-81.1381138113811460 26.8995075656539271
-81.1181118111811088 13.3414399020825591
-81.0981098109811001 17.8898780434825184
-81.0781078107810771 56.7423243778631701
-81.0581058105810541 55.2940452311444375
-81.0381038103810454 52.4437325219929065
-81.0181018101810224 -9.4980712926826598
-80.9980998099809995 23.1526675194535159
-80.9780978097809765 44.4072279537827086
-80.9580958095809535 53.8502580339985428
-80.9380938093809448 41.0677478300131611
-80.9180918091809218 8.3049542714406908
-80.8980898089808989 61.3480236939737580
-80.8780878087808759 66.9495408277613819
-80.8580858085808529 -20.0032527608305841
-80.8380838083808442 16.4870438228539946
-80.8180818081808212 55.0237286023171563
-80.7980798079807983 18.2367443643392413
-80.7780778077807753 4.9449544192188384
-80.7580758075807523 26.3787736198068927
-80.7380738073807436 33.9853590627305664
-80.7180718071807206 3.8860005552063370
-80.6980698069806976 7.0029236299094944
-80.6780678067806747 28.5414614420661366
-80.6580658065806517 56.7323965690094241
-80.6380638063806430 1.9979030753301075
-80.6180618061806200 17.9962826694700766
-80.5980598059805970 61.8237278520864990
-80.5780578057805741 56.9559949448703833
-80.5580558055805511 22.1477066976090100
-80.5380538053805424 52.6191383243589001
-80.5180518051805194 -1.9517537443332067
-80.4980498049804964 18.4523181338115734
-80.4780478047804735 29.8145810691525242
-80.4580458045804505 26.6210736063185038
-80.4380438043804418 8.3849677464859322
-80.4180418041804188 -15.4733412391783318
-80.3980398039803958 3.8012811346559765
-80.3780378037803729 40.0363490935294664
-80.3580358035803499 8.0685846645087302
-80.3380338033803412 38.2844830346899272
-80.3180318031803182 22.7801510556357982
-80.2980298029802952 -0.0091201535046075
-80.2780278027802723 -4.4558217014136616
-80.2580258025802493 25.1625617286526122
-80.2380238023802406 -27.9504462935851627
-80.2180218021802176 -13.8051162213378120
-80.1980198019801946 22.3349059648878772
-80.1780178017801859 25.1392817587644686
-80.1580158015801487 13.8803257574902972
-80.1380138013801400 10.4087854784300333
-80.1180118011801170 23.9618176400143099
-80.0980098009800940 13.0866889718979031
-80.0780078007800853 -9.6545431373233548
-80.0580058005800623 12.0985677924741140
-80.0380038003800394 24.7735704631371867
-80.0180018001800164 -4.1116592403323331
-79.9979997999799934 44.5005172215027827
-79.9779977997799847 61.0162838205452971
-79.9579957995799617 11.2564484207447055
-79.9379937993799388 31.5570431257816182
-79.9179917991799158 5.9650797929359420
-79.8979897989798928 45.2860677341629270
-79.8779877987798841 34.8783782246716925
-79.8579857985798611 39.2829647340437802
-79.8379837983798382 16.3860988343917562
-79.8179817981798152 -27.4570451356604330
-79.7979797979797922 2.2224863324679163
-79.7779777977797835 24.8970657094695866
-79.7579757975797605 33.0470541526303876
-79.7379737973797376 22.4571705113419213
-79.7179717971797146 37.5926915945175608
-79.6979697969796916 44.0853138394063322
-79.6779677967796829 10.4517422901473580
-79.6579657965796599 -15.8655951542112632
-79.6379637963796370 30.0520243818794697
-79.6179617961796140 7.7915319387490989
-79.5979597959795910 10.2842814553969237
-79.5779577957795823 27.3821253337052042
-79.5579557955795593 5.1174428779739358
-79.5379537953795364 1.3721695771641542
-79.5179517951795134 28.5265632908903051
-79.4979497949794904 14.5120038658722574
-79.4779477947794817 45.4784831822961166
-79.4579457945794587 34.3411525286999151
-79.4379437943794358 35.9122347393763164
-79.4179417941794128 48.1517017048192315
-79.3979397939793898 21.0795086681550359
-79.3779377937793811 33.2888711114902520
-79.3579357935793581 8.8147222195581953
-79.3379337933793352 -8.9273561120266720
-79.3179317931793122 6.4593521678397741
-79.2979297929792892 14.5106134100214241
-79.2779277927792805 14.2524051306895156
-79.2579257925792575 21.5897342170835245
-79.2379237923792346 4.0950105823176344
-79.2179217921792116 -36.7433902042635196
-79.1979197919791886 7.0638727989243195
-79.1779177917791799 -33.7599936195846198
-79.1579157915791569 47.3512097817100042
-79.1379137913791340 3.2138230570572013
-79.1179117911791252 -7.5993393783005558
-79.0979097909790880 16.2517127110816659
-79.0779077907790793 24.7686038122765666
-79.0579057905790563 -38.9142783712115659
-79.0379037903790334 4.0385182339204420
-79.0179017901790246 -8.8076427404854396
-78.9978997899790016 25.6495828537259456
-78.9778977897789787 -3.8623343303917661
-78.9578957895789557 9.3374250637491905
-78.9378937893789328 20.7279950797689949
-78.9178917891789240 12.0015245098222980
-78.8978897889789010 4.6736525470237016
-78.8778877887788781 -23.5891964321556102
-78.8578857885788551 -11.3821024934113542
-78.8378837883788322 -7.8665751124422219
-78.8178817881788234 34.4819962139453651
-78.7978797879788004 -54.3155497769669040
-78.7778777877787775 -3.0407924134919231
-78.7578757875787545 17.8382929205820346
-78.7378737873787315 -2.9694008530857481
-78.7178717871787228 -32.2745988930028318
-78.6978697869786998 5.2133609773347311
-78.6778677867786769 37.5534549448690456
-78.6578657865786539 11.3372154072776556
-78.6378637863786309 -1.3370433233502617
-78.6178617861786222 -21.0266045049431085
-78.5978597859785992 -1.6878495317907340
-78.5778577857785763 -0.4607724521015211
-78.5578557855785533 -0.5828518946097638
-78.5378537853785303 33.4869685099994285
-78.5178517851785216 24.6196693045883954
-78.4978497849784986 10.7782555041474737
-78.4778477847784757 13.9625234882166360
-78.4578457845784527 -15.7194079643011726
-78.4378437843784297 -15.4112319267357734
-78.4178417841784210 6.4300651541483926
-78.3978397839783980 13.3693659430832028
-78.3778377837783751 18.8661930772958044
-78.3578357835783521 3.9784232470323353
-78.3378337833783291 -28.1180182125817808
-78.3178317831783204 -22.1857955138865748
-78.2978297829782974 23.8825735210907908
-78.2778277827782745 10.7534767862276350
-78.2578257825782515 32.9974905103841678
-78.2378237823782285 -14.4082918874928136
-78.2178217821782198 34.3016209148166382
-78.1978197819781968 18.8729417422262244
-78.1778177817781739 7.5065495694620861
-78.1578157815781651 -11.4538642598945284
-78.1378137813781279 -9.1968576496987247
-78.1178117811781192 22.2013248502217877
-78.0978097809780962 16.0825000644509402
-78.0778077807780733 -81.6322333376212725
-78.0578057805780645 -10.0397901206559084
-78.0378037803780416 9.7665357231722076
-78.0178017801780186 -12.5575411203404421
-77.9977997799779956 3.6299586365630407
-77.9777977797779727 37.5487286359897539
-77.9577957795779639 -13.9516370100596170
-77.9377937793779410 -14.1655738157922375
-77.9177917791779180 -24.7113246433179832
-77.8977897789778950 -28.8027679844067599
-77.8777877787778721 16.1790420238487016
-77.8577857785778633 9.0231511626018488
-77.8377837783778403 -18.0169830443671835
-77.8177817781778174 50.3290084590380218
-77.7977797779777944 2.7070399118927710
-77.7777777777777715 9.1473061486299105
-77.7577757775777627 24.7775082152593100
-77.7377737773777397 25.4723943955520653
-77.7177717771777168 43.3269371556325495
-77.6977697769776938 0.5088115088711183
-77.6777677767776709 -16.4542568241860963
-77.6577657765776621 6.7145522560244890
-77.6377637763776391 -22.7563071870990505
-77.6177617761776162 -9.4417827273828969
-77.5977597759775932 21.6055572232873629
-77.5777577757775703 16.8622473745567660
-77.5577557755775615 -23.7574100276390467
-77.5377537753775385 8.5903143472458598
-77.5177517751775156 -10.4810151697581944
-77.4977497749774926 -17.9024812688782262
-77.4777477747774697 9.3318695492038870
-77.4577457745774609 -38.6845576005891658
-77.4377437743774379 -7.1505074564584570
-77.4177417741774150 27.9005187747212169
-77.3977397739773920 9.9491186177283808
-77.3777377737773691 1.6496333330089179
-77.3577357735773603 -11.4179633904615656
-77.3377337733773373 1.4656246785798164
-77.3177317731773144 -1.3437075978916564
-77.2977297729772914 52.1342109470166619
-77.2777277727772685 -6.9935200176354639
-77.2577257725772597 50.0837745290291920
-77.2377237723772367 -25.2110019387278470
-77.2177217721772138 9.5993836988283299
-77.1977197719772050 34.2945498187042972
-77.1777177717771679 3.8271256127423090
-77.1577157715771591 58.4253163133927274
-77.1377137713771361 57.7930738137758979
-77.1177117711771132 4.8270312220940559
-77.0977097709771044 -8.7518071323346813
-77.0777077707770815 3.0435681807903485
-77.0577057705770585 -12.7252486152590620
-77.0377037703770355 3.5746520096602632
-77.0177017701770126 -4.0150614910273283
-76.9976997699770038 29.6922894344067352
-76.9776977697769809 -45.9818659765280842
-76.9576957695769579 19.8069463238248709
-76.9376937693769349 9.4212612563285560
-76.9176917691769120 21.2027598993436897
-76.8976897689769032 3.2942990793705933
-76.8776877687768803 -18.9106094134890697
-76.8576857685768573 0.9770858900295352
-76.8376837683768343 18.2490151683075936
-76.8176817681768114 10.0958187220282607
-76.7976797679768026 1.8799570965454913
-76.7776777677767797 22.0909946838634319
-76.7576757675767567 -1.8106381244230447
-76.7376737673767337 25.4953627143355135
-76.7176717671767108 10.3995424946740407
-76.6976697669767020 -5.3982734301277189
-76.6776677667766791 -18.1237975506836158
-76.6576657665766561 -7.5094959084270494
-76.6376637663766331 -8.4723172120167565
-76.6176617661766102 -9.8313412558978186
-76.5976597659766014 -18.9425477872070260
-76.5776577657765785 8.2518502127738529
-76.5576557655765555 5.5598095411256150
-76.5376537653765325 -49.0803770722168622
-76.5176517651765096 14.0010896610470432
-76.4976497649765008 -31.2162296989817172
-76.4776477647764779 7.9572104155041119
-76.4576457645764549 18.8686988174513033
-76.4376437643764319 -4.8088250067624276
-76.4176417641764090 -10.7393948802138137
-76.3976397639764002 -12.1996735144443029
-76.3776377637763773 -15.2150298857899973
-76.3576357635763543 -12.4848525289488634
-76.3376337633763313 -12.5658034761952830
-76.3176317631763084 -3.5078042954013617
-76.2976297629762996 -30.1569366352027508
-76.2776277627762767 9.0908772311039492
-76.2576257625762537 -24.9002155907852796
-76.2376237623762449 -16.5242529453278948
-76.2176217621762078 7.2455985767949604
-76.1976197619761990 5.7707996161071780
-76.1776177617761761 34.0219623430819667
-76.1576157615761531 41.7424917833676687
-76.1376137613761443 -5.7306216895773581
-76.1176117611761214 14.6562176992533200
-76.0976097609760984 34.9441634750903418
-76.0776077607760755 7.1963581503581739
-76.0576057605760525 47.6863074862534830
-76.0376037603760437 8.5784948976068129
-76.0176017601760208 -51.7848102952091907
-75.9975997599759978 -39.4716635863664678
-75.9775977597759749 13.0881022661275868
-75.9575957595759519 10.9393292427353206
-75.9375937593759431 3.8733810879985793
-75.9175917591759202 -9.6775300629335668
-75.8975897589758972 -1.8041826572051622
-75.8775877587758742 -16.8835005720575921
-75.8575857585758513 1.0915873101123648
-75.8375837583758425 4.7552755202066379
-75.8175817581758196 5.0321836538507769
-75.7975797579757966 5.2337267380806765
-75.7775777577757736 -34.7777451273930254
-75.7575757575757507 4.1709067794961996
-75.7375737573757419 -17.4827790863934283
-75.7175717571757190 -4.2437227854556738
-75.6975697569756960 22.2745620836735370
-75.6775677567756730 5.8224724425108914
-75.6575657565756501 -13.7898192178062011
-75.6375637563756413 -29.1900165099452877
-75.6175617561756184 -24.4803591136434378
-75.5975597559755954 10.6551564702015700
-75.5775577557755724 -15.6495651417064821
-75.5575557555755495 8.1949841385377837
-75.5375537553755407 -0.1166375665168262
-75.5175517551755178 -34.5319258703965133
-75.4975497549754948 -27.2764404598859969
-75.4775477547754718 -51.6588244188524399
-75.4575457545754489 -36.2348125724842660
-75.4375437543754401 -47.7515080096080737
-75.4175417541754172 15.5309974102521089
-75.3975397539753942 1.3989974234645710
-75.3775377537753712 -33.2299584390837239
-75.3575357535753483 -22.5118728318247285
-75.3375337533753395 52.6355208565582515
-75.3175317531753166 -30.0765101467679585
-75.2975297529752936 -9.9322788859749132
-75.2775277527752849 -25.3201915912457274
-75.2575257525752477 -17.4242271760797891
-75.2375237523752389 -51.8637827403056164
-75.2175217521752160 -6.1113201089339428
-75.1975197519751930 -0.9450111318778824
-75.1775177517751843 30.3410218673033185
-75.1575157515751613 16.7418833543424128
-75.1375137513751383 -5.2035571808254897
-75.1175117511751154 -10.5890911932188594
-75.0975097509750924 -11.7878939521028041
-75.0775077507750837 2.4313717008578184
-75.0575057505750607 4.1832996519089392
-75.0375037503750377 -1.6014937798099500
-75.0175017501750148 -3.4961642689246464
-74.9974997499749918 8.2980199077722645
-74.9774977497749830 -21.0238680411211547
-74.9574957495749601 20.0865595015090328
-74.9374937493749371 -5.6509880237913466
-74.9174917491749142 6.2898267484709711
-74.8974897489748912 -10.9213213544563725
-74.8774877487748824 2.3124038626894388
-74.8574857485748595 -14.5786777182332727
-74.8374837483748365 0.2928279821021826
-74.8174817481748136 -8.0218885523816823
-74.7974797479747906 29.0788928020040842
-74.7774777477747818 -1.6029347483747669
-74.7574757475747589 -10.3567412195321147
-74.7374737473747359 11.4417249255006830
-74.7174717471747130 -40.8968282478928415
-74.6974697469746900 3.3430246317170287
-74.6774677467746812 -21.7073148038488526
-74.6574657465746583 7.2901093661234837
-74.6374637463746353 2.1067892382914319
-74.6174617461746124 -74.1191531695482553
-74.5974597459745894 13.5205747315494200
-74.5774577457745806 2.1388942167538847
-74.5574557455745577 8.4667046654551115
-74.5374537453745347 6.2489978761593994
-74.5174517451745118 3.5593241813150049
-74.4974497449744888 -12.0441029325093645
-74.4774477447744800 9.9904303719141758
-74.4574457445744571 31.0512277993248986
-74.4374437443744341 -3.1803838180908635
-74.4174417441744112 -10.3671367270355308
-74.3974397439743882 -15.5072734956402059
-74.3774377437743794 -25.3299805606692132
-74.3574357435743565 -44.1767545766785332
-74.3374337433743335 -27.0221856263211180
-74.3174317431743248 -43.7475886853922660
-74.2974297429742876 29.8485575260229368
-74.2774277427742788 3.5126428356993848
-74.2574257425742559 -12.5946078769739707
-74.2374237423742329 -0.6490130387003950
-74.2174217421742242 -59.3157795867325603
-74.1974197419742012 -9.5540308384771233
-74.1774177417741782 -16.3435378599511623
-74.1574157415741553 5.9661628213267761
-74.1374137413741323 16.5044024736988248
-74.1174117411741236 12.3914170489408839
-74.0974097409741006 -46.4421748643552519
-74.0774077407740776 12.4627829299627297
-74.0574057405740547 -9.5827642383116167
-74.0374037403740317 -22.1907055511342612
-74.0174017401740230 34.1777096291746645
-73.9973997399740000 8.9118358210673634
-73.9773977397739770 -18.6890693407273929
-73.9573957395739541 -34.9772451996365561
-73.9373937393739311 -21.7750042466652403
-73.9173917391739224 -33.1908747665941348
-73.8973897389738994 -12.4204338133382173
-73.8773877387738764 13.1011489953499822
-73.8573857385738535 -8.5959802967211765
-73.8373837383738305 -31.7432232619801979
-73.8173817381738218 1.2669272438609287
-73.7973797379737988 -13.0898409046277688
-73.7773777377737758 -14.5126093334433719
-73.7573757375737529 -33.1794740399461077
-73.7373737373737299 -32.5553697707976966
-73.7173717371737212 -18.7624701922685944
-73.6973697369736982 -10.3382215663072188
-73.6773677367736752 17.6718220522768945
-73.6573657365736523 0.2182747042283726
-73.6373637363736293 -22.4163801851430406
-73.6173617361736206 1.1905753292879062
-73.5973597359735976 -43.3267145407765497
-73.5773577357735746 25.6578531476278684
-73.5573557355735517 -14.2008471605165845
-73.5373537353735287 -3.6377068382355908
-73.5173517351735200 -26.8562218029663704
-73.4973497349734970 -20.8926666019609968
-73.4773477347734740 -23.8449472768702577
-73.4573457345734511 -25.4112462723837993
-73.4373437343734281 -40.0025683513922203
-73.4173417341734194 -0.8379469974131109
-73.3973397339733964 -18.0447965901518046
-73.3773377337733734 36.7560427853370584
-73.3573357335733647 7.9626690815603798
-73.3373337333733275 3.8426375454937141
-73.3173317331733188 -14.4541577762323854
-73.2973297329732958 -20.9326730029140258
-73.2773277327732728 19.1426851173182797
-73.2573257325732641 5.9044498907914971
-73.2373237323732411 -50.1966892845968999
-73.2173217321732182 -13.9543810207123293
-73.1973197319731952 -8.4533854033938454
-73.1773177317731722 -55.4188790060724727
-73.1573157315731635 -24.6653335174891311
-73.1373137313731405 -46.0512679908993050
-73.1173117311731176 19.3641744263857447
-73.0973097309730946 6.1744673599217528
-73.0773077307730716 23.6445570375664715
-73.0573057305730629 -7.7027853982398842
-73.0373037303730399 -49.3466425959874613
-73.0173017301730169 -20.1123275120511877
-72.9972997299729940 31.6125798618685252
-72.9772977297729710 2.4646782871838493
-72.9572957295729623 -56.2298259079013150
-72.9372937293729393 -1.8597694985986948
-72.9172917291729163 -10.4489457395483907
-72.8972897289728934 -2.0111937418936776
-72.8772877287728704 -44.3458351152467642
-72.8572857285728617 -9.3960380043074423
-72.8372837283728387 31.1027884234785397
-72.8172817281728157 -43.9056269073187337
-72.7972797279727928 1.0169432426183427
-72.7772777277727698 -4.0774363176315997
-72.7572757275727611 -47.7115631706645331
-72.7372737273727381 28.3146991690345331
-72.7172717271727151 6.6366521002900871
-72.6972697269726922 -3.2899426177425539
-72.6772677267726692 -38.7494868862445543
-72.6572657265726605 -64.9574033255286167
-72.6372637263726375 34.0412166658712110
-72.6172617261726145 3.9513815076633989
-72.5972597259725916 -49.2005217705005222
-72.5772577257725686 -17.4273546175384162
-72.5572557255725599 -2.6197086314651319
-72.5372537253725369 -31.7085527618546479
-72.5172517251725139 -9.3552498550561243
-72.4972497249724910 58.5183903370220975
-72.4772477247724680 -27.1762802724650676
-72.4572457245724593 -10.3094898830533808
-72.4372437243724363 4.1014915682989219
-72.4172417241724133 -40.3293253214593932
-72.3972397239724046 -17.2186364918036183
-72.3772377237723674 -8.9443608653179005
-72.3572357235723587 -5.4777851478501063
-72.3372337233723357 -40.6111878470676544
-72.3172317231723127 -33.2951959886620941
-72.2972297229723040 -8.5993372233323324
-72.2772277227722810 -21.2953697708297582
-72.2572257225722581 -26.0670004049431014
-72.2372237223722351 -7.1109538433276516
-72.2172217221722121 -13.5851594081998091
-72.1972197219722034 -17.3220243003582084
-72.1772177217721804 -19.2915433200158368
-72.1572157215721575 -6.4140997199849634
-72.1372137213721345 14.1717592811894839
-72.1172117211721115 -8.2918411059149690
-72.0972097209721028 -0.5768724834861327
-72.0772077207720798 5.7899635460455112
-72.0572057205720569 -44.6484837757098205
-72.0372037203720339 -13.9299456634824832
-72.0172017201720109 35.6698982497139809
-71.9971997199720022 -22.1501105962388927
-71.9771977197719792 3.4263141695567487
-71.9571957195719563 -31.1664842358708185
-71.9371937193719333 1.9162758094459864
-71.9171917191719103 -4.7245236720517774
-71.8971897189719016 -15.9720910135123972
-71.8771877187718786 6.0847160776713078
-71.8571857185718557 18.1661645079894285
-71.8371837183718327 0.7064898468665035
-71.8171817181718097 -5.2199997048001041
-71.7971797179718010 -0.1739651030422174
-71.7771777177717780 -26.4707518268434399
-71.7571757175717551 9.9768141624736515
-71.7371737173717321 -13.7301273115092854
-71.7171717171717091 33.5127240347400601
-71.6971697169717004 -17.8967042948604806
-71.6771677167716774 -14.9592676442435959
-71.6571657165716545 -64.7400127045719671
-71.6371637163716315 -16.8200866434082741
-71.6171617161716085 -21.5297695773248066
-71.5971597159715998 13.5020055315972645
-71.5771577157715768 -14.1896759498638101
-71.5571557155715539 -36.7498751793372094
-71.5371537153715309 30.9913792106470574
-71.5171517151715079 16.3033966281568148
-71.4971497149714992 -12.9218120485417547
-71.4771477147714762 -7.3781080653523023
-71.4571457145714533 -11.8151201000686790
-71.4371437143714445 9.2758233238700978
-71.4171417141714073 -30.7484599197536355
-71.3971397139713986 -0.2171019457281940
-71.3771377137713756 -26.5505961619282544
-71.3571357135713527 -35.3634526063517924
-71.3371337133713439 9.0745610734858406
-71.3171317131713209 18.6918084814677137
-71.2971297129712980 -32.8975214798093702
-71.2771277127712750 3.5111421843064932
-71.2571257125712521 -12.1734660306069635
-71.2371237123712433 -24.4332662540137022
-71.2171217121712203 21.7645355009943273
-71.1971197119711974 -44.9390913465976638
-71.1771177117711744 -31.7498914091337525
-71.1571157115711515 23.9585163443228488
-71.1371137113711427 -11.8164294299365125
-71.1171117111711197 16.4089640100426983
-71.0971097109710968 -9.5706918879367553
-71.0771077107710738 -44.8771686188298560
-71.0571057105710508 9.9754814181256037
-71.0371037103710421 -11.6014903862617835
-71.0171017101710191 -3.2485404243163156
-70.9970997099709962 -26.0020377635305735
-70.9770977097709732 -41.1966713144589392
-70.9570957095709502 -18.1226106205513204
-70.9370937093709415 0.7935098247747732
-70.9170917091709185 -37.8078100716391532
-70.8970897089708956 -19.4656476176380977
-70.8770877087708726 -22.8695941135684144
-70.8570857085708496 -19.9283985512011590
-70.8370837083708409 -19.4147752452889684
-70.8170817081708179 -24.4956465026863270
-70.7970797079707950 -20.2999707874123878
-70.7770777077707720 -8.3793578576639227
-70.7570757075707490 10.0201608139710459
-70.7370737073707403 -36.4769029137163727
-70.7170717071707173 5.4031597603267443
-70.6970697069706944 -29.4408345495166550
-70.6770677067706714 -14.3593950713195344
-70.6570657065706484 -66.1973889690598725
-70.6370637063706397 -0.8857316872824903
-70.6170617061706167 10.6616932447536392
-70.5970597059705938 -16.1448954309296262
-70.5770577057705708 6.1001951383191333
-70.5570557055705478 15.2670136845003164
-70.5370537053705391 -6.1326763374339546
-70.5170517051705161 -18.0982689987531984
-70.4970497049704932 -23.9268471156806513
-70.4770477047704844 -38.6944483233962231
-70.4570457045704472 13.4405503756428288
-70.4370437043704385 14.8624507998574806
-70.4170417041704155 16.4968023597302071
-70.3970397039703926 -18.1422929549346144
-70.3770377037703838 -33.3925416478146246
-70.3570357035703609 -14.7659966076038121
-70.3370337033703379 -29.8780683246436354
-70.3170317031703149 -20.2709546912708696
-70.2970297029702920 -78.6378168518783980
-70.2770277027702832 -37.0078786755724636
-70.2570257025702603 -36.4977203584012244
-70.2370237023702373 13.8833159219090128
-70.2170217021702143 -20.3564331597697361
-70.1970197019701914 1.2519310195253581
-70.1770177017701826 -17.6197418485795048
-70.1570157015701596 -12.7768993824963353
-70.1370137013701367 -16.9447908022483489
-70.1170117011701137 -4.2469161053403006
-70.0970097009700908 -36.1244476701839119
-70.0770077007700820 -16.1196715236726220
-70.0570057005700590 -17.2343656461906960
-70.0370037003700361 -8.2501325303484130
-70.0170017001700131 -24.5285496805334695
-69.9969996999699902 -16.2079271335597284
-69.9769976997699814 -44.1798766007121060
-69.9569956995699584 -46.8387396885753731
-69.9369936993699355 -23.6754263251878392
-69.9169916991699125 -3.7840714631869918
-69.8969896989698896 -18.9511611122817136
-69.8769876987698808 -17.5348870574051183
-69.8569856985698578 -36.0019916319754216
-69.8369836983698349 -16.2308280179315574
-69.8169816981698119 -18.8925485322179547
-69.7969796979697890 -13.3703493222107710
-69.7769776977697802 -31.6626196696426874
-69.7569756975697572 -4.3879209057690503
-69.7369736973697343 44.4216269321043455
-69.7169716971697113 -12.9967291205182285
-69.6969696969696884 16.2822077186961955
-69.6769676967696796 -31.8405858358225586
-69.6569656965696566 -5.3333392768581316
-69.6369636963696337 -7.4796380243029699
-69.6169616961696107 -0.4779763322142827
-69.5969596959695878 -21.3381924705058417
-69.5769576957695790 -27.8816422126133219
-69.5569556955695560 -49.6674281897757197
-69.5369536953695331 -27.7531928471109808
-69.5169516951695243 21.3386636301299433
-69.4969496949694872 -26.0525655229290223
-69.4769476947694784 -28.3069286069206427
-69.4569456945694554 -43.4186181201462489
-69.4369436943694325 -39.8581526483415942
-69.4169416941694237 -41.1684704638950620
-69.3969396939694008 -10.8861698437529846
-69.3769376937693778 4.9884467755716244
-69.3569356935693548 16.8193919886172409
-69.3369336933693319 -34.8122678334218705
-69.3169316931693231 -33.1541339316456174
-69.2969296929693002 -13.6644157374912254
-69.2769276927692772 -20.8895050170446837
-69.2569256925692542 -9.9188119255528644
-69.2369236923692313 -28.6128237398153615
-69.2169216921692225 -18.7841122643202567
-69.1969196919691996 -17.6432682899958131
-69.1769176917691766 -51.6904432718525300
-69.1569156915691536 -6.9396908070193994
-69.1369136913691307 -28.0706518767648099
-69.1169116911691219 17.9011785221029598
-69.0969096909690990 -1.8796396598393841
-69.0769076907690760 -63.4404600912916408
-69.0569056905690530 -11.2648456515199484
-69.0369036903690301 7.1655724975105635
-69.0169016901690213 -16.0657463014277511
-68.9968996899689984 -49.3130175095270005
-68.9768976897689754 -12.0275565793230932
-68.9568956895689524 -44.4553345735954508
-68.9368936893689295 -10.0531401688429227
-68.9168916891689207 -15.2468587175914561
-68.8968896889688978 -32.3744603887705793
-68.8768876887688748 -15.8286005499819051
-68.8568856885688518 -22.9199490858089483
-68.8368836883688289 -13.3021253780361448
-68.8168816881688201 -2.2131753104144316
-68.7968796879687972 20.5951711307064045
-68.7768776877687742 -9.2089217437318815
-68.7568756875687512 -34.9294332336709772
-68.7368736873687283 0.8023079174218601
-68.7168716871687195 -16.5082732174167823
-68.6968696869686966 14.5082209925862387
-68.6768676867686736 -40.2380114113022600
-68.6568656865686506 -64.2864572289964684
-68.6368636863686277 -33.9567879505778620
-68.6168616861686189 -21.6831533479145087
-68.5968596859685960 10.9949478046726306
-68.5768576857685730 -13.2535309754700847
-68.5568556855685500 -11.0286065657482588
-68.5368536853685271 -19.7821803872546624
-68.5168516851685183 -18.6560198723772430
-68.4968496849684954 -7.5268311053161074
-68.4768476847684724 -5.5218855096723072
-68.4568456845684636 -2.4654997380894024
-68.4368436843684265 -40.8019777151589693
-68.4168416841684177 -58.9417494598171174
-68.3968396839683948 20.6456997890268497
-68.3768376837683718 -23.7856565863098339
-68.3568356835683630 -17.7015211484942512
-68.3368336833683401 -12.0862898913739496
-68.3168316831683171 -58.9649699904415172
-68.2968296829682942 -44.8409195755855166
-68.2768276827682712 -59.1644020923501586
-68.2568256825682624 6.5971013964624952
-68.2368236823682395 -44.9220495785528442
-68.2168216821682165 -3.1859304568190936
-68.1968196819681935 -10.2134577051982927
-68.1768176817681706 8.3080044647873876
-68.1568156815681618 -23.4455182595606182
-68.1368136813681389 -19.2140413686609008
-68.1168116811681159 3.1412388054655338
-68.0968096809680929 -8.7634828809530809
-68.0768076807680700 -34.1763628009808329
-68.0568056805680612 -6.6280112516252210
-68.0368036803680383 -11.4556554006001843
-68.0168016801680153 -29.9186043364628027
-67.9967996799679923 0.8786049823665749
-67.9767976797679694 -42.7910915784133437
-67.9567956795679606 -12.3831691657399272
-67.9367936793679377 -24.3205453799283724
-67.9167916791679147 -40.3057626752116249
-67.8967896789678917 -42.8350040534461129
-67.8767876787678688 10.2989421302381956
-67.8567856785678600 -29.9779434216904797
-67.8367836783678371 -63.2292224582529769
-67.8167816781678141 -30.3679899232452968
-67.7967796779678054 -32.4493170687712933
-67.7767776777677682 -30.3756178330097448
-67.7567756775677594 -30.5689843889093069
-67.7367736773677365 -14.0183875785120584
-67.7167716771677135 -39.3093545022325443
-67.6967696769677048 -8.7648469546282044
-67.6767676767676676 -28.2981949514413706
-67.6567656765676588 -35.9110528533039925
-67.6367636763676359 3.1445763662038821
-67.6167616761676129 -34.6942931945094202
-67.5967596759676042 -34.2689097501540019
-67.5767576757675670 -4.0195497356438423
-67.5567556755675582 -35.1909349249919359
-67.5367536753675353 -58.6557331754153495
-67.5167516751675123 -36.3229537525551720
-67.4967496749675036 -26.5013601654909827
-67.4767476747674664 -16.5977724315740360
-67.4567456745674576 -9.3000708597242667
-67.4367436743674347 -17.2135185701001632
-67.4167416741674117 -31.3936010034142257
-67.3967396739674030 -2.1720724412162795
-67.3767376737673658 2.8728061952808410
-67.3567356735673570 1.1973587164628299
-67.3367336733673341 1.6599018529294050
-67.3167316731673111 -14.0136756709395023
-67.2967296729673023 -19.9179368568609583
-67.2767276727672652 11.4510419888377264
-67.2567256725672564 -15.5906166105950952
-67.2367236723672335 6.3325108240613801
-67.2167216721672105 -23.4195310621804680
-67.1967196719672017 -48.4774115411091628
-67.1767176717671646 -25.6409569229245697
-67.1567156715671558 -36.2275269796809454
-67.1367136713671329 -14.2907033854909677
-67.1167116711671099 -7.1062608969627359
-67.0967096709671011 -10.8366828600849612
-67.0767076707670782 -35.0462629800962233
-67.0567056705670552 -27.9852328492682219
-67.0367036703670323 -2.2119434157184727
-67.0167016701670093 -18.0052776906236751
-66.9966996699670005 -19.7080540158670594
-66.9766976697669776 6.9089500598358775
-66.9566956695669546 -28.1499243847216754
-66.9366936693669317 -22.4243682798965480
-66.9166916691669087 -19.9012276228848464
-66.8966896689668999 -32.3438874090583255
-66.8766876687668770 -58.7121592150794243
-66.8566856685668540 -42.2438963191201822
-66.8366836683668453 -59.3532898305924590
-66.8166816681668081 0.4971670111074360
-66.7966796679667993 -62.3492638685148748
-66.7766776677667764 -24.5442848107947178
-66.7566756675667534 -9.4901874193671407
-66.7366736673667447 -40.0802405340472774
-66.7166716671667075 -8.9391874884415614
-66.6966696669666987 -34.6982575594241212
-66.6766676667666758 -1.7676866235666786
-66.6566656665666528 -26.5050555009382265
-66.6366636663666441 -13.1825033884492466
-66.6166616661666069 -26.0570044320490446
-66.5966596659665981 -39.5979393201772467
-66.5766576657665752 8.7999708229292075
-66.5566556655665522 10.3806629530159320
-66.5366536653665435 -32.5149331757357558
-66.5166516651665063 -9.5555503425500223
-66.4966496649664975 -24.7950301227078214
-66.4766476647664746 -44.7429872804155622
-66.4566456645664516 -4.5837553954104493
-66.4366436643664429 -28.0779555119628697
-66.4166416641664057 -58.2377296265273898
-66.3966396639663969 -10.1804062845804069
-66.3766376637663740 -41.1725685908613741
-66.3566356635663510 -17.8157670856321637
-66.3366336633663423 -13.9796673243760043
-66.3166316631663051 3.8495942084007098
-66.2966296629662963 -51.4571129812124610
-66.2766276627662734 -34.4301322344735894
-66.2566256625662504 -36.3112848369159877
-66.2366236623662417 -50.6520613728898752
-66.2166216621662045 -15.4059926540730956
-66.1966196619661957 -54.6429313869656141
-66.1766176617661728 -38.7404293376060025
-66.1566156615661498 4.6927985318281102
-66.1366136613661411 -2.3392105074965031
-66.1166116611661181 -9.3237672842740640
-66.0966096609660951 -36.6423983542158496
-66.0766076607660722 -33.7931930743474922
-66.0566056605660492 -21.3521508983187864
-66.0366036603660405 0.9470742104103493
-66.0166016601660175 -42.9032624291367668
-65.9965996599659945 -39.4411390656348999
-65.9765976597659716 -59.0978570847424010
-65.9565956595659486 -1.7467265037133828
-65.9365936593659399 -25.0806927277988763
-65.9165916591659169 -10.1680853291621123
-65.8965896589658939 -44.3805448125891928
-65.8765876587658852 -55.4239923894890865
-65.8565856585658480 -23.2652624587665962
-65.8365836583658393 -22.7756670407712640
-65.8165816581658163 -35.1158731819769940
-65.7965796579657933 1.3154830161332143
-65.7765776577657846 -22.2945717521393192
-65.7565756575657474 -32.8215026970821526
-65.7365736573657387 -39.8668646956816843
-65.7165716571657157 -47.4174119040393691
-65.6965696569656927 -51.0387753974326657
-65.6765676567656840 -2.7665554685736105
-65.6565656565656468 -45.8182485547948772
-65.6365636563656381 -39.6082359183679813
-65.6165616561656151 11.2917470106788649
-65.5965596559655921 -19.8326159010624963
-65.5765576557655834 -10.1041565084032001
-65.5565556555655462 -54.5559078375836535
-65.5365536553655375 -26.6231127372635612
-65.5165516551655145 -27.7384841587398938
-65.4965496549654915 -26.5850043630421773
-65.4765476547654828 -13.2628716009384622
-65.4565456545654456 -6.9073339380496694
-65.4365436543654369 -8.8907317187005184
-65.4165416541654139 -25.5430815029939282
-65.3965396539653909 -26.6552566716784796
-65.3765376537653822 -24.7866690344925864
-65.3565356535653450 -40.5858140339489211
-65.3365336533653362 -9.4135403475635187
-65.3165316531653133 -10.5589438691806343
-65.2965296529652903 -18.8688997382944343
-65.2765276527652816 -4.7506919098619065
-65.2565256525652444 -26.5883552637710245
-65.2365236523652356 -49.6643843714264364
-65.2165216521652127 -10.1539746083296638
-65.1965196519651897 -3.1894791990067510
-65.1765176517651810 -1.7997520338628341
-65.1565156515651580 -45.4770175758466806
-65.1365136513651350 2.7866602287280848
-65.1165116511651121 -41.0264213135563267
-65.0965096509650891 -14.3645753996555641
-65.0765076507650804 -25.0886097169022761
-65.0565056505650574 -33.8725808794656160
-65.0365036503650344 25.8136425679232637
-65.0165016501650115 -17.4404314055078125
-64.9964996499649885 -37.2423581079125583
-64.9764976497649798 -26.3209628054556433
-64.9564956495649568 -17.2911584978205610
-64.9364936493649338 -28.9425281853153038
-64.9164916491649251 -28.8429014036226157
-64.8964896489648879 -47.1444199046342050
-64.8764876487648792 -28.6585261529062230
-64.8564856485648562 21.0435873602518377
-64.8364836483648332 13.0179172845829108
-64.8164816481648245 -37.3571866405392825
-64.7964796479647873 -25.6467566582983615
-64.7764776477647786 -19.6942820196525297
-64.7564756475647556 -6.4364076805835868
-64.7364736473647326 -3.4907961776047749
-64.7164716471647239 -29.8875272875003120
-64.6964696469646867 9.1517533935881872
-64.6764676467646780 -29.1580537686613930
-64.6564656465646550 20.5830928091707968
-64.6364636463646320 -1.9938162360594731
-64.6164616461646233 -10.7152568283247476
-64.5964596459645861 -1.0026346110759263
-64.5764576457645774 -23.2363897447571119
-64.5564556455645544 -23.2479455006551703
-64.5364536453645314 -66.5222059832127712
-64.5164516451645227 -42.3586511401387895
-64.4964496449644855 -22.0644682413195099
-64.4764476447644768 -46.6828048575111154
-64.4564456445644538 -27.1769988149631345
-64.4364436443644308 -27.9870070455180944
-64.4164416441644221 -19.1164527185644424
-64.3964396439643849 -9.9585635605039826
-64.3764376437643762 -1.8939175766992804
-64.3564356435643532 -11.7301495996177767
-64.3364336433643302 -36.4130839915290920
-64.3164316431643215 -24.3611476232960484
-64.2964296429642843 -25.0330432198882988
-64.2764276427642756 -50.4315686388198472
-64.2564256425642526 -68.0587976373103487
-64.2364236423642296 -67.6848378312171661
-64.2164216421642209 -78.7554365877109888
-64.1964196419641979 -68.9025703022685718
-64.1764176417641750 1.9938497117236942
-64.1564156415641520 13.2926076992909685
-64.1364136413641290 -25.8269755966037806
-64.1164116411641203 -14.3578576940346068
-64.0964096409640973 -28.2014647898488420
-64.0764076407640744 21.6223878028141598
-64.0564056405640514 -36.3346325898591402
-64.0364036403640284 -46.3616986243344584
-64.0164016401640197 -38.3472734691457617
-63.9963996399639967 -35.4116766950321136
-63.9763976397639738 -11.3463707626312633
-63.9563956395639579 0.0160691053114270
-63.9363936393639349 -26.8176491987148324
-63.9163916391639120 4.1888155609251108
-63.8963896389638961 -55.9810864974749762
-63.8763876387638732 -41.5997767075209879
-63.8563856385638573 -52.1263179898629119
-63.8363836383638343 -14.5298859173269364
-63.8163816381638114 -9.1049155563483826
-63.7963796379637955 -7.8972493174932854
-63.7763776377637726 -39.6382979686225383
-63.7563756375637567 -13.0900894773850744
-63.7363736373637337 18.5090033136752297
-63.7163716371637179 -10.2830513084970967
-63.6963696369636949 -3.7338191386881689
-63.6763676367636720 7.2364175025460646
-63.6563656365636561 10.8217163838721859
-63.6363636363636331 -9.4031981385245977
-63.6163616361636173 -25.9878625477035179
-63.5963596359635943 3.7849434259121075
-63.5763576357635714 -28.2967702477575180
-63.5563556355635555 -11.3891900081470112
-63.5363536353635325 -13.6683272187457447
-63.5163516351635167 7.8149903725147105
-63.4963496349634937 22.6102351902155938
-63.4763476347634779 -6.4070938102097994
-63.4563456345634549 -46.5259812410949110
-63.4363436343634319 -14.5695402611188634
-63.4163416341634161 -16.5648881010876465
-63.3963396339633931 -23.8828627084020653
-63.3763376337633773 -29.1839084466355416
-63.3563356335633543 -48.7079841585079691
-63.3363336333633313 -29.2867126718102000
-63.3163316331633155 -9.1699728274390733
-63.2963296329632925 -11.3973640110017769
-63.2763276327632767 -14.9250790919002565
-63.2563256325632537 -40.4458015406989801
-63.2363236323632378 -9.2885688950593348
-63.2163216321632149 -70.5611681270686262
-63.1963196319631919 -26.4362537404138997
-63.1763176317631761 -11.4551668590768454
-63.1563156315631531 -10.3301016706556119
-63.1363136313631372 7.2684866068186444
-63.1163116311631143 -9.9605026291472711
-63.0963096309630913 -29.5013083592697392
-63.0763076307630755 -33.9322830348272007
-63.0563056305630525 5.9985618285856255
-63.0363036303630366 -6.9614339189481083
-63.0163016301630137 -34.4921681880362740
-62.9962996299629978 -55.1831288973847336
-62.9762976297629749 -9.4202009411500640
-62.9562956295629519 -35.2276036761757254
-62.9362936293629360 -0.1092702705389890
-62.9162916291629131 -18.2361753748761686
-62.8962896289628972 -51.9624415838788991
-62.8762876287628742 -27.8127901026288598
-62.8562856285628513 -30.3951199085114467
-62.8362836283628354 16.9137618520508930
-62.8162816281628125 -30.1104232076781209
-62.7962796279627966 26.8653671812982218
-62.7762776277627736 -32.2415511970955393
-62.7562756275627578 -35.8109938859996788
-62.7362736273627348 9.9911599033394722
-62.7162716271627119 -30.5560226210288306
-62.6962696269626960 17.9356985961526192
-62.6762676267626730 -33.4057423434553229
-62.6562656265626572 -5.9619853370900930
-62.6362636263626342 -38.4320534643415925
-62.6162616261626113 -27.2140599026112149
-62.5962596259625954 -21.5173350599585689
-62.5762576257625724 -35.5383491365842588
-62.5562556255625566 -10.7170784047529040
-62.5362536253625336 -9.5949817680401530
-62.5162516251625178 31.1722321208448676
-62.4962496249624948 3.0896817569081598
-62.4762476247624718 -32.0321952625957422
-62.4562456245624560 -0.8442586254635280
-62.4362436243624330 10.0968946287454067
-62.4162416241624172 -22.0604658160207272
-62.3962396239623942 -6.3818926163379643
-62.3762376237623712 -38.9546308095010119
-62.3562356235623554 -30.7759800355219895
-62.3362336233623324 -27.4710933530976469
-62.3162316231623166 2.6436989562898567
-62.2962296229622936 0.6004415747409588
-62.2762276227622777 -41.4579970201990022
-62.2562256225622548 -23.9201958349162744
-62.2362236223622318 -7.4655999810935398
-62.2162216221622160 -81.5809525034789118
-62.1962196219621930 -50.4204520488618542
-62.1762176217621771 43.6035366749939897
-62.1562156215621542 -16.0716803469508207
-62.1362136213621312 -46.3103985970099643
-62.1162116211621154 15.7770633307874064
-62.0962096209620924 -11.3464300601760275
-62.0762076207620765 18.7984980266447899
-62.0562056205620536 -8.5084353692947658
-62.0362036203620377 -0.1290618385202649
-62.0162016201620148 -3.9139221240757180
-61.9961996199619918 -56.7581732797759742
-61.9761976197619759 18.6634099418259751
-61.9561956195619530 -28.7094792452218499
-61.9361936193619371 -10.0037028696168626
-61.9161916191619142 -84.0882617560545071
-61.8961896189618912 -24.8078229963784622
-61.8761876187618753 -32.7443996551398016
-61.8561856185618524 0.0282611140639837
-61.8361836183618365 14.4629751270427001
-61.8161816181618136 -12.7837514359780151
-61.7961796179617977 -22.2518354913740097
-61.7761776177617747 -23.0240428306423297
-61.7561756175617518 -10.3280028688545631
-61.7361736173617359 7.1565565613037165
-61.7161716171617130 3.6199086041218465
-61.6961696169616971 -47.9565718199984019
-61.6761676167616741 -22.7861886442773951
-61.6561656165616512 11.6325088792292242
-61.6361636163616353 -25.0129686960986071
-61.6161616161616124 -73.0175850259029744
-61.5961596159615965 -1.3439378467523717
-61.5761576157615735 -16.9728215875781956
-61.5561556155615577 3.7554128169135197
-61.5361536153615347 -18.7756875438472477
-61.5161516151615118 -6.6515261835168147
-61.4961496149614959 10.0937108482922575
-61.4761476147614729 -25.7637988841729637
-61.4561456145614571 2.8400196519920975
-61.4361436143614341 33.0212037161906409
-61.4161416141614112 -36.0326681466176098
-61.3961396139613953 -38.9746146746492244
-61.3761376137613723 -12.4217829095876482
-61.3561356135613565 -62.0580571560176324
-61.3361336133613335 -1.1277611700782337
-61.3161316131613177 -45.5330936346324364
-61.2961296129612947 -18.8308965952545648
-61.2761276127612717 -22.7844898085140315
-61.2561256125612559 -2.0815474913422101
-61.2361236123612329 -30.7188667680198719
-61.2161216121612171 -13.9437916966251763
-61.1961196119611941 -27.6101407831906513
-61.1761176117611711 16.1426110941067940
-61.1561156115611553 -42.6329216885020514
-61.1361136113611323 10.7642294277973321
-61.1161116111611165 -16.5171182405872123
-61.0961096109610935 -4.8636585185458152
-61.0761076107610776 3.0082346231035118
-61.0561056105610547 -11.1091102670951578
-61.0361036103610317 0.8332924174954179
-61.0161016101610159 -30.1663184076542095
-60.9960996099609929 13.3573010931615457
-60.9760976097609770 -17.3147982391237534
-60.9560956095609541 -0.3123431196299329
-60.9360936093609311 -14.7065120329537624
-60.9160916091609153 18.3577400222633962
-60.8960896089608923 3.5117722516593446
-60.8760876087608764 -10.2782616013025478
-60.8560856085608535 -17.6038873469758990
-60.8360836083608376 34.3574567195012648
-60.8160816081608147 6.7726227298031105
-60.7960796079607917 12.8703374021412813
-60.7760776077607758 -2.3886137062839907
-60.7560756075607529 -0.0679102453979681
-60.7360736073607370 -5.4244267842546474
-60.7160716071607141 8.6153787716472792
-60.6960696069606911 -20.7222863036047400
-60.6760676067606752 -48.2732475827415897
-60.6560656065606523 18.3706069810253823
-60.6360636063606364 -41.9482729598907511
-60.6160616061606135 -15.4604051808516587
-60.5960596059605976 -27.7319492168179380
-60.5760576057605746 -57.9093278588157148
-60.5560556055605517 -48.0112758257904488
-60.5360536053605358 -9.4645772612080172
-60.5160516051605128 15.4391615576343746
-60.4960496049604970 -18.6676771303549067
-60.4760476047604740 -11.6080637075553632
-60.4560456045604511 -8.5874870765695572
-60.4360436043604352 15.4907442054530691
-60.4160416041604122 15.4620950218751325
-60.3960396039603964 -26.8069112990684779
-60.3760376037603734 -29.1062189952226547
-60.3560356035603576 1.7726839634525220
-60.3360336033603346 -10.4032485707982918
-60.3160316031603116 -2.2573160958371830
-60.2960296029602958 -15.6867405266719970
-60.2760276027602728 47.4665961823425704
-60.2560256025602570 -16.0565759042083904
-60.2360236023602340 -29.8558016506276189
-60.2160216021602110 -20.1837635064757457
-60.1960196019601952 19.9794200342391370
-60.1760176017601722 -35.0724053160047404
-60.1560156015601564 21.6345292819801642
-60.1360136013601334 15.8624272937573600
-60.1160116011601176 -17.8768812651824511
-60.0960096009600946 30.6539621641993278
-60.0760076007600716 -23.4182008605164214
-60.0560056005600558 -46.9229652108858204
-60.0360036003600328 -11.8673799842024188
-60.0160016001600169 -13.7494193953789310
-59.9959995999599940 10.9654702320524855
-59.9759975997599710 0.8110439530216489
-59.9559955995599552 12.4224916839263422
-59.9359935993599322 -13.2483446008172194
-59.9159915991599163 9.3171946850839973
-59.8959895989598934 -26.9076840985458574
-59.8759875987598775 7.6484101073395223
-59.8559855985598546 -9.6767836283264526
-59.8359835983598316 -9.9758544822706270
-59.8159815981598157 -23.7815643057374686
-59.7959795979597928 -13.2716705436035554
-59.7759775977597769 -55.1242997465984672
-59.7559755975597540 -42.3563131790981515
-59.7359735973597310 -48.9027068942005698
-59.7159715971597151 -0.1598642151078007
-59.6959695969596922 -21.0883924572942796
-59.6759675967596763 -44.6384942263590574
-59.6559655965596534 2.3376479347038028
-59.6359635963596375 8.7054838436871318
-59.6159615961596145 -29.4065267704855593
-59.5959595959595916 -40.0490093938198655
-59.5759575957595757 26.3443712385260298
-59.5559555955595528 -33.3500934479373257
-59.5359535953595369 -21.1856057651801635
-59.5159515951595139 -15.9681442826883409
-59.4959495949594910 44.6738946502184291
-59.4759475947594751 0.8737348174029975
-59.4559455945594522 -18.8372627983060390
-59.4359435943594363 -7.4009896530615142
-59.4159415941594133 -29.4225572108212141
-59.3959395939593975 -21.5892853856255833
-59.3759375937593745 -47.5017148670324900
-59.3559355935593516 -15.4369175269040273
-59.3359335933593357 11.7838405429128503
-59.3159315931593127 -4.5145575994523917
-59.2959295929592969 7.3060440869616325
-59.2759275927592739 -36.4871202133248005
-59.2559255925592510 -3.6596936080926934
-59.2359235923592351 -25.8401226054983439
-59.2159215921592121 2.7788756595843598
-59.1959195919591963 -26.7949478691819891
-59.1759175917591733 -19.7929893671447736
-59.1559155915591575 0.7324364390185796
-59.1359135913591345 -50.6628801869836991
-59.1159115911591115 20.1881472954864520
-59.0959095909590957 -24.0529661523662099
-59.0759075907590727 6.9545069858686883
-59.0559055905590569 -27.3678175322476669
-59.0359035903590339 -19.4944259319638675
-59.0159015901590109 -3.0597805027692697
-58.9958995899589951 -41.4655161580422771
-58.9758975897589721 15.0535548943990154
-58.9558955895589563 -19.5529296353042170
-58.9358935893589333 22.9590654278908630
-58.9158915891589103 -26.2354056021486741
-58.8958895889588945 -4.7780706003096114
-58.8758875887588715 -27.4455580641784778
-58.8558855885588557 23.3254028558998314
-58.8358835883588327 12.6990622535941178
-58.8158815881588168 -13.3812185072452703
-58.7958795879587939 -3.1083639314255436
-58.7758775877587709 -4.7833570242257704
-58.7558755875587551 -44.0055977818031252
-58.7358735873587321 2.8057670668360348
-58.7158715871587162 -26.0732616193664413
-58.6958695869586933 -7.6466565806243434
-58.6758675867586703 0.1678109730055812
-58.6558655865586545 8.8394201196895335
-58.6358635863586315 -15.2459828966340609
-58.6158615861586156 5.4595985945490479
-58.5958595859585927 -10.6796905649730061
-58.5758575857585768 -2.7295029114978639
-58.5558555855585539 -30.8766061053583520
-58.5358535853585309 13.7045168802632933
-58.5158515851585150 -4.6943831683050430
-58.4958495849584921 54.7567701182893103
-58.4758475847584762 -2.5584677061392043
-58.4558455845584533 -19.3425825395925344
-58.4358435843584303 37.7848749055765083
-58.4158415841584144 -28.3232911934085010
-58.3958395839583915 11.4090060644549887
-58.3758375837583756 16.8994336481537850
-58.3558355835583527 -6.8756523936332901
-58.3358335833583368 41.3860575064166412
-58.3158315831583138 -80.9013124709346698
-58.2958295829582909 -18.2669993401836308
-58.2758275827582750 -12.6019729350193757
-58.2558255825582521 -12.7040827628245463
-58.2358235823582362 -28.8119430640475898
-58.2158215821582132 0.6299442327794065
-58.1958195819581903 -32.4542753504340098
-58.1758175817581744 -7.1757056788182876
-58.1558155815581515 -28.6709160465279851
-58.1358135813581356 17.6718835752157268
-58.1158115811581126 -5.7873807949407965
-58.0958095809580968 -31.5297482581641582
-58.0758075807580738 16.1097494433385044
-58.0558055805580508 -14.3720338510621790
-58.0358035803580350 -52.0516468961738923
-58.0158015801580120 7.6801627153281338
-57.9957995799579962 0.1170536163981915
-57.9757975797579732 -11.9180500846334620
-57.9557955795579502 -1.7038890550066057
-57.9357935793579344 -31.1579765256582633
-57.9157915791579114 -55.1225041799029327
-57.8957895789578956 -27.4775266462415999
-57.8757875787578726 -34.8764322410651886
-57.8557855785578568 -30.0214391080183169
-57.8357835783578338 10.4548599926651171
-57.8157815781578108 -8.5128714136278205
-57.7957795779577950 -5.3083584320302073
-57.7757775777577720 28.6156250499966447
-57.7557755775577562 -43.7459199539685102
-57.7357735773577332 -0.8191235968194270
-57.7157715771577102 -13.8625025645077162
-57.6957695769576944 11.5263501557853321
-57.6757675767576714 -12.3939603842157222
-57.6557655765576555 -28.4821376978013490
-57.6357635763576326 -8.4509858515646332
-57.6157615761576167 -17.3764395882132234
-57.5957595759575938 36.5392639722417201
-57.5757575757575708 -25.9386964469734451
-57.5557555755575549 -29.2462886822817048
-57.5357535753575320 10.7777473331852409
-57.5157515751575161 -15.7065009961492805
-57.4957495749574932 -43.6695259687798085
-57.4757475747574702 14.1240561102822468
-57.4557455745574543 -17.9308481469470280
-57.4357435743574314 -9.9570979653596297
-57.4157415741574155 22.2107916637819827
-57.3957395739573926 -18.6726155240617615
-57.3757375737573767 -21.8204513988445044
-57.3557355735573537 13.9657701210149607
-57.3357335733573308 -4.3722030876931095
-57.3157315731573149 -66.6998363498403677
-57.2957295729572920 -19.4928791510789239
-57.2757275727572761 0.8809371431757018
-57.2557255725572531 -52.3745022729047633
-57.2357235723572302 -6.5619384195134911
-57.2157215721572143 -31.3263346738704627
-57.1957195719571914 -17.5857436864843741
-57.1757175717571755 -18.8950635634323731
-57.1557155715571525 -9.9455522934339342
-57.1357135713571367 14.7039238636579821
-57.1157115711571137 13.5230380718986165
-57.0957095709570908 -11.2542211092055311
-57.0757075707570749 23.7527872656594496
-57.0557055705570519 -1.6968476032688891
-57.0357035703570361 22.4034618376150974
-57.0157015701570131 1.7673436697411908
-56.9956995699569902 -23.3369160379711680
-56.9756975697569743 12.7843903402077324
-56.9556955695569513 -39.4637062406882890
-56.9356935693569355 -21.6069435447660219
-56.9156915691569125 2.4439957491411342
-56.8956895689568967 44.6943794447554836
-56.8756875687568737 11.4146590017130549
-56.8556855685568507 1.1407235537744640
-56.8356835683568349 -46.4607054310541017
-56.8156815681568119 -22.8169869346603136
-56.7956795679567961 -19.2152652718851336
-56.7756775677567731 -35.8344903583123511
-56.7556755675567501 -19.7280001880308333
-56.7356735673567343 -26.7999864822331446
-56.7156715671567113 20.7548789512930369
-56.6956695669566955 -18.6430529365022757
-56.6756675667566725 -30.3448084424758662
-56.6556655665566566 -23.5565082510998955
-56.6356635663566337 12.5451726385398370
-56.6156615661566107 -37.4324961717531863
-56.5956595659565949 37.6474124480642089
-56.5756575657565719 -12.5575040598648009
-56.5556555655565560 -20.3243624431407426
-56.5356535653565331 15.0712485452501852
-56.5156515651565101 -12.0611574559374262
-56.4956495649564943 -20.9633307689165775
-56.4756475647564713 -52.3540649594249814
-56.4556455645564554 -6.6441801064215378
-56.4356435643564325 -24.5421277477424553
-56.4156415641564166 -31.8603244558559986
-56.3956395639563937 -18.7401127484082082
-56.3756375637563707 -38.6539379525605682
-56.3556355635563548 21.4005861852345269
-56.3356335633563319 5.5881794254233199
-56.3156315631563160 -18.0805837833825720
-56.2956295629562931 -36.2186268941158147
-56.2756275627562701 -2.0430039375772155
-56.2556255625562542 -28.2013107789995630
-56.2356235623562313 3.5562152241058431
-56.2156215621562154 -18.5757798156344407
-56.1956195619561925 -24.4671318613504702
-56.1756175617561766 -12.4841284171297691
-56.1556155615561536 8.5208890850110848
-56.1356135613561307 -9.9259852404345708
-56.1156115611561148 -26.5852275969165888
-56.0956095609560919 -63.9798463587235204
-56.0756075607560760 -27.3578120504776336
-56.0556055605560530 6.1418142115891428
-56.0356035603560301 14.9305472222381521
-56.0156015601560142 -39.2534864451174670
-55.9955995599559913 -23.6659113081880328
-55.9755975597559754 -13.2745709891326751
-55.9555955595559524 0.4443408016578951
-55.9355935593559366 0.5437223247798793
-55.9155915591559136 -9.7532814175403750
-55.8955895589558907 7.2502546967690424
-55.8755875587558748 -5.8919343753526618
-55.8555855585558518 -14.5884748147306613
-55.8355835583558360 -14.8960384228327225
-55.8155815581558130 -24.8933211220803159
-55.7955795579557901 -1.2458722862400755
-55.7755775577557742 8.2537393593261967
-55.7555755575557512 -20.8436793498998476
-55.7355735573557354 6.1139364897219073
-55.7155715571557124 -55.1205980933986481
-55.6955695569556966 13.5603233127333507
-55.6755675567556736 -28.7571304115970037
-55.6555655565556506 21.5558069859626826
-55.6355635563556348 3.9164093383948781
-55.6155615561556118 0.9397208397246759
-55.5955595559555960 -24.7561869399479768
-55.5755575557555730 -0.1471700928828961
-55.5555555555555500 -13.6527798572119572
-55.5355535553555342 -15.1877019410754581
-55.5155515551555112 -21.6117434609443748
-55.4955495549554954 -24.2484773682429697
-55.4755475547554724 -25.3315878277968274
-55.4555455545554565 -1.8340176451656616
-55.4355435543554336 -5.3224328325489276
-55.4155415541554106 5.9221371179790063
-55.3955395539553948 -26.8812551374969040
-55.3755375537553718 23.9669137660728175
-55.3555355535553559 -13.8247030420806318
-55.3355335533553330 -4.9211213499387210
-55.3155315531553100 -26.7112975312728267
-55.2955295529552942 -5.8732457571767984
-55.2755275527552712 24.7559486761504957
-55.2555255525552553 -19.6236670922155554
-55.2355235523552324 1.3092521242782613
-55.2155215521552165 -24.3134410441441489
-55.1955195519551935 -8.2290741918056618
-55.1755175517551706 1.4098571380364504
-55.1555155515551547 7.6119332907762267
-55.1355135513551318 -30.8493641820413771
-55.1155115511551159 23.7435176481676464
-55.0955095509550929 2.1417613386635859
-55.0755075507550700 -41.5652617985262793
-55.0555055505550541 1.7756822106226089
-55.0355035503550312 -18.9025404329693245
-55.0155015501550153 17.2317887686020761
-54.9954995499549923 -8.4020672022390297
-54.9754975497549765 39.0589224015759839
-54.9554955495549535 -5.2499122780636345
-54.9354935493549306 25.7291452449270572
-54.9154915491549147 41.1177966604438652
-54.8954895489548917 27.2526435316591247
-54.8754875487548759 -1.4184435031435796
-54.8554855485548529 21.9581012417951200
-54.8354835483548300 -28.7202397638818283
-54.8154815481548141 7.5816979495779879
-54.7954795479547911 -24.1759914323197762
-54.7754775477547753 -62.5306775572606455
-54.7554755475547523 -3.1946022926719344
-54.7354735473547365 26.7383699955663481
-54.7154715471547135 3.6165107470536757
-54.6954695469546905 -18.5491637738278712
-54.6754675467546747 29.3624095791680872
-54.6554655465546517 -26.4612888945917817
-54.6354635463546359 -0.5777627142452300
-54.6154615461546129 5.9724994311354394
-54.5954595459545899 -15.6828365775759870
-54.5754575457545741 8.6644988259215658
-54.5554555455545511 -11.8925646684269459
-54.5354535453545353 38.7407309320342534
-54.5154515451545123 -3.8793306603088413
-54.4954495449544964 -17.4427371601706938
-54.4754475447544735 -6.6658203869698109
-54.4554455445544505 -15.4144130296978172
-54.4354435443544347 30.9552507546604261
-54.4154415441544117 -5.9904262714667382
-54.3954395439543958 -12.3456996071694647
-54.3754375437543729 -11.0079288400025010
-54.3554355435543499 -10.8328747790332240
-54.3354335433543341 7.2549738582441368
-54.3154315431543111 -36.3001531502548715
-54.2954295429542952 -45.2610671048648712
-54.2754275427542723 23.2670161875028292
-54.2554255425542564 -8.7365032422757274
-54.2354235423542335 4.9161106958856502
-54.2154215421542105 -21.0996025635801558
-54.1954195419541946 -2.3353479075435257
-54.1754175417541717 -6.0259294848546840
-54.1554155415541558 19.5390286003432863
-54.1354135413541329 3.7524826233601356
-54.1154115411541099 4.5136056039232653
-54.0954095409540940 -13.5610850733817614
-54.0754075407540711 40.8704164589417047
-54.0554055405540552 -17.7471549268911808
-54.0354035403540323 -7.6237302045003688
-54.0154015401540164 -5.3736753964601434
-53.9953995399539934 -51.4714809745613096
-53.9753975397539705 23.8746836685303947
-53.9553955395539546 -23.0093734288091163
-53.9353935393539317 -17.3643489962217892
-53.9153915391539158 -47.1357054119347367
-53.8953895389538928 -0.9845622566678687
-53.8753875387538699 -30.1164780479753702
-53.8553855385538540 -2.0093306697006681
-53.8353835383538311 -31.7567171658643161
-53.8153815381538152 -5.5785928930923534
-53.7953795379537922 0.9922728499541578
-53.7753775377537764 -0.4548322156087754
-53.7553755375537534 3.1544926799374577
-53.7353735373537305 0.6775672295861237
-53.7153715371537146 3.3878784654937633
-53.6953695369536916 -32.4795772926327615
-53.6753675367536758 7.3843161727988171
-53.6553655365536528 2.1512740500419598
-53.6353635363536299 23.2074158723830521
-53.6153615361536140 -1.4129292854556692
-53.5953595359535910 -4.4636392166803693
-53.5753575357535752 -11.9958656340931444
-53.5553555355535522 -32.2022289584495098
-53.5353535353535364 27.2184729653260717
-53.5153515351535134 -2.6224324472619793
-53.4953495349534904 -2.0091684155229905
-53.4753475347534746 13.7799235236572493
-53.4553455345534516 8.2130349700277954
-53.4353435343534358 17.6550715430819984
-53.4153415341534128 -15.6920785637112381
-53.3953395339533898 -42.0698545512277420
-53.3753375337533740 34.2070848142767261
-53.3553355335533510 14.2501495211438680
-53.3353335333533352 3.3230986428633127
-53.3153315331533122 -11.3836411366524537
-53.2953295329532963 -3.5891929795609543
-53.2753275327532734 -0.9761504769905187
-53.2553255325532504 21.8456959677928921
-53.2353235323532346 53.5499181017568375
-53.2153215321532116 -44.4673751780110180
-53.1953195319531957 -1.7089752399673988
-53.1753175317531728 -20.6199836153051983
-53.1553155315531498 23.2824891447131392
-53.1353135313531340 -8.7408372905541967
-53.1153115311531110 -36.6427916178491770
-53.0953095309530951 -19.3665790786989298
-53.0753075307530722 0.0819389386644341
-53.0553055305530563 -32.0845352657064140
-53.0353035303530334 -0.6072660664708519
-53.0153015301530104 -7.9695608251777799
-52.9952995299529945 10.1677041201826768
-52.9752975297529716 -0.4996662313072909
-52.9552955295529557 34.2999852316667031
-52.9352935293529328 -27.5241546491274001
-52.9152915291529098 11.8090490510764887
-52.8952895289528939 4.4690977778651879
-52.8752875287528710 30.2449518924868741
-52.8552855285528551 -7.8997619941937254
-52.8352835283528321 -18.1551301576116266
-52.8152815281528163 10.5563538984662237
-52.7952795279527933 -23.1819248464096930
-52.7752775277527704 10.3463466093150753
-52.7552755275527545 -30.6964754446515258
-52.7352735273527315 22.3827977539260701
-52.7152715271527157 -11.2011141709609703
-52.6952695269526927 6.0425188609210174
-52.6752675267526698 31.8552148717723114
-52.6552655265526539 -11.8586539143672027
-52.6352635263526309 -10.1727079787871357
-52.6152615261526151 -6.0897907413034105
-52.5952595259525921 0.9607996828124211
-52.5752575257525763 -20.3659725264182079
-52.5552555255525533 -29.6402296143416386
-52.5352535253525303 -3.6054209407509394
-52.5152515251525145 10.6278639916786926
-52.4952495249524915 -22.5777926886900708
-52.4752475247524757 5.2329812176595674
-52.4552455245524527 2.8276101329662868
-52.4352435243524297 -8.1845828687638456
-52.4152415241524139 -13.7315136434654139
-52.3952395239523909 -8.1098502902439584
-52.3752375237523751 -14.4242983051565226
-52.3552355235523521 -18.3491129019179695
-52.3352335233523362 -0.5856542828775284
-52.3152315231523133 -57.7627918515576155
-52.2952295229522903 18.9992444125041651
-52.2752275227522745 -12.6067341901085292
-52.2552255225522515 -2.7142037455638670
-52.2352235223522356 11.2037660797447138
-52.2152215221522127 6.6647044982199670
-52.1952195219521897 -17.4860431236388294
-52.1752175217521739 -2.1861451264811822
-52.1552155215521509 -8.5380065507972489
-52.1352135213521350 -12.6374139038615851
-52.1152115211521121 -6.0461083104823867
-52.0952095209520962 -19.8625396700580019
-52.0752075207520733 13.8436914034724499
-52.0552055205520503 -0.6888563211917984
-52.0352035203520344 -18.2347224466837901
-52.0152015201520115 18.3484623388928547
-51.9951995199519956 -30.7003919590675700
-51.9751975197519727 8.2776593358149952
-51.9551955195519497 -8.5901713680102532
-51.9351935193519338 -53.1637087464068543
-51.9151915191519109 -18.2124778999130044
-51.8951895189518950 -30.8887583721337826
-51.8751875187518721 5.5668487836187399
-51.8551855185518562 3.5863275384601576
-51.8351835183518332 -28.8277926791233732
-51.8151815181518103 -3.0995378428579898
-51.7951795179517944 4.2800498698476099
-51.7751775177517715 20.4224436866884353
-51.7551755175517556 4.8345731275807680
-51.7351735173517326 -28.9237618043346245
-51.7151715171517097 -32.2768995627817148
-51.6951695169516938 16.0192263788912683
-51.6751675167516709 9.6452559078193580
-51.6551655165516550 22.8714297931571764
-51.6351635163516320 12.4602239564040040
-51.6151615161516162 -6.4455951357348500
-51.5951595159515932 27.6232682953899058
-51.5751575157515703 13.6393498458619273
-51.5551555155515544 -45.9940191826075946
-51.5351535153515314 -5.1279460023425534
-51.5151515151515156 3.5004193389366822
-51.4951495149514926 20.6645880148746883
-51.4751475147514697 19.0308037150387186
-51.4551455145514538 11.4260299995941352
-51.4351435143514308 5.2608589102840249
-51.4151415141514150 -1.7173109821935437
-51.3951395139513920 -38.2232304538258063
-51.3751375137513762 29.5334349590557821
-51.3551355135513532 48.1796924268558868
-51.3351335133513302 32.1150357120686607
-51.3151315131513144 26.9532129319694285
-51.2951295129512914 -12.9728609653196223
-51.2751275127512756 16.8517495714658239
-51.2551255125512526 -8.1331189525767620
-51.2351235123512296 -22.6956379716979875
-51.2151215121512138 -21.6640334992004853
-51.1951195119511908 9.0589904839499802
-51.1751175117511750 -16.0778703576803963
-51.1551155115511520 1.4272365233867790
-51.1351135113511361 12.0638580250414034
-51.1151115111511132 10.5529532834541868
-51.0951095109510902 10.9062521068197373
-51.0751075107510744 12.5496787997169044
-51.0551055105510514 14.1651304953475421
-51.0351035103510355 0.1349414528611481
-51.0151015101510126 9.2928540686095982
-50.9950995099509896 24.0063574933333932
-50.9750975097509738 11.3902023282439355
-50.9550955095509508 34.3834413516949198
-50.9350935093509349 25.2768117983745562
-50.9150915091509120 0.6487661744634439
-50.8950895089508961 28.7485770164105041
-50.8750875087508732 -11.2990163858740544
-50.8550855085508502 16.5923875118480524
-50.8350835083508343 -24.0699738231642613
-50.8150815081508114 1.5695376272492112
-50.7950795079507955 5.4785463782475121
-50.7750775077507726 -13.1170587901109510
-50.7550755075507496 47.5987560164392249
-50.7350735073507337 45.5492354489911762
-50.7150715071507108 -39.0436951839415229
-50.6950695069506949 23.2454017352374933
-50.6750675067506720 -46.4243435923227636
-50.6550655065506561 -14.6440741406566630
-50.6350635063506331 4.7905908778321917
-50.6150615061506102 -6.2372964420281747
-50.5950595059505943 0.8755283169314918
-50.5750575057505714 10.0338209718991784
-50.5550555055505555 23.6249698196718789
-50.5350535053505325 9.1096999927314943
-50.5150515051505096 34.9796075276163307
-50.4950495049504937 21.3835513430184534
-50.4750475047504708 50.1908654209960758
-50.4550455045504549 28.6273270526294183
-50.4350435043504319 -3.0679959913560486
-50.4150415041504161 22.2746952342152120
-50.3950395039503931 -0.4812372461458754
-50.3750375037503701 15.9131089163499446
-50.3550355035503543 32.4944072050609591
-50.3350335033503313 1.9260609667724369
-50.3150315031503155 30.3057752134102927
-50.2950295029502925 35.4099422810797293
-50.2750275027502695 27.5725531304913538
-50.2550255025502537 62.0450104667218909
-50.2350235023502307 31.7846560857589964
-50.2150215021502149 19.0642259942716272
-50.1950195019501919 1.5171970149302823
-50.1750175017501761 47.4030264347677246
-50.1550155015501531 12.7240808408104442
-50.1350135013501301 -12.5316483367266347
-50.1150115011501143 37.4392032370176580
-50.0950095009500913 -7.9939485032855035
-50.0750075007500755 25.3203519317749013
-50.0550055005500525 33.5715722485757695
-50.0350035003500295 -0.4788836476137259
-50.0150015001500137 9.5762114470634749
-49.9949994999499907 -27.2050804835188558
-49.9749974997499748 4.3689370515777819
-49.9549954995499519 -45.6547168423814469
-49.9349934993499360 19.1043264803702399
-49.9149914991499131 11.4277936397374873
-49.8949894989498901 -4.5900917739176244
-49.8749874987498742 0.0923759508597737
-49.8549854985498513 45.7162515622037091
-49.8349834983498354 8.2375226962357235
-49.8149814981498125 -7.0030827181002646
-49.7949794979497895 32.0346699603167977
-49.7749774977497736 14.5737330244160166
-49.7549754975497507 -1.9622554661899176
-49.7349734973497348 18.9248751049843520
-49.7149714971497119 20.9725001544685945
-49.6949694969496960 5.9877661643279314
-49.6749674967496730 -6.0277349586860804
-49.6549654965496501 -2.0696380472267339
-49.6349634963496342 32.7676380966734158
-49.6149614961496113 -6.8809516660394845
-49.5949594959495954 9.9221036878639843
-49.5749574957495724 32.1445452952074859
-49.5549554955495495 -7.0143795619919675
-49.5349534953495336 -4.6323104153016477
-49.5149514951495107 -13.8979503756630507
-49.4949494949494948 43.5354842242053053
-49.4749474947494718 -30.9791177183025965
-49.4549454945494560 21.2324900358586675
-49.4349434943494330 26.2711830983884944
-49.4149414941494101 5.8316930774193123
-49.3949394939493942 5.4685321352081839
-49.3749374937493712 27.1510383046993553
-49.3549354935493554 10.2838947001953454
-49.3349334933493324 15.1428674187150367
-49.3149314931493095 27.8343548746486675
-49.2949294929492936 19.6316001424080184
-49.2749274927492706 17.9079797067710693
-49.2549254925492548 -25.1779534233944418
-49.2349234923492318 4.0559090595364573
-49.2149214921492160 -32.5957436869536323
-49.1949194919491930 24.7108673623238957
-49.1749174917491700 0.3782231838414631
-49.1549154915491542 -40.5189231180515748
-49.1349134913491312 32.2589069599073710
-49.1149114911491154 12.3150503165207343
-49.0949094909490924 3.2855751875823724
-49.0749074907490694 29.9700036684222226
-49.0549054905490536 3.9320168212732929
-49.0349034903490306 -8.9208596399576017
-49.0149014901490148 19.6282553700914022
-48.9948994899489918 -4.2435704078546141
-48.9748974897489759 46.3507356585398114
-48.9548954895489530 46.9346265932404521
-48.9348934893489300 -33.2784725834172264
-48.9148914891489142 -3.3938436238457683
-48.8948894889488912 38.4904189175812803
-48.8748874887488753 1.1147812220879043
-48.8548854885488524 27.0503107003455696
-48.8348834883488294 -2.5249940252279970
-48.8148814881488136 58.7239329899119937
-48.7948794879487906 6.1521092295556548
-48.7748774877487747 27.2421869519115560
-48.7548754875487518 25.0133505038541131
-48.7348734873487288 -36.2726971054046459
-48.7148714871487130 31.8388177037131044
-48.6948694869486900 -10.6438762324670151
-48.6748674867486741 -13.8186197904683663
-48.6548654865486512 49.5246654900813326
-48.6348634863486353 10.6786693800298504
-48.6148614861486124 33.0111938884972886
-48.5948594859485894 17.0348510152789245
-48.5748574857485735 42.8900158271990861
-48.5548554855485506 5.4711667340003904
-48.5348534853485347 -26.2873193951027417
-48.5148514851485118 -11.0416621564036035
-48.4948494849484888 10.3056966094896723
-48.4748474847484729 67.3801451988062468
-48.4548454845484500 -3.5967634036724974
-48.4348434843484341 13.9288404405325252
-48.4148414841484112 12.9177770937072687
-48.3948394839483953 -11.6626696527277680
-48.3748374837483723 9.8704325617539084
-48.3548354835483494 1.3923501595718104
-48.3348334833483335 -28.1852653682237921
-48.3148314831483106 -3.3745514085399630
-48.2948294829482947 1.9273271858317447
-48.2748274827482717 -7.0849519466273811
-48.2548254825482488 28.3419937578075718
-48.2348234823482329 26.3642238568756895
-48.2148214821482100 39.7422266981620638
-48.1948194819481941 26.5664376574056433
-48.1748174817481711 32.0285961837290216
-48.1548154815481553 -62.0288470215069836
-48.1348134813481323 11.7821740178394361
-48.1148114811481094 13.8855492855077713
-48.0948094809480935 10.4828947371296444
-48.0748074807480705 -10.5830970709414078
-48.0548054805480547 58.6993691899804446
-48.0348034803480317 -4.0830393517333494
-48.0148014801480087 15.8299194113141137
-47.9947994799479929 -0.5807668826346841
-47.9747974797479699 7.3378064920108246
-47.9547954795479541 30.9087688855097262
-47.9347934793479311 11.7574257339401207
-47.9147914791479153 -21.4023347047286592
-47.8947894789478923 50.2016588590185933
-47.8747874787478693 56.9356731598993946
-47.8547854785478535 40.2862606716077920
-47.8347834783478305 -7.6871768223799926
-47.8147814781478147 -0.1976263631068225
-47.7947794779477917 47.2770212544001254
-47.7747774777477687 29.0100885327843585
-47.7547754775477529 4.4584604846704110
-47.7347734773477299 61.9348287580675390
-47.7147714771477141 22.5335817132974867
-47.6947694769476911 -12.8751955831021121
-47.6747674767476752 20.1222020900049472
-47.6547654765476523 11.0166051952750053
-47.6347634763476293 -4.3766787920972927
-47.6147614761476135 15.7186897083601096
-47.5947594759475905 18.5470337427618865
-47.5747574757475746 5.6028266179839736
-47.5547554755475517 9.4814920734631229
-47.5347534753475287 50.6509636045526648
-47.5147514751475128 -5.2570102562457883
-47.4947494749474899 -12.0211621518994818
-47.4747474747474740 27.4704556339274681
-47.4547454745474511 9.2542535519254496
-47.4347434743474352 8.7473509422257720
-47.4147414741474122 36.8167540431163687
-47.3947394739473893 -6.4381742173687737
-47.3747374737473734 69.2123618647285639
-47.3547354735473505 16.7042519159296035
-47.3347334733473346 -0.0726111362833635
-47.3147314731473116 36.7811048428373866
-47.2947294729472887 18.0714477732520642
-47.2747274727472728 6.4076931119282641
-47.2547254725472499 12.2874457862776456
-47.2347234723472340 49.6351268684535682
-47.2147214721472110 -24.0053012238524559
-47.1947194719471952 79.9234661045125563
-47.1747174717471722 28.0369741811490272
-47.1547154715471493 4.6262578501956391
-47.1347134713471334 20.0180120763399394
-47.1147114711471104 16.2831401610471147
-47.0947094709470946 10.5872616200113594
-47.0747074707470716 14.1869496781168252
-47.0547054705470487 12.3965811756562090
-47.0347034703470328 33.9031754779907288
-47.0147014701470098 26.3737299018870175
-46.9946994699469940 31.5995480991033268
-46.9746974697469710 1.2528239990972327
-46.9546954695469552 -12.6881056992764414
-46.9346934693469322 36.8933687597956208
-46.9146914691469092 12.6974101352435191
-46.8946894689468934 28.8094175181200960
-46.8746874687468704 6.7843151450512558
-46.8546854685468546 52.7750205802272205
-46.8346834683468316 18.5944568451259649
-46.8146814681468086 22.9246034902270779
-46.7946794679467928 48.7338414882319597
-46.7746774677467698 32.8532077720063143
-46.7546754675467540 -1.9990492441737402
-46.7346734673467310 47.1101514745970462
-46.7146714671467151 9.2861119209444318
-46.6946694669466922 42.2895483290531473
-46.6746674667466692 10.2121848243682507
-46.6546654665466534 9.6051537840541670
-46.6346634663466304 -24.6402599439910759
-46.6146614661466145 4.4606153377397568
-46.5946594659465916 12.5413191230400827
-46.5746574657465686 18.2394434319046503
-46.5546554655465528 19.1909788265178811
-46.5346534653465298 35.1834807050076961
-46.5146514651465139 24.3556118656767495
-46.4946494649464910 22.7197682576897293
-46.4746474647464751 -3.3433244616179465
-46.4546454645464522 8.8751933926965716
-46.4346434643464292 14.6542324413158163
-46.4146414641464133 48.8896333556766294
-46.3946394639463904 22.5566051532640230
-46.3746374637463745 21.8999771343169201
-46.3546354635463516 -28.7511303590238683
-46.3346334633463286 16.9713941860622839
-46.3146314631463127 30.0632192222682448
-46.2946294629462898 22.0515942496786153
-46.2746274627462739 0.3010757898046243
-46.2546254625462510 25.1399256381664102
-46.2346234623462351 33.2994194572757110
-46.2146214621462121 -46.0125254741976448
-46.1946194619461892 43.5816689744367238
-46.1746174617461733 -29.7663242632357772
-46.1546154615461504 36.5066903211866247
-46.1346134613461345 19.0899810352692931
-46.1146114611461115 51.6622482993586800
-46.0946094609460886 27.2089148612579308
-46.0746074607460727 42.4451081243144799
-46.0546054605460498 4.8774527939706189
-46.0346034603460339 -13.1258132967856760
-46.0146014601460109 9.9724149706488951
-45.9945994599459951 19.3108772073700159
-45.9745974597459721 33.1450164835189867
-45.9545954595459492 36.4615813746143687
-45.9345934593459333 -20.9348576951055527
-45.9145914591459103 14.8742088386554965
-45.8945894589458945 15.0449069518289740
-45.8745874587458715 45.5201981501891169
-45.8545854585458486 8.8768401033745761
-45.8345834583458327 38.3508294773699134
-45.8145814581458097 10.8042959045158984
-45.7945794579457939 35.3316073656799574
-45.7745774577457709 24.2816451515291796
-45.7545754575457551 16.3209939349725381
-45.7345734573457321 10.7622477468182840
-45.7145714571457091 21.1715468678070948
-45.6945694569456933 20.2313721445033359
-45.6745674567456703 -3.5560166836601361
-45.6545654565456545 42.5727834610171243
-45.6345634563456315 40.7555831962245705
-45.6145614561456085 14.3974529140908452
-45.5945594559455927 27.0111408533211232
-45.5745574557455697 37.5146734546773928
-45.5545554555455539 15.9833656696435895
-45.5345534553455309 6.9463823706928274
-45.5145514551455150 -0.0996085397300277
-45.4945494549454921 32.0685384662023480
-45.4745474547454691 53.9102864059541531
-45.4545454545454533 23.9874556428271788
-45.4345434543454303 62.2628030797434064
-45.4145414541454144 16.8052642749682661
-45.3945394539453915 -0.6821484861267777
-45.3745374537453685 24.2523535830961841
-45.3545354535453527 31.6357017116849306
-45.3345334533453297 7.1335772904819272
-45.3145314531453138 33.1576090271323523
-45.2945294529452909 26.4909611303540089
-45.2745274527452750 18.3714984978717233
-45.2545254525452521 42.8739653848339941
-45.2345234523452291 -15.0771368846561771
-45.2145214521452132 4.6621672763388844
-45.1945194519451903 56.5291079355183612
-45.1745174517451744 19.8774459427888601
-45.1545154515451514 39.5567259621226128
-45.1345134513451285 49.0351405819493777
-45.1145114511451126 26.2664455139144692
-45.0945094509450897 38.0103618442383890
-45.0745074507450738 11.7301954210005484
-45.0545054505450508 39.2174796713724021
-45.0345034503450350 43.5388708972103160
-45.0145014501450120 39.2206826796378820
-44.9944994499449891 20.1762502796390883
-44.9744974497449732 8.2002368628543429
-44.9544954495449502 21.3064501808548457
-44.9344934493449344 9.8429866048935217
-44.9144914491449114 20.9804818658049861
-44.8944894489448885 56.2885502254278975
-44.8744874487448726 -27.4538987525569880
-44.8544854485448496 7.8059335603568822
-44.8344834483448338 29.7747827841093056
-44.8144814481448108 54.6188583718873559
-44.7944794479447950 25.1642981274414730
-44.7744774477447720 51.1016251370381696
-44.7544754475447490 45.7138051500094562
-44.7344734473447332 75.0773243091412752
-44.7144714471447102 54.9695090086133078
-44.6944694469446944 6.3450757109323455
-44.6744674467446714 19.9963422525816021
-44.6544654465446484 -3.4484941119452976
-44.6344634463446326 56.2847251694655171
-44.6144614461446096 26.0878229698339190
-44.5944594459445938 28.7467988994282599
-44.5744574457445708 13.0835529684972993
-44.5544554455445549 55.2387001993858462
-44.5344534453445320 14.1081382864355742
-44.5144514451445090 -1.4050932419127555
-44.4944494449444932 37.0136848509182244
-44.4744474447444702 32.5883807709708151
-44.4544454445444543 23.8225245914389347
-44.4344434443444314 26.2226771452905361
-44.4144414441444084 9.7796460202959441
-44.3944394439443926 14.8038277668360614
-44.3744374437443696 -38.9704192077216760
-44.3544354435443537 11.9011746552352342
-44.3344334433443308 -19.4692454348246820
-44.3144314431443149 3.0048220359686937
-44.2944294429442920 12.0306866301507647
-44.2744274427442690 20.0861449580916762
-44.2544254425442531 -7.6395991871956141
-44.2344234423442302 41.0432864648705618
-44.2144214421442143 10.4130705264115004
-44.1944194419441914 -2.2877837888802688
-44.1744174417441684 -12.3166536431591460
-44.1544154415441525 43.4156936476729456
-44.1344134413441296 15.8235493203185591
-44.1144114411441137 32.7006145423433026
-44.0944094409440908 -13.0952009167247390
-44.0744074407440749 43.5991033330488236
-44.0544054405440519 27.2704365161958435
-44.0344034403440290 21.8780248062485043
-44.0144014401440131 21.0612962630087139
-43.9943994399439902 50.4337045868676341
-43.9743974397439743 59.5701921072136145
-43.9543954395439513 11.7849575623039673
-43.9343934393439284 34.9110540783584540
-43.9143914391439125 26.1127140266523945
-43.8943894389438896 31.4459791683132792
-43.8743874387438737 40.6777239417539320
-43.8543854385438507 0.0537154117849177
-43.8343834383438349 15.8177120424401352
-43.8143814381438119 27.2362915159439112
-43.7943794379437890 70.6035468377385342
-43.7743774377437731 71.3537888453935238
-43.7543754375437501 14.1186365384903958
-43.7343734373437343 47.7955975675239557
-43.7143714371437113 23.1875824600675600
-43.6943694369436884 12.2648503164494915
-43.6743674367436725 44.2711124627891337
-43.6543654365436495 14.3992254678478737
-43.6343634363436337 22.5938120894754029
-43.6143614361436107 38.0937742922572085
-43.5943594359435949 16.2632040511907476
-43.5743574357435719 39.9624757680288667
-43.5543554355435489 2.3656566995612778
-43.5343534353435331 45.0941195289409791
-43.5143514351435101 10.0809601261652322
-43.4943494349434943 10.2822351902916527
-43.4743474347434713 52.9802629065516228
-43.4543454345434483 29.1453004515839638
-43.4343434343434325 5.9171915946238229
-43.4143414341434095 -8.0061611720695431
-43.3943394339433937 9.4036776076466300
-43.3743374337433707 59.1911073998462669
-43.3543354335433548 -23.2941454709541489
-43.3343334333433319 -0.4461933587672959
-43.3143314331433089 36.6345652827731030
-43.2943294329432931 18.3828830610632892
-43.2743274327432701 28.1872062825599698
-43.2543254325432542 32.5212327967797776
-43.2343234323432313 22.2621531155364814
-43.2143214321432083 54.3900234336151698
-43.1943194319431925 25.6600795533908439
-43.1743174317431695 -49.1850490091179040
-43.1543154315431536 33.4954557132632686
-43.1343134313431307 19.8524704505736942
-43.1143114311431148 20.6176780673293401
-43.0943094309430919 26.9386342172305220
-43.0743074307430689 68.8810053651450716
-43.0543054305430530 30.1856863318874069
-43.0343034303430301 13.9547903782774281
-43.0143014301430142 29.6577902972419380
-42.9942994299429913 7.4692199381329907
-42.9742974297429683 21.3223150211870589
-42.9542954295429524 32.6396672680541684
-42.9342934293429295 41.9991300916569017
-42.9142914291429136 26.9696168186910441
-42.8942894289428907 10.6414142267053062
-42.8742874287428748 15.5422975263986292
-42.8542854285428518 -3.6524461030359312
-42.8342834283428289 21.4717829766540191
-42.8142814281428130 8.3760816026579619
-42.7942794279427901 0.6442662916238291
-42.7742774277427742 7.8490293979570183
-42.7542754275427512 3.9345616139819484
-42.7342734273427283 34.0781606524305900
-42.7142714271427124 20.5200100481680927
-42.6942694269426894 19.9443908070131961
-42.6742674267426736 2.5439037627830920
-42.6542654265426506 5.5663678101279537
-42.6342634263426348 -2.8953982655188817
-42.6142614261426118 18.8228399777254758
-42.5942594259425888 30.7026598993042334
-42.5742574257425730 31.5386416257168278
-42.5542554255425500 8.8680137798689422
-42.5342534253425342 21.5915996489532098
-42.5142514251425112 22.4811229903701530
-42.4942494249424882 33.4991111225428355
-42.4742474247424724 22.5155635779004264
-42.4542454245424494 -2.3024833825639739
-42.4342434243424336 24.2806838678640453
-42.4142414241424106 -6.7243141308496561
-42.3942394239423948 21.5650436903345017
-42.3742374237423718 40.8920967457963727
-42.3542354235423488 16.1621915281936417
-42.3342334233423330 37.3736255292719619
-42.3142314231423100 10.8796564529687458
-42.2942294229422941 35.0953636462499290
-42.2742274227422712 22.5055754592812818
-42.2542254225422482 37.1236746999434075
-42.2342234223422324 27.1455447095308884
-42.2142214221422094 37.9523606831106477
-42.1942194219421935 51.0212508027077902
-42.1742174217421706 8.7923641795561380
-42.1542154215421547 46.7759511819063505
-42.1342134213421318 36.0600234262154089
-42.1142114211421088 39.1543704730763835
-42.0942094209420929 43.5941773178929850
-42.0742074207420700 25.5210452510036987
-42.0542054205420541 1.2472804813905078
-42.0342034203420312 41.0423036654210733
-42.0142014201420082 32.7348871153747112
-41.9941994199419923 -5.1610505254071839
-41.9741974197419694 44.0390619518788355
-41.9541954195419535 22.9512731963332364
-41.9341934193419306 -5.7883929799635041
-41.9141914191419147 43.6574279914968173
-41.8941894189418917 32.2923718154793846
-41.8741874187418688 53.9010774336361820
-41.8541854185418529 29.5317925613587100
-41.8341834183418300 12.5182869857902261
-41.8141814181418141 -15.6737879114448262
-41.7941794179417911 50.0489196186332492
-41.7741774177417682 35.9841634794153151
-41.7541754175417523 40.2977925192867588
-41.7341734173417294 -5.2616515028527004
-41.7141714171417135 23.8156277864626276
-41.6941694169416905 60.9735378034670958
-41.6741674167416747 14.8934514047940976
-41.6541654165416517 18.6331550942098545
-41.6341634163416288 61.7413744545271186
-41.6141614161416129 14.1615349148701686
-41.5941594159415899 37.8756825720042869
-41.5741574157415741 26.7672596129401157
-41.5541554155415511 20.3927206938888688
-41.5341534153415282 30.8293842822670285
-41.5141514151415123 -8.8002443694050214
-41.4941494149414893 -4.1800359011336248
-41.4741474147414735 23.9273916002357296
-41.4541454145414505 66.8145026468620671
-41.4341434143414347 63.7201614765946118
-41.4141414141414117 16.2927596952309663
-41.3941394139413887 21.0796788463573073
-41.3741374137413729 51.8704696772877440
-41.3541354135413499 23.8530761185204803
-41.3341334133413341 32.0874476746543138
-41.3141314131413111 30.5146874730910653
-41.2941294129412881 22.9750187064167335
-41.2741274127412723 28.7177277132273474
-41.2541254125412493 37.3034193902883402
-41.2341234123412335 1.8893250799088541
-41.2141214121412105 52.2159637922449988
-41.1941194119411946 59.8760226485158213
-41.1741174117411717 16.9917198814450359
-41.1541154115411487 59.4822960374294283
-41.1341134113411329 26.7264570001731308
-41.1141114111411099 39.3882067343556415
-41.0941094109410940 45.9186527022728015
-41.0741074107410711 -26.5222374670699281
-41.0541054105410481 -0.2158003067858481
-41.0341034103410323 30.1476115311165351
-41.0141014101410093 32.4931217094644964
-40.9940994099409934 16.8865604625190713
-40.9740974097409705 35.7497790578429715
-40.9540954095409546 55.4675408410329140
-40.9340934093409317 34.0068358109286351
-40.9140914091409087 27.1195812539443111
-40.8940894089408928 13.6394283422020948
-40.8740874087408699 36.0898984224028396
-40.8540854085408540 30.0027039133452504
-40.8340834083408311 17.5770048073906473
-40.8140814081408081 16.0936136441047459
-40.7940794079407922 -20.1668092594511847
-40.7740774077407693 56.9573549409624462
-40.7540754075407534 40.3056538135326861
-40.7340734073407305 60.7458376301529128
-40.7140714071407146 57.5040067403073891
-40.6940694069406916 6.4308067103819972
-40.6740674067406687 32.3418599422133752
-40.6540654065406528 -4.9181591443881416
-40.6340634063406299 51.1016791451781529
-40.6140614061406140 36.8320975854076522
-40.5940594059405910 29.9233999796509487
-40.5740574057405681 18.7681837265336284
-40.5540554055405522 24.1456933757464611
-40.5340534053405293 37.0400481623294127
-40.5140514051405134 64.3044668430048887
-40.4940494049404904 57.4717391800927899
-40.4740474047404746 50.4865810267753830
-40.4540454045404516 22.5989595973856368
-40.4340434043404287 38.2524012715331452
-40.4140414041404128 9.9262889585545793
-40.3940394039403898 34.0924731871450888
-40.3740374037403740 39.9442223682410429
-40.3540354035403510 65.3994487311229875
-40.3340334033403281 20.1267080767332658
-40.3140314031403122 68.6837383834656237
-40.2940294029402892 71.1414493197934377
-40.2740274027402734 47.8172947187933417
-40.2540254025402504 20.5659051919789206
-40.2340234023402346 31.9907590693451915
-40.2140214021402116 7.6448788649431130
-40.1940194019401886 54.0060745440875394
-40.1740174017401728 75.9619744453554375
-40.1540154015401498 18.8006264015254345
-40.1340134013401340 19.3738602565781939
-40.1140114011401110 20.2277753082571543
-40.0940094009400880 28.8828580290219996
-40.0740074007400722 -11.5017015019097677
-40.0540054005400492 17.0438472601602165
-40.0340034003400334 2.8352301194218867
-40.0140014001400104 26.7801807530585840
-39.9939993999399945 3.4679904370311405
-39.9739973997399716 0.2407149005893316
-39.9539953995399486 -10.3968206134173968
-39.9339933993399328 62.5140521467980861
-39.9139913991399098 12.2602152209728885
-39.8939893989398939 10.2093708383795665
-39.8739873987398710 52.8416310986087154
-39.8539853985398480 26.6668050848225917
-39.8339833983398321 -16.0293437422001759
-39.8139813981398092 50.1832583629968809
-39.7939793979397933 38.3529253243020065
-39.7739773977397704 5.1127101762571456
-39.7539753975397545 12.6744925425709418
-39.7339733973397315 26.7676390142715910
-39.7139713971397086 18.3635611433833681
-39.6939693969396927 30.3278952316981574
-39.6739673967396698 23.1549170277143617
-39.6539653965396539 -20.4640356498847709
-39.6339633963396309 9.4703414371342483
-39.6139613961396080 24.8788866138062552
-39.5939593959395921 38.7938708148547988
-39.5739573957395692 42.9807361784677369
-39.5539553955395533 35.5650770970694055
-39.5339533953395303 43.5372315631202298
-39.5139513951395145 21.9144490999309234
-39.4939493949394915 23.8811394026819883
-39.4739473947394686 43.7985948338056090
-39.4539453945394527 16.2896913707262101
-39.4339433943394297 3.8446893436186471
-39.4139413941394139 49.0057324673293522
-39.3939393939393909 30.2834907939626277
-39.3739373937393680 42.5778176533655781
-39.3539353935393521 44.6744958137707400
-39.3339333933393291 3.5021854947877209
-39.3139313931393133 18.3008096130000695
-39.2939293929392903 49.0931482044399914
-39.2739273927392745 -0.3691141859066107
-39.2539253925392515 23.6487694995823787
-39.2339233923392285 31.6047385759262482
-39.2139213921392127 19.3942964786921621
-39.1939193919391897 37.3966448526397528
-39.1739173917391739 65.0900471133086143
-39.1539153915391509 20.3641626488538066
-39.1339133913391279 39.7763709824243676
-39.1139113911391121 48.2835906129156598
-39.0939093909390891 35.4574656406714723
-39.0739073907390733 34.1822289275310709
-39.0539053905390503 -4.6312526719032867
-39.0339033903390344 52.9642978458837916
-39.0139013901390115 24.7637813784398517
-38.9938993899389885 16.6934531994390660
-38.9738973897389727 32.4221757746785144
-38.9538953895389497 16.4180620721128605
-38.9338933893389338 24.1665164723627015
-38.9138913891389109 31.1355256030235381
-38.8938893889388879 14.5165400637122897
-38.8738873887388721 36.6196876461231255
-38.8538853885388491 33.9851349727981642
-38.8338833883388332 17.9995162114846750
-38.8138813881388103 47.8524189837006872
-38.7938793879387944 11.4636692543252039
-38.7738773877387715 79.6506104717765311
-38.7538753875387485 19.5555447276163079
-38.7338733873387326 35.2859753985451192
-38.7138713871387097 49.9680563816502357
-38.6938693869386938 18.5946095121583319
-38.6738673867386709 17.9483358045841896
-38.6538653865386479 -7.5670610460895134
-38.6338633863386320 13.7253866402504485
-38.6138613861386091 21.9700882462641260
-38.5938593859385932 64.2612344172466123
-38.5738573857385703 16.8542067385910457
-38.5538553855385544 19.6838224565567756
-38.5338533853385314 10.3627367082980761
-38.5138513851385085 6.0823921924797837
-38.4938493849384926 51.4606854130999452
-38.4738473847384697 31.2294472496632451
-38.4538453845384538 59.7811858078966480
-38.4338433843384308 52.8521941770087551
-38.4138413841384079 92.9290348962335884
-38.3938393839383920 63.8147560290282740
-38.3738373837383691 15.0598850129551174
-38.3538353835383532 41.4530205157451164
-38.3338333833383302 28.2173975119798435
-38.3138313831383073 -3.3769930112399891
-38.2938293829382914 3.9537748569395781
-38.2738273827382685 61.6390265102069037
-38.2538253825382526 20.4651162308393637
-38.2338233823382296 48.6100906259998027
-38.2138213821382138 53.7165081224651999
-38.1938193819381908 19.3365903603977500
-38.1738173817381679 39.2269631562936354
-38.1538153815381520 -12.6828686912238062
-38.1338133813381290 31.5303424890937478
-38.1138113811381132 45.9260666464976524
-38.0938093809380902 18.6286902363093354
-38.0738073807380673 20.7926906097892896
-38.0538053805380514 49.2613807170881870
-38.0338033803380284 -10.1371346554139770
-38.0138013801380126 64.9876378919516497
-37.9937993799379896 41.2124440996930801
-37.9737973797379738 30.4072756330581058
-37.9537953795379508 63.1265813690082638
-37.9337933793379278 38.8762116932911113
-37.9137913791379120 -28.3232204105423016
-37.8937893789378890 32.8040970080587257
-37.8737873787378732 14.8601888984671380
-37.8537853785378502 51.3053631220661686
-37.8337833783378272 59.5733837743403569
-37.8137813781378114 36.7236879471027180
-37.7937793779377884 65.0534713780772051
-37.7737773777377726 45.5507736780326482
-37.7537753775377496 60.2139636209242326
-37.7337733773377337 27.7543371136980959
-37.7137713771377108 16.0517685460768185
-37.6937693769376878 41.7975675057882086
-37.6737673767376720 47.9130107669660532
-37.6537653765376490 30.9029337944889058
-37.6337633763376331 14.8592214763013306
-37.6137613761376102 28.1207010571074782
-37.5937593759375872 17.5478015101708849
-37.5737573757375714 28.2014463654169241
-37.5537553755375484 31.9483556994008460
-37.5337533753375325 18.5108437811273845
-37.5137513751375096 11.0095542157769657
-37.4937493749374937 36.6225884047569537
-37.4737473747374708 -14.8731280252913152
-37.4537453745374478 51.8771432835182367
-37.4337433743374319 30.3669270590467484
-37.4137413741374090 41.2464278346381263
-37.3937393739373931 58.5393367283467825
-37.3737373737373701 23.4868185121963648
-37.3537353735373472 37.5075708361321247
-37.3337333733373313 56.4063871511509234
-37.3137313731373084 41.9157689858152978
-37.2937293729372925 33.4820596307692782
-37.2737273727372695 -23.5850145411439840
-37.2537253725372537 11.6681972406350951
-37.2337233723372307 16.0273088546794718
-37.2137213721372078 -11.3051444800051399
-37.1937193719371919 37.2408994913067417
-37.1737173717371689 9.1375321631791415
-37.1537153715371531 9.4542962385129741
-37.1337133713371301 13.7609756969725154
-37.1137113711371072 23.7985560126909732
-37.0937093709370913 46.4438342060526423
-37.0737073707370683 59.6081782786850027
-37.0537053705370525 14.1912524634707360
-37.0337033703370295 13.5307689204352499
-37.0137013701370137 34.3300793814698864
-36.9936993699369907 37.8106743667426812
-36.9736973697369677 -9.8036518831125115
-36.9536953695369519 42.7393821059527141
-36.9336933693369289 37.9100174250631596
-36.9136913691369131 13.2351878900894562
-36.8936893689368901 46.1255940909775930
-36.8736873687368671 41.0304523911594217
-36.8536853685368513 28.8604305866120541
-36.8336833683368283 14.0157294733184337
-36.8136813681368125 81.1868194191425800
-36.7936793679367895 16.6045730673523977
-36.7736773677367736 52.3963509604625628
-36.7536753675367507 54.4559311018198073
-36.7336733673367277 19.5262001889190913
-36.7136713671367119 15.5909761607043915
-36.6936693669366889 11.3603113700268530
-36.6736673667366730 8.6948261390224424
-36.6536653665366501 34.1643568509090088
-36.6336633663366271 19.8149702785983095
-36.6136613661366113 26.8679341432180649
-36.5936593659365883 19.1382219045364081
-36.5736573657365724 9.7675000433861818
-36.5536553655365495 47.6696240548369872
-36.5336533653365336 53.3651997329012460
-36.5136513651365107 52.4661193439752935
-36.4936493649364877 39.1301387832042096
-36.4736473647364718 38.5802255592662959
-36.4536453645364489 25.4505355518804848
-36.4336433643364330 35.5718798381293198
-36.4136413641364101 42.7459785045071641
-36.3936393639363871 3.5974735311295660
-36.3736373637363712 21.8348033971257429
-36.3536353635363483 58.6266838686350837
-36.3336333633363324 -2.7655068974730384
-36.3136313631363095 34.0000019491480074
-36.2936293629362936 7.5219105297828293
-36.2736273627362706 28.8694769644832085
-36.2536253625362477 28.1672952398465313
-36.2336233623362318 34.9749953138510747
-36.2136213621362089 0.6046352727219322
-36.1936193619361930 2.5239962566436276
-36.1736173617361700 4.4038730068603122
-36.1536153615361471 11.3972856071493602
-36.1336133613361312 13.7982266060171774
-36.1136113611361083 51.0551440716271969
-36.0936093609360924 27.7348809023502625
-36.0736073607360694 32.9714089462755950
-36.0536053605360536 40.8677846892229653
-36.0336033603360306 27.3640525827628238
-36.0136013601360077 -4.3911018025949318
-35.9935993599359847 29.4988259736455980
-35.9735973597359759 23.2171329772434270
-35.9535953595359530 12.2186837366642003
-35.9335933593359300 34.6700221538573743
-35.9135913591359071 18.6727423189806139
-35.8935893589358841 53.3113709953807415
-35.8735873587358753 37.5545286314468427
-35.8535853585358524 65.7095644908903438
-35.8335833583358294 31.1926228199153819
-35.8135813581358065 -0.4052023151534137
-35.7935793579357835 40.7275403043479045
-35.7735773577357747 57.9563104690768682
-35.7535753575357518 39.6232491462013883
-35.7335733573357288 34.3762008401862360
-35.7135713571357059 31.6417291810458892
-35.6935693569356971 79.7064861743044446
-35.6735673567356741 77.4523433131981562
-35.6535653565356512 12.9943052241473218
-35.6335633563356282 9.8717633807199157
-35.6135613561356053 33.6980932251274510
-35.5935593559355965 51.7221858533651258
-35.5735573557355735 28.2793111358139022
-35.5535553555355506 39.9742166422193321
-35.5335533553355276 49.0320142437344089
-35.5135513551355047 26.0182114361475314
-35.4935493549354959 12.2584029438067397
-35.4735473547354729 75.9954296317912963
-35.4535453545354500 44.1840459739392202
-35.4335433543354270 41.5473582275661641
-35.4135413541354040 -2.7027062057173339
-35.3935393539353953 56.5972535699896753
-35.3735373537353723 37.6827917299621333
-35.3535353535353494 35.6122311056550132
-35.3335333533353264 32.8123422068683155
-35.3135313531353034 -6.1529579494576296
-35.2935293529352947 -2.3530634424428811
-35.2735273527352717 23.1374777937193414
-35.2535253525352488 26.8266689226027921
-35.2335233523352258 -10.8687020179616205
-35.2135213521352171 28.7997992783607124
-35.1935193519351941 3.0740014084251257
-35.1735173517351711 67.0369241456235443
-35.1535153515351482 -5.6173366144791288
-35.1335133513351252 42.4873537144760363
-35.1135113511351165 20.6401255771277405
-35.0935093509350935 51.8873038525732326
-35.0735073507350705 55.7741177081156252
-35.0535053505350476 27.2245628290355945
-35.0335033503350246 52.4347370893439972
-35.0135013501350159 43.9306453253334723
-34.9934993499349929 31.4607251532827270
-34.9734973497349699 63.0412495890283964
-34.9534953495349470 9.1758898108272611
-34.9334933493349240 55.1174965698822348
-34.9134913491349153 6.9361403002865849
-34.8934893489348923 41.6455655059246084
-34.8734873487348693 62.1167012675879135
-34.8534853485348464 1.9808615088958845
-34.8334833483348234 10.6060563101086807
-34.8134813481348147 22.4743673599470561
-34.7934793479347917 37.1829773637208802
-34.7734773477347687 52.0709551755981437
-34.7534753475347458 56.1833485330735982
-34.7334733473347370 27.2330071846690878
-34.7134713471347141 13.4775111345925254
-34.6934693469346911 4.5028776922412490
-34.6734673467346681 34.0336348470895729
-34.6534653465346452 -19.9360414703640707
-34.6334633463346364 50.4745316248092877
-34.6134613461346134 16.0810839196703412
-34.5934593459345905 -3.0942277339762363
-34.5734573457345675 14.6622556281542025
-34.5534553455345446 9.0492934870080575
-34.5334533453345358 43.3376196012331008
-34.5134513451345128 4.5820065098058578
-34.4934493449344899 52.0048361055824628
-34.4734473447344669 2.1371980290831019
-34.4534453445344440 -0.4473074717274024
-34.4334433443344352 35.8743612145390927
-34.4134413441344122 11.4853932719650764
-34.3934393439343893 -9.1412865919527100
-34.3734373437343663 38.4559421300831161
-34.3534353435343434 24.0689114091433183
-34.3334333433343346 -0.4882816114776247
-34.3134313431343116 25.2370250215681295
-34.2934293429342887 33.7383108875887743
-34.2734273427342657 -2.1457566313186156
-34.2534253425342570 22.3688903658098823
-34.2334233423342340 -7.1650587118292748
-34.2134213421342110 69.1059642731566726
-34.1934193419341881 15.8724307140433289
-34.1734173417341651 27.9984619728570259
-34.1534153415341564 67.0198055654784355
-34.1334133413341334 54.2536066157883212
-34.1134113411341104 22.7677405656239387
-34.0934093409340875 26.2830450502491431
-34.0734073407340645 41.2041047754397027
-34.0534053405340558 46.6716643009697236
-34.0334033403340328 29.9650328269673096
-34.0134013401340098 57.8920707104167818
-33.9933993399339869 -2.9659422917773348
-33.9733973397339639 43.4134894848408734
-33.9533953395339552 26.3765764775448837
-33.9333933393339322 58.0352818868010871
-33.9133913391339092 -27.3828683191414086
-33.8933893389338863 33.1839088817971941
-33.8733873387338633 45.8459570447947158
-33.8533853385338546 -32.7863893556552739
-33.8333833383338316 18.0237778811209068
-33.8133813381338086 27.0175582340620508
-33.7933793379337857 14.4317430945667553
-33.7733773377337769 20.0635168343216108
-33.7533753375337540 15.1075129935470613
-33.7333733373337310 -16.0674951988018861
-33.7133713371337080 37.6855479209932440
-33.6933693369336851 40.2610380794890901
-33.6733673367336763 3.3795770559089320
-33.6533653365336534 33.8802708758044204
-33.6333633363336304 8.1296167970924351
-33.6133613361336074 -8.4338295616221259
-33.5933593359335845 50.8980103392091507
-33.5733573357335757 68.4833555585485669
-33.5533553355335528 -6.3869240368361488
-33.5333533353335298 26.0017285960580260
-33.5133513351335068 72.6965738827203722
-33.4933493349334839 0.2071645172959684
-33.4733473347334751 30.6444018796213236
-33.4533453345334522 35.2250793532225970
-33.4333433343334292 45.8308803639993201
-33.4133413341334062 32.5210243814258888
-33.3933393339333833 17.9649229177739258
-33.3733373337333745 22.7231393187637494
-33.3533353335333516 34.8827348579087868
-33.3333333333333286 16.9216340435054633
-33.3133313331333056 45.5810475391661569
-33.2933293329332969 55.3962996950845650
-33.2733273327332739 35.9394371455728887
-33.2533253325332510 11.2042006087219299
-33.2333233323332280 11.6074014657104456
-33.2133213321332050 13.3128252803121043
-33.1933193319331963 28.5770076148257424
-33.1733173317331733 21.5470353357299800
-33.1533153315331504 -0.9892719917680814
-33.1333133313331274 23.0768110289368238
-33.1133113311331044 27.9250535032630118
-33.0933093309330957 34.7328007666418159
-33.0733073307330727 8.9745184660704851
-33.0533053305330498 33.0762722044214001
-33.0333033303330268 36.4058877740463771
-33.0133013301330038 51.4105302073387875
-32.9932993299329951 13.7435287529512742
-32.9732973297329721 24.4960852821665469
-32.9532953295329492 44.4304229730275466
-32.9332933293329262 30.2805966960791970
-32.9132913291329032 19.4969530798168478
-32.8932893289328945 27.3149867370036965
-32.8732873287328715 24.8032829248682667
-32.8532853285328486 55.0190698577153938
-32.8332833283328256 56.8679991090291992
-32.8132813281328168 -0.6914866439411895
-32.7932793279327939 20.8496179817920577
-32.7732773277327709 15.7484824259314795
-32.7532753275327480 -7.7490321633807149
-32.7332733273327250 43.7853243266819518
-32.7132713271327162 62.2490799784623050
-32.6932693269326933 33.2105240139253368
-32.6732673267326703 32.1453741693728219
-32.6532653265326474 40.7034447318580348
-32.6332633263326244 29.8653388998363027
-32.6132613261326156 28.3198611833487099
-32.5932593259325927 25.4975122500850624
-32.5732573257325697 43.9775365696280431
-32.5532553255325467 59.4042397445992378
-32.5332533253325238 15.4644224969107071
-32.5132513251325150 18.8014370694262922
-32.4932493249324921 10.2232701089192055
-32.4732473247324691 36.0310236362946057
-32.4532453245324461 31.3994513594002207
-32.4332433243324232 13.6034130162549083
-32.4132413241324144 -16.4503448662146496
-32.3932393239323915 -24.3529571885027885
-32.3732373237323685 65.2081848417356582
-32.3532353235323455 47.5233186545233366
-32.3332333233323368 10.6275536404908557
-32.3132313231323138 71.6796868252099841
-32.2932293229322909 68.7364939919719120
-32.2732273227322679 34.1829488712445340
-32.2532253225322449 60.9287756804685685
-32.2332233223322362 32.8093242338569411
-32.2132213221322132 -11.1196398480416043
-32.1932193219321903 20.8892235353464457
-32.1732173217321673 47.7481060543098081
-32.1532153215321443 2.4012940218613359
-32.1332133213321356 -3.1614258358707019
-32.1132113211321126 43.7953248312778101
-32.0932093209320897 26.7423601776399025
-32.0732073207320667 55.4223175432281039
-32.0532053205320437 32.2023598830683184
-32.0332033203320350 53.6002541829620469
-32.0132013201320120 29.6175111955556183
-31.9931993199319891 65.6730845582657423
-31.9731973197319661 78.2242427891516741
-31.9531953195319431 8.6541046471476761
-31.9331933193319344 20.2307931198697091
-31.9131913191319114 -5.7526925089318190
-31.8931893189318885 40.3561709126486008
-31.8731873187318655 68.9913277023602802
-31.8531853185318568 20.2389522320858362
-31.8331833183318338 56.9701501290051056
-31.8131813181318108 34.0362675767144580
-31.7931793179317879 24.7480742628501318
-31.7731773177317649 63.2449419982260892
-31.7531753175317561 -4.9075715542115823
-31.7331733173317332 53.5278190485372676
-31.7131713171317102 29.0397297350117967
-31.6931693169316873 18.0050313733633622
-31.6731673167316643 27.0288659173812746
-31.6531653165316555 74.5584477629039242
-31.6331633163316326 -20.7033335375881720
-31.6131613161316096 -3.4031799931407107
-31.5931593159315867 31.9821536740988250
-31.5731573157315637 32.7035744860590327
-31.5531553155315549 -3.0917006102348914
-31.5331533153315320 54.0989797542743247
-31.5131513151315090 29.9274562235459243
-31.4931493149314861 52.1707316016644000
-31.4731473147314631 67.8592982587692575
-31.4531453145314543 40.6781250776031698
-31.4331433143314314 24.7115832185780455
-31.4131413141314084 46.4814148956536712
-31.3931393139313855 68.7010614688647223
-31.3731373137313767 28.9780959524157815
-31.3531353135313537 5.2407418738037528
-31.3331333133313308 38.4799486285476036
-31.3131313131313078 17.4474745151422610
-31.2931293129312849 -2.5455192346911666
-31.2731273127312761 9.2632872832296513
-31.2531253125312531 36.8150810356964513
-31.2331233123312302 17.0008684748142116
-31.2131213121312072 23.1013655192552463
-31.1931193119311843 15.4981037309200183
-31.1731173117311755 55.1607670988553664
-31.1531153115311525 55.7433142028404305
-31.1331133113311296 18.3221058672829926
-31.1131113111311066 42.8607951378893333
-31.0931093109310837 29.9485890602313063
-31.0731073107310749 -8.9840031038263888
-31.0531053105310519 7.4084651404776878
-31.0331033103310290 39.5423370118645749
-31.0131013101310060 17.9419925725946534
-30.9930993099309831 49.0176727783498762
-30.9730973097309743 19.5767153912601586
-30.9530953095309513 22.4708791751978012
-30.9330933093309284 31.0463756123316408
-30.9130913091309054 59.1716371247241000
-30.8930893089308967 33.5185763646573136
-30.8730873087308737 47.8210719192736917
-30.8530853085308507 59.9524822243229778
-30.8330833083308278 39.5957153370984685
-30.8130813081308048 34.1453995164983297
-30.7930793079307961 7.3024699758905456
-30.7730773077307731 12.3499892986697990
-30.7530753075307501 60.2778012563658194
-30.7330733073307272 31.1814188462212627
-30.7130713071307042 8.2030539062809744
-30.6930693069306955 22.6008933419293427
-30.6730673067306725 18.8774305605113923
-30.6530653065306495 37.5590375050354552
-30.6330633063306266 32.0293789080518323
-30.6130613061306036 33.8292545923979588
-30.5930593059305949 21.7579545379814121
-30.5730573057305719 16.9537238052977557
-30.5530553055305489 67.2072542820762067
-30.5330533053305260 -2.7087246762557626
-30.5130513051305030 6.8767137437798240
-30.4930493049304943 45.8493009983257451
-30.4730473047304713 18.3441036275361427
-30.4530453045304483 44.4475921091834678
-30.4330433043304254 64.2971513364399527
-30.4130413041304166 34.9337809262992920
-30.3930393039303937 28.7676866519359322
-30.3730373037303707 41.0078464676991814
-30.3530353035303477 30.6853573689821388
-30.3330333033303248 36.8027689155300806
-30.3130313031303160 32.2899875229254860
-30.2930293029302931 13.0177745112055003
-30.2730273027302701 62.1321993455826913
-30.2530253025302471 28.7511727031647837
-30.2330233023302242 4.8256464002752786
-30.2130213021302154 41.3370014629467519
-30.1930193019301925 56.3624694572393281
-30.1730173017301695 15.1063203264024608
-30.1530153015301465 -5.3567025431740944
-30.1330133013301236 34.2367598013260306
-30.1130113011301148 -22.6654712888502523
-30.0930093009300919 34.7988626307510174
-30.0730073007300689 30.7770066643578417
-30.0530053005300459 -14.6453237099067088
-30.0330033003300230 22.2654427135573911
-30.0130013001300142 -9.6397436397993843
-29.9929992999299913 12.9938325822598006
-29.9729972997299683 27.3350033960302525
-29.9529952995299453 60.6667314549713694
-29.9329932993299366 12.0134276099712558
-29.9129912991299136 17.0619510952863251
-29.8929892989298907 1.8992087325356941
-29.8729872987298677 31.9226100004279303
-29.8529852985298447 13.4535408041409905
-29.8329832983298360 34.8149805306954505
-29.8129812981298130 18.2474237759461388
-29.7929792979297901 45.4812029273329017
-29.7729772977297671 21.5667699543115177
-29.7529752975297441 -23.1173410896922924
-29.7329732973297354 21.7282748970658659
-29.7129712971297124 44.7138605045915227
-29.6929692969296894 -9.5354624818025187
-29.6729672967296665 24.3877143246664616
-29.6529652965296435 66.7107414442762945
-29.6329632963296348 -12.1317276733242139
-29.6129612961296118 10.7567154426569047
-29.5929592959295888 31.6889196808827549
-29.5729572957295659 -12.1865117047455200
-29.5529552955295429 29.1923722721709851
-29.5329532953295342 44.4968014358265833
-29.5129512951295112 26.7564037153112046
-29.4929492949294882 37.4674088185238219
-29.4729472947294653 29.3082243836033456
-29.4529452945294565 36.0148715499679497
-29.4329432943294336 48.2152327389294300
-29.4129412941294106 22.2651761149981766
-29.3929392939293876 10.8264433324745717
-29.3729372937293647 29.7156413613990829
-29.3529352935293559 8.1893387105756439
-29.3329332933293330 12.8440901413480084
-29.3129312931293100 20.9825694453961766
-29.2929292929292870 11.2895192759827072
-29.2729272927292641 22.4085826999976163
-29.2529252925292553 4.4309938417392161
-29.2329232923292324 -0.2789841455640634
-29.2129212921292094 29.0425682867607264
-29.1929192919291864 97.9854705789813636
-29.1729172917291635 53.3812623089432776
-29.1529152915291547 33.7498739384337370
-29.1329132913291318 45.5084974637750292
-29.1129112911291088 26.4505011299603261
-29.0929092909290858 60.2701047023374912
-29.0729072907290629 28.4440759824114764
-29.0529052905290541 7.6573342764422101
-29.0329032903290312 2.7312169064247591
-29.0129012901290082 28.8368340850315086
-28.9928992899289852 -13.2509873095823494
-28.9728972897289765 60.3709332999719095
-28.9528952895289535 -11.5176522348422559
-28.9328932893289306 69.8355441449557759
-28.9128912891289076 9.5705556248683799
-28.8928892889288846 20.1751222154001724
-28.8728872887288759 20.5645855821668988
-28.8528852885288529 60.9972398005005090
-28.8328832883288300 34.5988448281827132
-28.8128812881288070 35.5435899940351732
-28.7928792879287840 21.8244362996368260
-28.7728772877287753 47.2111497855449969
-28.7528752875287523 26.1328817274831877
-28.7328732873287294 22.5581542566287183
-28.7128712871287064 1.4315488238378649
-28.6928692869286834 54.0755170823989744
-28.6728672867286747 22.9383454731474430
-28.6528652865286517 -10.6415019738133196
-28.6328632863286288 20.9383804771156825
-28.6128612861286058 56.0706182822556514
-28.5928592859285828 1.6440607909359457
-28.5728572857285741 1.6616229411069270
-28.5528552855285511 53.1643382847223336
-28.5328532853285282 11.5992211424946348
-28.5128512851285052 37.3073290773826756
-28.4928492849284964 -1.6807555474355453
-28.4728472847284735 49.9204294813871883
-28.4528452845284505 30.6995338690727024
-28.4328432843284276 6.4823642525712941
-28.4128412841284046 50.1229039393938507
-28.3928392839283958 16.5857780558444006
-28.3728372837283729 36.8449281011276781
-28.3528352835283499 8.8947421561473501
-28.3328332833283270 -8.8493405869788866
-28.3128312831283040 15.1187586045666809
-28.2928292829282952 30.3986329644830668
-28.2728272827282723 8.8745801305593304
-28.2528252825282493 -22.7431262817061004
-28.2328232823282264 20.4923330525231258
-28.2128212821282034 37.4441704021176918
-28.1928192819281946 38.5915927891614103
-28.1728172817281717 44.5678984196599828
-28.1528152815281487 39.9147316988153023
-28.1328132813281258 6.5507577386537541
-28.1128112811281028 -5.7348836021173391
-28.0928092809280940 27.6408745812966927
-28.0728072807280711 81.7359850668135408
-28.0528052805280481 33.4614458372284034
-28.0328032803280252 31.2406264967712417
-28.0128012801280022 5.1108848040580455
-27.9927992799279934 22.9165236645036678
-27.9727972797279705 28.4846583504270576
-27.9527952795279475 15.3959851434979171
-27.9327932793279246 29.0359219796276840
-27.9127912791279158 37.8762632087637385
-27.8927892789278928 51.0760194289033578
-27.8727872787278699 9.5713281767202556
-27.8527852785278469 30.1671826310668720
-27.8327832783278240 -8.8075201980021305
-27.8127812781278152 46.8378918796094297
-27.7927792779277922 39.6144101336045509
-27.7727772777277693 32.2656818192091777
-27.7527752775277463 19.9343980122181570
-27.7327732773277233 49.7496348875145316
-27.7127712771277146 51.2699258749425582
-27.6927692769276916 27.5645955176704156
-27.6727672767276687 39.5967824028991942
-27.6527652765276457 13.9437867292639197
-27.6327632763276227 45.7025439851695836
-27.6127612761276140 83.0755276610799456
-27.5927592759275910 22.6001938638640283
-27.5727572757275681 4.9927978621469222
-27.5527552755275451 17.2482656953692981
-27.5327532753275221 -7.1266464285457616
-27.5127512751275134 51.6971396172827724
-27.4927492749274904 51.2453456118208237
-27.4727472747274675 17.2636854966925242
-27.4527452745274445 33.4611701037310638
-27.4327432743274358 23.5133070888536366
-27.4127412741274128 45.5388421095907034
-27.3927392739273898 14.1621136029917878
-27.3727372737273669 29.8412592956747709
-27.3527352735273439 33.3774885565992889
-27.3327332733273352 9.8723712464661908
-27.3127312731273122 28.6504548114815485
-27.2927292729272892 -22.5465707169839291
-27.2727272727272663 42.9937661857817162
-27.2527252725272433 7.6590080563888687
-27.2327232723272346 16.6961592833430714
-27.2127212721272116 7.0881693508900785
-27.1927192719271886 32.1965811753747815
-27.1727172717271657 1.9216103277473451
-27.1527152715271427 16.4976418851771953
-27.1327132713271340 23.0140909356324670
-27.1127112711271110 43.2096272297905841
-27.0927092709270880 15.7796728659479033
-27.0727072707270651 3.6418402589703796
-27.0527052705270421 31.5479056786055168
-27.0327032703270334 -9.6252594118509123
-27.0127012701270104 41.7314109506919664
-26.9926992699269874 16.3938921563867375
-26.9726972697269645 -22.2587126955663557
-26.9526952695269557 46.0944474138871882
-26.9326932693269328 19.6804686546477861
-26.9126912691269098 10.5766300987136272
-26.8926892689268868 -35.8969416343294796
-26.8726872687268639 15.3339949176158967
-26.8526852685268551 -8.8177897227499678
-26.8326832683268321 18.6559647266241413
-26.8126812681268092 53.2260862076839558
-26.7926792679267862 13.4970045282448581
-26.7726772677267633 -9.0019039302741604
-26.7526752675267545 19.5074610428445787
-26.7326732673267315 12.7115544743346813
-26.7126712671267086 18.0858067566965275
-26.6926692669266856 3.6524663021278272
-26.6726672667266627 46.6062497110661198
-26.6526652665266539 1.5542355217870210
-26.6326632663266309 45.1724839984042177
-26.6126612661266080 35.7550310420100601
-26.5926592659265850 21.0640224999849011
-26.5726572657265621 24.1521129154573764
-26.5526552655265533 22.8949464167128873
-26.5326532653265303 9.0957316525108141
-26.5126512651265074 -0.9028855215332854
-26.4926492649264844 36.9101131993959015
-26.4726472647264757 21.9516534106952079
-26.4526452645264527 4.8386261552627268
-26.4326432643264297 15.7846637870854405
-26.4126412641264068 41.7888809721617278
-26.3926392639263838 35.2531389169065932
-26.3726372637263751 17.5617856681823667
-26.3526352635263521 8.1505979069686791
-26.3326332633263291 32.7184814024570940
-26.3126312631263062 41.6406859532608706
-26.2926292629262832 18.6007865341601502
-26.2726272627262745 49.5109154457817340
-26.2526252625262515 30.1831923467890491
-26.2326232623262285 19.8015053115023996
-26.2126212621262056 19.2165611305113480
-26.1926192619261826 24.3831524716084758
-26.1726172617261739 -25.8829550958223216
-26.1526152615261509 25.4497344607080365
-26.1326132613261279 -28.5937744580995634
-26.1126112611261050 12.0473624517216322
-26.0926092609260820 31.7987029366313401
-26.0726072607260733 13.5696854305689811
-26.0526052605260503 35.0859346896096156
-26.0326032603260273 47.1708893733698176
-26.0126012601260044 68.3515359228622685
-25.9925992599259956 47.9689770226826511
-25.9725972597259727 38.8305705739256410
-25.9525952595259497 -2.5431976004227081
-25.9325932593259267 24.3840820604073727
-25.9125912591259038 8.5961923332776227
-25.8925892589258950 38.9271180307290763
-25.8725872587258721 25.7332967226192437
-25.8525852585258491 18.5310343494186860
-25.8325832583258261 -19.1982688001723183
-25.8125812581258032 -15.3712911774939762
-25.7925792579257944 -26.9862719983522830
-25.7725772577257715 24.6189555213468196
-25.7525752575257485 35.0755930897960866
-25.7325732573257255 27.4265554726204641
-25.7125712571257026 -25.9290235045741468
-25.6925692569256938 -22.5998006128400455
-25.6725672567256709 29.6483970058497803
-25.6525652565256479 -3.5730452135514454
-25.6325632563256249 13.2419238345858759
-25.6125612561256020 -15.0876918689548845
-25.5925592559255932 -6.4784375252173909
-25.5725572557255703 15.5313993840341080
-25.5525552555255473 42.5924394939678592
-25.5325532553255243 19.0503244312369802
-25.5125512551255156 15.6957347965172342
-25.4925492549254926 26.1196392343109274
-25.4725472547254697 -5.8812572169907078
-25.4525452545254467 4.7196749607648538
-25.4325432543254237 25.1393886752116344
-25.4125412541254150 35.6913798746295470
-25.3925392539253920 14.7719083321207307
-25.3725372537253691 5.7142617846960899
-25.3525352535253461 11.5296233608467595
-25.3325332533253231 15.7026674177241397
-25.3125312531253144 30.1721471038765756
-25.2925292529252914 24.5518544241508145
-25.2725272527252685 -13.8331303484266819
-25.2525252525252455 32.7131408999639746
-25.2325232523252225 38.3487880431438555
-25.2125212521252138 17.9857136150824424
-25.1925192519251908 9.7560796109428090
-25.1725172517251679 27.7253708458032584
-25.1525152515251449 24.4441808965831342
-25.1325132513251219 25.2954232849506937
-25.1125112511251132 20.3253630477402147
-25.0925092509250902 38.8330962023539286
-25.0725072507250673 24.1186488603171192
-25.0525052505250443 41.5244671835632246
-25.0325032503250355 33.5649754523820150
-25.0125012501250126 52.6292455585542100
-24.9924992499249896 40.3564944138835884
-24.9724972497249667 36.1022875731170885
-24.9524952495249437 12.4899104940811529
-24.9324932493249349 -6.8098262570425394
-24.9124912491249120 -26.9382706072934752
-24.8924892489248890 38.9016798909476549
-24.8724872487248660 44.8311949280641784
-24.8524852485248431 18.0833402663154530
-24.8324832483248343 -22.5035419906839707
-24.8124812481248114 -12.9298524831419819
-24.7924792479247884 41.2151770086646323
-24.7724772477247654 -24.0177017266513460
-24.7524752475247425 38.6988032121124590
-24.7324732473247337 26.2533005384532743
-24.7124712471247108 17.2422540896217882
-24.6924692469246878 -2.3354477203801416
-24.6724672467246648 18.4903760799968140
-24.6524652465246419 16.4067977287918723
-24.6324632463246331 49.2665718762909961
-24.6124612461246102 20.2089139287647868
-24.5924592459245872 21.4326622669474993
-24.5724572457245642 7.9288399501941962
-24.5524552455245555 3.3801196832987106
-24.5324532453245325 85.4572119238521992
-24.5124512451245096 0.8717211386055599
-24.4924492449244866 15.2098004384212580
-24.4724472447244636 27.1085957024024040
-24.4524452445244549 28.7434306281132521
-24.4324432443244319 5.9503644233076116
-24.4124412441244090 -3.7416645736883378
-24.3924392439243860 20.3919347929764285
-24.3724372437243630 46.3351128441083233
-24.3524352435243543 23.4240395205495382
-24.3324332433243313 29.3134213124734444
-24.3124312431243084 -11.6731380562744196
-24.2924292429242854 24.7755337729983331
-24.2724272427242624 -22.5614147098830848
-24.2524252425242537 24.6742208240690317
-24.2324232423242307 12.3198093851026940
-24.2124212421242078 33.3928156978986692
-24.1924192419241848 -28.1994006518155871
-24.1724172417241618 11.9279605715507699
-24.1524152415241531 51.4842033606331029
-24.1324132413241301 13.5086990593614900
-24.1124112411241072 27.7068891665349533
-24.0924092409240842 26.7596097251962028
-24.0724072407240755 53.7020927801830652
-24.0524052405240525 0.3465370919376536
-24.0324032403240295 41.5613064329586734
-24.0124012401240066 46.1667630279971775
-23.9923992399239836 17.3916334417295744
-23.9723972397239748 3.8949802592313709
-23.9523952395239519 27.5160237126079110
-23.9323932393239289 -13.5357444208073332
-23.9123912391239060 -10.7755038114669262
-23.8923892389238830 -9.4019001972124876
-23.8723872387238742 25.0028494947976618
-23.8523852385238513 36.2753538281249206
-23.8323832383238283 20.4829887155701158
-23.8123812381238054 -18.6634148433557847
-23.7923792379237824 -31.9195948529707891
-23.7723772377237736 58.7398331923729060
-23.7523752375237507 19.8289026574877418
-23.7323732373237277 18.6091650113542464
-23.7123712371237048 23.3975547836883919
-23.6923692369236818 -8.5785604257364945
-23.6723672367236730 32.4206985138717059
-23.6523652365236501 40.8666061208694487
-23.6323632363236271 32.9120266276032751
-23.6123612361236042 9.9552970376758445
-23.5923592359235954 31.4326513771998961
-23.5723572357235724 21.2170117831307437
-23.5523552355235495 2.5171566427872740
-23.5323532353235265 14.5920828735946202
-23.5123512351235036 10.7920683424506301
-23.4923492349234948 58.5429667651933201
-23.4723472347234718 19.0526523522220756
-23.4523452345234489 16.4978022601969059
-23.4323432343234259 -7.8629926301697477
-23.4123412341234030 -35.0424381409790300
-23.3923392339233942 30.4580379641344052
-23.3723372337233712 -51.0158855239162321
-23.3523352335233483 -4.0234715352013541
-23.3323332333233253 -27.6825384401869314
-23.3123312331233024 34.7025540001066730
-23.2923292329232936 44.8645359397437176
-23.2723272327232706 33.2826792073856126
-23.2523252325232477 27.4440653994350043
-23.2323232323232247 -3.1148495920924937
-23.2123212321232018 5.7374791912701468
-23.1923192319231930 21.5349838837672323
-23.1723172317231700 -9.4666162838566255
-23.1523152315231471 11.4764818715873975
-23.1323132313231241 -2.6311649228366534
-23.1123112311231154 22.7980128404255922
-23.0923092309230924 -19.6247628260952780
-23.0723072307230694 -13.7098624963438844
-23.0523052305230465 -15.8342974275646124
-23.0323032303230235 55.0119191445879778
-23.0123012301230148 7.8436860978435901
-22.9922992299229918 -2.1565764477505933
-22.9722972297229688 -10.3637455659623079
-22.9522952295229459 17.7426808299730361
-22.9322932293229229 -6.7530299478106119
-22.9122912291229142 -11.3561626653106096
-22.8922892289228912 6.8743834094187388
-22.8722872287228682 13.6979560926451001
-22.8522852285228453 20.2011220205017921
-22.8322832283228223 -1.8471842335460895
-22.8122812281228136 49.2325528414989719
-22.7922792279227906 5.0445618649445194
-22.7722772277227676 1.9828126476874157
-22.7522752275227447 31.0102476156543219
-22.7322732273227217 4.2458620387894088
-22.7122712271227130 6.0617598132868986
-22.6922692269226900 -45.5387118756459870
-22.6722672267226670 15.6365201953254918
-22.6522652265226441 0.4802933739640078
-22.6322632263226353 11.4803804768986897
-22.6122612261226124 6.2234319168719825
-22.5922592259225894 -2.4362202953089689
-22.5722572257225664 9.2424638523896228
-22.5522552255225435 -1.4597168056079166
-22.5322532253225347 1.6454396241107538
-22.5122512251225118 19.1847572330069056
-22.4922492249224888 7.1263907050913655
-22.4722472247224658 -12.1734047770710596
-22.4522452245224429 -12.3065528437822653
-22.4322432243224341 28.3006827168750803
-22.4122412241224112 33.3251712817096859
-22.3922392239223882 -7.2907119857671603
-22.3722372237223652 20.5138965942132181
-22.3522352235223423 44.0905940879111427
-22.3322332233223335 4.7864044485718633
-22.3122312231223106 5.1282617504851178
-22.2922292229222876 1.6898651046225970
-22.2722272227222646 -0.0478372441238371
-22.2522252225222417 -15.2828628560635771
-22.2322232223222329 -6.0620788824375156
-22.2122212221222100 37.2029315294171639
-22.1922192219221870 -30.4229018418843573
-22.1722172217221640 -41.9531991214638680
-22.1522152215221553 -10.2158064197426111
-22.1322132213221323 14.0398471021942406
-22.1122112211221094 -9.2062746828078339
-22.0922092209220864 16.4494053656929609
-22.0722072207220634 -1.8772730381807605
-22.0522052205220547 -2.7778360557183159
-22.0322032203220317 10.8003338715593600
-22.0122012201220087 -3.6696321213715679
-21.9921992199219858 -16.5717004629902576
-21.9721972197219628 -4.7666753126405634
-21.9521952195219541 3.7282147285964236
-21.9321932193219311 32.2246831837308108
-21.9121912191219081 2.1625315124963054
-21.8921892189218852 -4.2598760253317378
-21.8721872187218622 19.9312315267453641
-21.8521852185218535 -11.7459097418954865
-21.8321832183218305 45.2934898214087482
-21.8121812181218075 16.4714716026445629
-21.7921792179217846 18.1660789306086876
-21.7721772177217616 29.7801111354231445
-21.7521752175217529 13.3534739277657373
-21.7321732173217299 -10.9015490119562024
-21.7121712171217069 4.4706551320908980
-21.6921692169216840 5.4531643348900092
-21.6721672167216752 14.2729198208509089
-21.6521652165216523 28.0111074727653460
-21.6321632163216293 -16.7477008417421871
-21.6121612161216063 36.1242212033083376
-21.5921592159215834 2.2525819293827922
-21.5721572157215746 -9.5266677820697581
-21.5521552155215517 9.4185724411591814
-21.5321532153215287 -10.4066334982937541
-21.5121512151215057 -19.9495156245091820
-21.4921492149214828 8.8601256428548059
-21.4721472147214740 -21.2511720267895399
-21.4521452145214511 8.1827115337244045
-21.4321432143214281 21.3655058695021225
-21.4121412141214051 59.9664282477194774
-21.3921392139213822 19.5180312662173989
-21.3721372137213734 -5.6330891792707778
-21.3521352135213505 -13.0884545702742265
-21.3321332133213275 -8.6150857451377689
-21.3121312131213045 0.1226762124603926
-21.2921292129212816 -5.1754283109716015
-21.2721272127212728 45.8824392304805500
-21.2521252125212499 -6.0440465319698617
-21.2321232123212269 -34.1302086554986985
-21.2121212121212039 3.1155318625057791
-21.1921192119211952 -21.0679894238268979
-21.1721172117211722 17.5340283983592080
-21.1521152115211493 -26.3468231323316786
-21.1321132113211263 -11.4464985247577395
-21.1121112111211033 -8.1400333733210815
-21.0921092109210946 -29.4634348887723370
-21.0721072107210716 18.5052174078178133
-21.0521052105210487 -13.5116350157341074
-21.0321032103210257 21.3467654947958465
-21.0121012101210027 5.5277750855259580
-20.9920992099209940 8.7778054077766772
-20.9720972097209710 25.1083086920843570
-20.9520952095209481 3.5869294712440256
-20.9320932093209251 15.4908277883967678
-20.9120912091209021 -15.8411253054896903
-20.8920892089208934 14.4322271151781596
-20.8720872087208704 48.2829541857005964
-20.8520852085208475 44.3121484704298609
-20.8320832083208245 -9.4061679237019717
-20.8120812081208015 8.3486707465580299
-20.7920792079207928 -5.1895815032027386
-20.7720772077207698 8.3415070256852335
-20.7520752075207469 2.7852330387740190
-20.7320732073207239 9.3223525296060519
-20.7120712071207151 30.6008674675610166
-20.6920692069206922 -11.4513843324456879
-20.6720672067206692 -10.9990169962075726
-20.6520652065206463 9.3947240165246058
-20.6320632063206233 6.7825208076796049
-20.6120612061206145 7.8244970385787473
-20.5920592059205916 13.1806506024346124
-20.5720572057205686 -35.0010707020852863
-20.5520552055205457 -1.9161052998675308
-20.5320532053205227 29.2479049272088254
-20.5120512051205139 -1.9708113211018716
-20.4920492049204910 24.1951336228865941
-20.4720472047204680 -35.8407484315637674
-20.4520452045204451 -19.4733700685470410
-20.4320432043204221 11.9276631768863748
-20.4120412041204133 -2.7861999572123919
-20.3920392039203904 14.0349993260411345
-20.3720372037203674 -34.3663042672636294
-20.3520352035203445 9.1803146997834002
-20.3320332033203215 -1.3528978540132128
-20.3120312031203127 12.0201678215549226
-20.2920292029202898 1.5284686839553392
-20.2720272027202668 30.3938549863372707
-20.2520252025202439 17.5911856129357531
-20.2320232023202351 14.9567950890871106
-20.2120212021202121 -0.2315296749544455
-20.1920192019201892 20.6628078639113220
-20.1720172017201662 6.7989307881765315
-20.1520152015201433 -3.6055134750368687
-20.1320132013201345 7.5607481598195623
-20.1120112011201115 -3.3719414789399424
-20.0920092009200886 3.3926256150989564
-20.0720072007200656 7.8497599005301772
-20.0520052005200426 -6.6461989836026749
-20.0320032003200339 28.0790898229872994
-20.0120012001200109 -4.5777680551697388
-19.9919991999199880 -21.2637141298214800
-19.9719971997199650 -53.1878419821092550
-19.9519951995199420 -43.4930934285158628
-19.9319931993199333 -2.9005818769459539
-19.9119911991199103 3.6364507652166820
-19.8919891989198874 -33.3992069807150713
-19.8719871987198644 17.0316769465886999
-19.8519851985198414 14.5723695460062963
-19.8319831983198327 31.3875835052520600
-19.8119811981198097 -40.8864479823319087
-19.7919791979197868 -0.2399362941778243
-19.7719771977197638 26.3787607905958090
-19.7519751975197551 19.3237978743354653
-19.7319731973197321 -17.9908594444261496
-19.7119711971197091 -9.7350542286080408
-19.6919691969196862 0.4495904165986556
-19.6719671967196632 -0.7109556127306914
-19.6519651965196545 -9.2586267935897908
-19.6319631963196315 12.4547587142879035
-19.6119611961196085 -13.5681276239469071
-19.5919591959195856 10.3435891130337154
-19.5719571957195626 16.0347794349835873
-19.5519551955195539 -2.4268595327496492
-19.5319531953195309 -30.3421753057808523
-19.5119511951195079 4.6927987770185098
-19.4919491949194850 -32.6436539851975311
-19.4719471947194620 -20.1171558461817384
-19.4519451945194533 18.9425980784579515
-19.4319431943194303 21.7515007623170256
-19.4119411941194073 -22.7061871500261425
-19.3919391939193844 -42.7526739639657194
-19.3719371937193614 -7.3292654674546363
-19.3519351935193527 14.0320273074672173
-19.3319331933193297 25.3281182996657499
-19.3119311931193067 22.5377846383081213
-19.2919291929192838 2.6756271217516896
-19.2719271927192750 -41.1540809437005990
-19.2519251925192521 -0.6013511792793613
-19.2319231923192291 31.6882711340420791
-19.2119211921192061 -12.4393999001539104
-19.1919191919191832 18.8598934047803866
-19.1719171917191744 -28.1988379926293184
-19.1519151915191514 -2.1503692822858680
-19.1319131913191285 30.6453001116299042
-19.1119111911191055 20.9054203595916235
-19.0919091909190826 -19.3471043021058478
-19.0719071907190738 -7.7856467742051851
-19.0519051905190508 -1.4981173052074150
-19.0319031903190279 -4.1009825348930038
-19.0119011901190049 -3.3219319928947675
-18.9918991899189820 -10.6553718401992015
-18.9718971897189732 -30.2825433967283288
-18.9518951895189502 -26.4117680653967248
-18.9318931893189273 5.7317349634433672
-18.9118911891189043 12.7383046022591095
-18.8918891889188814 -35.5513834777451123
-18.8718871887188726 -1.6828289417603541
-18.8518851885188496 -4.6247455661564256
-18.8318831883188267 -9.4845913278953091
-18.8118811881188037 -1.5346581143320561
-18.7918791879187950 -9.8319646218796475
-18.7718771877187720 0.4392590289386828
-18.7518751875187490 40.9627880589331568
-18.7318731873187261 -21.1399615306154729
-18.7118711871187031 -25.4949234521226558
-18.6918691869186944 14.7778638159395541
-18.6718671867186714 -17.1156326826881049
-18.6518651865186484 0.2913803400110657
-18.6318631863186255 18.3453887827540321
-18.6118611861186025 -8.9138697745330031
-18.5918591859185938 -8.1296653444538904
-18.5718571857185708 48.1678641835298436
-18.5518551855185478 -24.2156899285944291
-18.5318531853185249 -10.2154572828692114
-18.5118511851185019 -13.1991721644333282
-18.4918491849184932 -8.5750431442750941
-18.4718471847184702 -32.7077474679605018
-18.4518451845184472 30.1892741995041689
-18.4318431843184243 0.4020393870053303
-18.4118411841184013 -13.4848214915603659
-18.3918391839183926 -17.3088746153766095
-18.3718371837183696 -44.7668780946743183
-18.3518351835183466 -24.2503464302422671
-18.3318331833183237 -29.9691272057235629
-18.3118311831183149 -8.4153667378719668
-18.2918291829182920 -1.7948195628692640
-18.2718271827182690 23.1185871080861354
-18.2518251825182460 -51.1226984548306547
-18.2318231823182231 -8.6196789654016808
-18.2118211821182143 -14.7569905705181128
-18.1918191819181914 10.4466571396184627
-18.1718171817181684 -1.5245110111677516
-18.1518151815181454 -29.8573475143733624
-18.1318131813181225 59.6832331272993741
-18.1118111811181137 -7.9694273179744908
-18.0918091809180908 12.5479599217310707
-18.0718071807180678 -8.0222744252352118
-18.0518051805180448 19.4628479482689798
-18.0318031803180219 -4.0826125747266406
-18.0118011801180131 -6.3988659546949371
-17.9917991799179902 -18.6626633297713767
-17.9717971797179672 -37.5611239270635977
-17.9517951795179442 -40.3198319390239917
-17.9317931793179213 -20.1677412154436020
-17.9117911791179125 -2.9908644359765457
-17.8917891789178896 23.3537242759262753
-17.8717871787178666 -20.8194569955329030
-17.8517851785178436 -11.9536037825903172
-17.8317831783178207 16.0596569995743721
-17.8117811781178119 -4.3220789975585907
-17.7917791779177890 -21.2726339412739875
-17.7717771777177660 -23.4130056583881014
-17.7517751775177430 14.8091511113220555
-17.7317731773177343 -40.2549988491787971
-17.7117711771177113 -28.2735744631154091
-17.6917691769176884 -16.4429257230246471
-17.6717671767176654 2.3706344749657262
-17.6517651765176424 -16.0602885418443933
-17.6317631763176337 -6.2506438876630313
-17.6117611761176107 1.6949894078145036
-17.5917591759175878 -50.9758513345018827
-17.5717571757175648 29.9176014057583544
-17.5517551755175418 -17.0763771905840507
-17.5317531753175331 36.0445192323434611
-17.5117511751175101 15.4336938465820328
-17.4917491749174872 -3.1493160662175042
-17.4717471747174642 -28.9252355503353442
-17.4517451745174412 -21.5909438649983301
-17.4317431743174325 10.5237096026699035
-17.4117411741174095 13.2575058078279859
-17.3917391739173866 21.8549858334816456
-17.3717371737173636 -20.3015743450158084
-17.3517351735173406 -5.7756295693801061
-17.3317331733173319 16.3913982312682762
-17.3117311731173089 16.3194216023825049
-17.2917291729172860 11.5562426084283132
-17.2717271727172630 -5.7565580035518717
-17.2517251725172542 -19.0739709427311936
-17.2317231723172313 -11.3148059169509150
-17.2117211721172083 31.4359752155769563
-17.1917191719171853 5.8395189379762460
-17.1717171717171624 22.8589764666115656
-17.1517151715171536 17.3425200458713960
-17.1317131713171307 14.4702755607047795
-17.1117111711171077 42.0712041796604481
-17.0917091709170847 32.6120542398665805
-17.0717071707170618 28.4555238376543329
-17.0517051705170530 -16.5903440045800679
-17.0317031703170301 -46.2894108048502488
-17.0117011701170071 -65.2518268397909083
-16.9916991699169841 2.1610352786898499
-16.9716971697169612 -52.1360922388893187
-16.9516951695169524 -8.4784266382987763
-16.9316931693169295 -14.4530098009988102
-16.9116911691169065 -6.7093510267336924
-16.8916891689168835 -35.5706651113329855
-16.8716871687168606 -40.0642959767708078
-16.8516851685168518 -35.8081533170018460
-16.8316831683168289 17.5816427151667831
-16.8116811681168059 14.4857277231907791
-16.7916791679167829 -22.9472539139170877
-16.7716771677167742 17.9228934749392366
-16.7516751675167512 -13.1143545453164609
-16.7316731673167283 28.0325438705559939
-16.7116711671167053 -41.5206641372632106
-16.6916691669166823 8.9765573746219047
-16.6716671667166736 -30.8487643585831108
-16.6516651665166506 -47.7921131813238702
-16.6316631663166277 -14.3765776471696523
-16.6116611661166047 -18.7426461396132531
-16.5916591659165817 -28.3251840994834829
-16.5716571657165730 10.8473383521539866
-16.5516551655165500 -43.4033160581947186
-16.5316531653165271 2.0099302967746162
-16.5116511651165041 -4.1291011910468409
-16.4916491649164811 4.9725647320970605
-16.4716471647164724 3.9919309665107203
-16.4516451645164494 -41.4781735772778362
-16.4316431643164265 -0.8969509699062108
-16.4116411641164035 -0.6564462107436793
-16.3916391639163805 1.5604521524715764
-16.3716371637163718 -5.3701326245500471
-16.3516351635163488 -5.7637117233727251
-16.3316331633163259 -13.3507007910807722
-16.3116311631163029 -18.4620154733941462
-16.2916291629162941 6.5718225984220080
-16.2716271627162712 -27.6987373970132040
-16.2516251625162482 -28.1611134997314032
-16.2316231623162253 -3.2328684416044648
-16.2116211621162023 4.5320422909217157
-16.1916191619161935 -36.4721046070348649
-16.1716171617161706 -11.9305673393756351
-16.1516151615161476 -35.0180616055400407
-16.1316131613161247 -22.8063800398219740
-16.1116111611161017 -3.6747798723004159
-16.0916091609160929 12.5766385285961810
-16.0716071607160700 -14.3251662654089138
-16.0516051605160470 -27.3109477602372408
-16.0316031603160241 -47.9677798750532034
-16.0116011601160011 0.7973744067024455
-15.9915991599159923 1.8007842899102950
-15.9715971597159694 17.2422614316383758
-15.9515951595159464 18.0447587450296929
-15.9315931593159235 9.6558508207567897
-15.9115911591159005 27.5941829694006415
-15.8915891589158917 -3.8901277668541034
-15.8715871587158688 -13.7260576045250051
-15.8515851585158458 -71.5848465395722542
-15.8315831583158229 -61.0548722078827169
-15.8115811581158141 -35.4954628415077380
-15.7915791579157911 11.1684206381930569
-15.7715771577157682 12.4060215735670365
-15.7515751575157452 -3.8691164212801024
-15.7315731573157223 -2.5319592391286765
-15.7115711571157135 -56.9602340167451189
-15.6915691569156905 -24.4061006316648701
-15.6715671567156676 -34.9431806866859063
-15.6515651565156446 -20.4135673632338595
-15.6315631563156217 -16.1124610259330439
-15.6115611561156129 16.7768852279406957
-15.5915591559155899 -20.2329476389947445
-15.5715571557155670 -32.4305072339089691
-15.5515551555155440 -24.4754307027091329
-15.5315531553155211 -12.1064957823160970
-15.5115511551155123 -38.9048258786271219
-15.4915491549154893 -9.4547715593709114
-15.4715471547154664 -57.2536625513036839
-15.4515451545154434 14.7948635465309550
-15.4315431543154205 -11.1360452707003752
-15.4115411541154117 -25.9711672700741190
-15.3915391539153887 -22.2039400628317551
-15.3715371537153658 -11.2038920058228406
-15.3515351535153428 -3.4937170976750433
-15.3315331533153341 -17.5039043345712955
-15.3115311531153111 5.4882464645571751
-15.2915291529152881 -30.6317356308977011
-15.2715271527152652 -22.5308036983962054
-15.2515251525152422 3.3965598235510583
-15.2315231523152335 -42.8653968959564224
-15.2115211521152105 -24.9410044415813097
-15.1915191519151875 -4.1136585519258198
-15.1715171517151646 -48.2317810912221319
-15.1515151515151416 -59.6330695632246446
-15.1315131513151329 -5.8993763222352591
-15.1115111511151099 3.6505558667949494
-15.0915091509150869 30.0186755281348212
-15.0715071507150640 -40.0552841216307911
-15.0515051505150410 -27.7879777590073260
-15.0315031503150323 -26.2870573759989270
-15.0115011501150093 27.8315747539754526
-14.9914991499149863 -74.0450209358742910
-14.9714971497149634 -16.1020024805699933
-14.9514951495149404 -27.2058201159554756
-14.9314931493149317 -38.7078244456531877
-14.9114911491149087 41.9047508043044914
-14.8914891489148857 -17.5497745048469582
-14.8714871487148628 -15.3739167026527905
-14.8514851485148540 -10.0201330076106085
-14.8314831483148311 13.2823089262169027
-14.8114811481148081 -16.2161042143697252
-14.7914791479147851 -3.9556290822244140
-14.7714771477147622 -19.1318674750470201
-14.7514751475147534 -9.6787584357566079
-14.7314731473147305 9.5595763230636486
-14.7114711471147075 -8.8301570200055721
-14.6914691469146845 -16.7200259508825582
-14.6714671467146616 -37.8684180992931232
-14.6514651465146528 -20.4794021547993736
-14.6314631463146299 -60.4994202640723131
-14.6114611461146069 -13.5076166915631042
-14.5914591459145839 -47.4798470712021157
-14.5714571457145610 -1.1878771304940727
-14.5514551455145522 -7.6087836986132888
-14.5314531453145293 20.0370481482766962
-14.5114511451145063 -14.5351791002104846
-14.4914491449144833 -60.5771996208175381
-14.4714471447144604 -51.8310526943230059
-14.4514451445144516 -29.4847879430303408
-14.4314431443144287 -18.3813774496112146
-14.4114411441144057 -25.5708340020719902
-14.3914391439143827 -11.9308514744307850
-14.3714371437143740 7.8224470917274473
-14.3514351435143510 -23.0598914986546539
-14.3314331433143280 -11.3699790473303093
-14.3114311431143051 28.1071444007842715
-14.2914291429142821 1.2415579654055655
-14.2714271427142734 -40.5594874534110517
-14.2514251425142504 7.6904615526075304
-14.2314231423142274 -36.2370874594865811
-14.2114211421142045 -22.5278764531141320
-14.1914191419141815 14.3010309546988950
-14.1714171417141728 -47.5223518116048496
-14.1514151415141498 0.5909602043980549
-14.1314131413141268 -11.0050849675200624
-14.1114111411141039 -9.0245386370325438
-14.0914091409140809 -11.7537309580860221
-14.0714071407140722 -8.2212336437335072
-14.0514051405140492 -48.2092944419315899
-14.0314031403140262 -39.3420627028034318
-14.0114011401140033 -21.8677452245096831
-13.9913991399139803 -54.0849501430913975
-13.9713971397139716 -24.0912445310934942
-13.9513951395139486 -24.2391812120048300
-13.9313931393139256 -52.1530266454621341
-13.9113911391139027 -30.2613808569870919
-13.8913891389138939 -50.6106485731256868
-13.8713871387138710 -2.5287055072512494
-13.8513851385138480 -68.8929755880183166
-13.8313831383138250 -54.3858949853449758
-13.8113811381138021 12.1063184674590474
-13.7913791379137933 -24.9277943177306618
-13.7713771377137704 8.6337358556883430
-13.7513751375137474 -24.5200177583377972
-13.7313731373137244 -1.0147793419411357
-13.7113711371137015 -39.6900775477221686
-13.6913691369136927 -3.9666638831813152
-13.6713671367136698 -6.8846024139830533
-13.6513651365136468 -40.0126654394718457
-13.6313631363136238 -69.2615593736608730
-13.6113611361136009 -3.8323036959322039
-13.5913591359135921 -40.2829007053323380
-13.5713571357135692 -21.2097730913002138
-13.5513551355135462 -33.2153194802805416
-13.5313531353135232 4.8373802125043603
-13.5113511351135003 -16.0435277625121557
-13.4913491349134915 -23.0592041402406984
-13.4713471347134686 -29.1441652229005896
-13.4513451345134456 0.3257892142622794
-13.4313431343134226 -11.7078066586749348
-13.4113411341134139 -45.4390891871130691
-13.3913391339133909 -3.3214737238980199
-13.3713371337133680 8.1562356703580861
-13.3513351335133450 0.4574691081078903
-13.3313331333133220 -12.6197955309836196
-13.3113311331133133 -70.7154335864549068
-13.2913291329132903 -2.5360408538865578
-13.2713271327132674 -15.8284371685265572
-13.2513251325132444 -18.9606729570224672
-13.2313231323132214 -14.4931304912121668
-13.2113211321132127 -38.7219858821935929
-13.1913191319131897 -19.6580265150696221
-13.1713171317131668 -49.1672467472412364
-13.1513151315131438 -29.3776085860684297
-13.1313131313131208 -5.8626316293039231
-13.1113111311131121 -45.7530132245997692
-13.0913091309130891 -5.0933360128820908
-13.0713071307130662 -43.9968617868190606
-13.0513051305130432 -55.5163898120136565
-13.0313031303130202 -14.0432132526678046
-13.0113011301130115 -85.6943182683975664
-12.9912991299129885 -18.1993024047954606
-12.9712971297129656 -20.2219069162789928
-12.9512951295129426 -32.4242288531613454
-12.9312931293129338 -41.4761295789856419
-12.9112911291129109 -13.9317646959587815
-12.8912891289128879 -33.5328905980307326
-12.8712871287128650 -44.2715885813392802
-12.8512851285128420 -42.6294313087302186
-12.8312831283128332 22.2917238689595187
-12.8112811281128103 -64.2665723716260828
-12.7912791279127873 -2.2865080818390062
-12.7712771277127644 -3.8922492930537125
-12.7512751275127414 -26.5585312309073558
-12.7312731273127326 -43.2226664603396813
-12.7112711271127097 -49.3803417951311872
-12.6912691269126867 -20.3245432069685350
-12.6712671267126638 -44.7377745016061183
-12.6512651265126408 -2.9062984613546980
-12.6312631263126320 -28.5184181477005794
-12.6112611261126091 -12.6311715375041942
-12.5912591259125861 -62.2079537308929744
-12.5712571257125632 -5.9809310868053451
-12.5512551255125402 3.2019915692590004
-12.5312531253125314 4.6835729483571917
-12.5112511251125085 -47.0529625644821579
-12.4912491249124855 -4.5126147160865422
-12.4712471247124626 -35.5830117993505155
-12.4512451245124538 -20.0006287025715679
-12.4312431243124308 3.7348895552107351
-12.4112411241124079 -35.3091835740155915
-12.3912391239123849 15.0903083091064936
-12.3712371237123619 -20.2275017523000642
-12.3512351235123532 -27.9856315679685679
-12.3312331233123302 18.8812803699384659
-12.3112311231123073 -52.2710866675950854
-12.2912291229122843 -10.2222215939233898
-12.2712271227122613 -14.6042746172307769
-12.2512251225122526 -34.3560375333782275
-12.2312231223122296 -11.8716390611798204
-12.2112211221122067 -62.6297943298325706
-12.1912191219121837 -7.6565727726039619
-12.1712171217121607 -37.0021289196437664
-12.1512151215121520 -31.2524904970824942
-12.1312131213121290 -22.0841253090395320
-12.1112111211121061 -3.3716221081970055
-12.0912091209120831 -76.1581257140618959
-12.0712071207120601 -52.7761260121655340
-12.0512051205120514 -33.1760701178019914
-12.0312031203120284 27.1624898539485500
-12.0112011201120055 -43.8718316695437949
-11.9911991199119825 -47.4772084211634535
-11.9711971197119738 -7.3366318761087079
-11.9511951195119508 -59.7415977669395915
-11.9311931193119278 -47.7852797752247085
-11.9111911191119049 -61.7478076561903180
-11.8911891189118819 -51.9446014051116265
-11.8711871187118732 -26.1539809670608854
-11.8511851185118502 33.2042202244817730
-11.8311831183118272 -31.6201803986647221
-11.8111811181118043 -26.7800344704241873
-11.7911791179117813 -41.6375589554460177
-11.7711771177117726 -80.4683876797957822
-11.7511751175117496 0.3906748671407172
-11.7311731173117266 -14.4143255789842577
-11.7111711171117037 -32.9857103492857675
-11.6911691169116807 15.2663485870610813
-11.6711671167116720 -37.7079714087936537
-11.6511651165116490 13.7290496555493604
-11.6311631163116260 -51.6649108910234389
-11.6111611161116031 -20.3508327485107969
-11.5911591159115801 -46.6772724479325660
-11.5711571157115714 -30.0792431344288289
-11.5511551155115484 -37.2686975114104371
-11.5311531153115254 22.7370437946818242
-11.5111511151115025 -26.7095297955752926
-11.4911491149114937 -38.7796723481143388
-11.4711471147114707 -61.1227104370002081
-11.4511451145114478 -32.6560355617447229
-11.4311431143114248 -29.9583977042929952
-11.4111411141114019 -8.1397473532685645
-11.3911391139113931 -49.8827103870895314
-11.3711371137113701 -41.7100606445059299
-11.3511351135113472 -24.0788240630425854
-11.3311331133113242 -19.8230225123977348
-11.3111311131113013 -42.7856416571957467
-11.2911291129112925 -58.2262812334691944
-11.2711271127112695 -35.0062619242504240
-11.2511251125112466 -48.9761301359816059
-11.2311231123112236 -14.8140603317252655
-11.2111211121112007 -9.9782240379552825
-11.1911191119111919 -25.8459000044305043
-11.1711171117111689 -12.2302522622808567
-11.1511151115111460 -2.7517782650040452
-11.1311131113111230 -42.9133442907120681
-11.1111111111111001 -72.0543914713307174
-11.0911091109110913 -41.3060226801579802
-11.0711071107110683 -28.4087514375412624
-11.0511051105110454 -29.7722838006827359
-11.0311031103110224 -26.2445980641355092
-11.0111011101110137 -38.1308223723566897
-10.9910991099109907 -25.6417312592673525
-10.9710971097109677 0.2808536337450462
-10.9510951095109448 -19.8057241307745713
-10.9310931093109218 -53.4736755635688610
-10.9110911091109131 -35.9006435109374493
-10.8910891089108901 -67.3846312779532468
-10.8710871087108671 14.3054005483570066
-10.8510851085108442 -77.6314370869488073
-10.8310831083108212 -34.5953758455548410
-10.8110811081108125 -53.3204099378431238
-10.7910791079107895 -13.5467386605653743
-10.7710771077107665 -31.7707630863592883
-10.7510751075107436 -39.3509947478752267
-10.7310731073107206 -44.0518043585596502
-10.7110711071107119 -46.6460905637968324
-10.6910691069106889 -81.2642419689270525
-10.6710671067106659 -37.2314780647095134
-10.6510651065106430 -42.6046857586726446
-10.6310631063106200 -37.1804041811114701
-10.6110611061106113 -38.0277212295765210
-10.5910591059105883 -39.6366233529883729
-10.5710571057105653 -34.1763806317528136
-10.5510551055105424 -59.4819658984205830
-10.5310531053105336 -49.8185461539705656
-10.5110511051105107 -72.2791795716291006
-10.4910491049104877 -36.6525626405125990
-10.4710471047104647 -35.8339620881412984
-10.4510451045104418 -32.8736857138635870
-10.4310431043104330 -64.3565232654656398
-10.4110411041104101 -57.1550039532317982
-10.3910391039103871 -33.5295472503043825
-10.3710371037103641 -25.2603791604498724
-10.3510351035103412 -26.4525680373849355
-10.3310331033103324 -33.8623430196306998
-10.3110311031103095 -31.6208040262727330
-10.2910291029102865 -21.5794705130369664
-10.2710271027102635 -49.9154472701467924
-10.2510251025102406 -38.2983952746264151
-10.2310231023102318 -21.3943768100721741
-10.2110211021102089 -4.6496073401068685
-10.1910191019101859 -68.6959213203161454
-10.1710171017101629 -37.8800195802410116
-10.1510151015101400 -34.4113699762020175
-10.1310131013101312 -42.6338828008508273
-10.1110111011101083 -47.7075724675204924
-10.0910091009100853 -29.7514524364022748
-10.0710071007100623 -59.0370454007217660
-10.0510051005100536 -55.1836653129255268
-10.0310031003100306 -60.8069841981846864
-10.0110011001100077 0.1623727695485826
-9.9909990999099847 -19.2994483405683077
-9.9709970997099617 -50.7538317208433227
-9.9509950995099530 -26.2759664183165640
-9.9309930993099300 -8.0893730639358168
-9.9109910991099071 -50.7760373423253881
-9.8909890989098841 -11.1308999227987329
-9.8709870987098611 -54.6006657566202449
-9.8509850985098524 -73.8100169026344304
-9.8309830983098294 -33.2585478743951626
-9.8109810981098065 -27.6880676571280446
-9.7909790979097835 -65.2329620672188781
-9.7709770977097605 -53.1219387274635579
-9.7509750975097518 -10.7168400521704932
-9.7309730973097288 -52.0320629354629745
-9.7109710971097059 -40.0935511599427059
-9.6909690969096829 -6.9723490572462055
-9.6709670967096599 -56.0891909481910389
-9.6509650965096512 -63.5251340854894266
-9.6309630963096282 -8.7423458137920456
-9.6109610961096053 -63.5842270077201590
-9.5909590959095823 -38.8428956214971350
-9.5709570957095735 -21.4125599548519467
-9.5509550955095506 -1.3421199161013391
-9.5309530953095276 -57.3971006267738630
-9.5109510951095046 -34.7190939017044826
-9.4909490949094817 5.7286364418210098
-9.4709470947094729 0.3132365542932050
-9.4509450945094500 -49.4492188478628734
-9.4309430943094270 -11.4893367680386724
-9.4109410941094040 -47.6679286577438361
-9.3909390939093811 -57.2402106366503176
-9.3709370937093723 -48.8771338873349421
-9.3509350935093494 -50.5412701230942645
-9.3309330933093264 -42.4155718822682672
-9.3109310931093034 -45.6091022945535443
-9.2909290929092805 -30.6240465013441501
-9.2709270927092717 -23.9914707469952226
-9.2509250925092488 -48.8126008197022685
-9.2309230923092258 -36.6571500932785881
-9.2109210921092028 -67.4293583138309032
-9.1909190919091799 -51.1033061172973220
-9.1709170917091711 -5.5298100286361560
-9.1509150915091482 -35.0345808038300817
-9.1309130913091252 -6.9933172956051237
-9.1109110911091022 -31.8299957968412173
-9.0909090909090935 3.6618407561824071
-9.0709070907090705 -14.8451221542909373
-9.0509050905090476 -45.6980715695731163
-9.0309030903090246 -22.6690704817624820
-9.0109010901090016 -20.9839227113702620
-8.9908990899089929 -40.4306242526520165
-8.9708970897089699 -11.6155925424710631
-8.9508950895089470 -43.3953809478927610
-8.9308930893089240 -51.8912014151666767
-8.9108910891089010 -26.7738016920741657
-8.8908890889088923 -52.6739710659356675
-8.8708870887088693 -69.3808273376940861
-8.8508850885088464 -65.6246675387247507
-8.8308830883088234 -57.1809817964745903
-8.8108810881088004 -24.2612406296318639
-8.7908790879087917 -72.1862255025469466
-8.7708770877087687 -49.7987962171399801
-8.7508750875087458 -46.7748308835054374
-8.7308730873087228 -73.7220201450353727
-8.7108710871086998 -26.2856954394853481
-8.6908690869086911 -31.6680760014537128
-8.6708670867086681 -20.6988477715608177
-8.6508650865086452 -35.9797312402991452
-8.6308630863086222 -5.2390570142144171
-8.6108610861086134 -51.9355643114217287
-8.5908590859085905 -92.3283303904635204
-8.5708570857085675 -47.2539172903278910
-8.5508550855085446 -59.6721505357446986
-8.5308530853085216 -7.8950573762773999
-8.5108510851085128 -54.8209800259014770
-8.4908490849084899 -16.9659670195055874
-8.4708470847084669 -68.9882641774251084
-8.4508450845084440 -35.5110922972215164
-8.4308430843084210 -85.5717913730046291
-8.4108410841084122 -47.7471562432216885
-8.3908390839083893 -48.4579970830272657
-8.3708370837083663 -89.6157730855032071
-8.3508350835083434 -115.7327359064452281
-8.3308330833083204 -25.4212206754414538
-8.3108310831083116 -51.9200364201367108
-8.2908290829082887 -67.5713069209812289
-8.2708270827082657 -59.0748131195978274
-8.2508250825082428 -57.8078335412745759
-8.2308230823082198 -18.4898833361867219
-8.2108210821082110 -30.5848971038474424
-8.1908190819081881 -42.0093502141990953
-8.1708170817081651 -30.8885157754645263
-8.1508150815081422 -72.3059902731118740
-8.1308130813081334 -51.5896619158175298
-8.1108110811081104 -35.5728307361991511
-8.0908090809080875 -26.1984719060629274
-8.0708070807080645 -32.6563894507245109
-8.0508050805080416 -39.2559771442620331
-8.0308030803080328 -68.8879897034925364
-8.0108010801080098 -61.5207458553268438
-7.9907990799079869 -51.8918757727138455
-7.9707970797079639 -82.2003245008538812
-7.9507950795079410 -64.0015322324784677
-7.9307930793079322 -40.3672864173799013
-7.9107910791079092 -31.4516418327517115
-7.8907890789078863 -66.8773324653263330
-7.8707870787078633 -41.8247433657587209
-7.8507850785078404 5.6159114150557912
-7.8307830783078316 -56.8964901792793398
-7.8107810781078086 -52.2617953450006851
-7.7907790779077857 -64.0896552995877329
-7.7707770777077627 -30.4880179907942725
-7.7507750775077398 26.1481418665857106
-7.7307730773077310 -65.4766402443136997
-7.7107710771077080 -89.5766119551066140
-7.6907690769076851 -20.3763396391388767
-7.6707670767076621 -70.3302449057953254
-7.6507650765076392 -18.2708675812332970
-7.6307630763076304 -55.7772809678362975
-7.6107610761076074 1.9543035535450883
-7.5907590759075845 -64.5414992486817169
-7.5707570757075615 -75.4515817546721763
-7.5507550755075528 -36.2629342592273360
-7.5307530753075298 -34.0730012225047219
-7.5107510751075068 -20.0196990351415849
-7.4907490749074839 -2.5325956355830712
-7.4707470747074609 -41.2072730628581780
-7.4507450745074522 10.0592253792372262
-7.4307430743074292 -36.4879975780314538
-7.4107410741074062 -55.2228067876530488
-7.3907390739073833 -21.8250683927219171
-7.3707370737073603 -11.4921809496697591
-7.3507350735073516 -65.9338300326115814
-7.3307330733073286 -48.7076574322871423
-7.3107310731073056 -32.4418968112963100
-7.2907290729072827 -75.3040179601028399
-7.2707270727072597 -97.7937867896569060
-7.2507250725072510 -17.7427189463466597
-7.2307230723072280 -62.4018378859367076
-7.2107210721072050 1.8977204253069715
-7.1907190719071821 -29.3497047335114871
-7.1707170717071591 -49.9398657415447573
-7.1507150715071504 -83.2945030781605738
-7.1307130713071274 -78.6115323081385924
-7.1107110711071044 -65.8867238386475833
-7.0907090709070815 -42.7785680887158506
-7.0707070707070727 -84.7274668201024213
-7.0507050705070498 -54.5890156040231034
-7.0307030703070268 -43.0761589486264569
-7.0107010701070038 -37.6118570146296847
-6.9906990699069809 -61.8782734094944828
-6.9706970697069721 -7.5760927070781534
-6.9506950695069492 -60.5716749734604107
-6.9306930693069262 -56.2465153606027144
-6.9106910691069032 -66.0160329569730635
-6.8906890689068803 -40.7306023740817125
-6.8706870687068715 -65.9362241691689945
-6.8506850685068486 -51.0031687943940710
-6.8306830683068256 -56.6839456759538862
-6.8106810681068026 -21.8080082947279976
-6.7906790679067797 -24.7363556744362860
-6.7706770677067709 -74.6159402598404995
-6.7506750675067480 -48.4882686957497668
-6.7306730673067250 -31.6390336253184721
-6.7106710671067020 -45.5124129460886095
-6.6906690669066791 -69.0633959695629471
-6.6706670667066703 -36.7112070477341774
-6.6506650665066473 -27.7199241144827084
-6.6306630663066244 -52.6493810851415418
-6.6106610661066014 -21.1707904306744794
-6.5906590659065927 -25.4357015485089306
-6.5706570657065697 -76.2696214054737709
-6.5506550655065467 -63.1041682506271471
-6.5306530653065238 -37.3367036865384918
-6.5106510651065008 -59.3308426696071223
-6.4906490649064921 -9.6571687471214531
-6.4706470647064691 -40.6977799259597788
-6.4506450645064461 -52.3586179187063294
-6.4306430643064232 -82.3775410392628089
-6.4106410641064002 -24.7028083593158243
-6.3906390639063915 -57.1855945501504763
-6.3706370637063685 -43.2252832094522503
-6.3506350635063455 -69.7597705012543088
-6.3306330633063226 -90.5134966386217030
-6.3106310631062996 -31.1804816507312061
-6.2906290629062909 -83.3560595521954752
-6.2706270627062679 -58.0301894817336574
-6.2506250625062449 -43.7545558851077345
-6.2306230623062220 -44.9720120784739024
-6.2106210621061990 -97.5000127181572509
-6.1906190619061903 -64.7469494339223388
-6.1706170617061673 -85.0357045052717524
-6.1506150615061443 -81.7072614772542778
-6.1306130613061214 -31.0879373623699600
-6.1106110611061126 -49.4157186607130541
-6.0906090609060897 -52.1910831608651264
-6.0706070607060667 -27.1577936823699915
-6.0506050605060437 -82.2407859812676492
-6.0306030603060208 -55.3471901577462972
-6.0106010601060120 -39.0171331762371167
-5.9905990599059891 -41.6923577593972539
-5.9705970597059661 -79.6520631385019158
-5.9505950595059431 -55.1905133858389334
-5.9305930593059202 1.3400189108772551
-5.9105910591059114 -44.9508512114760492
-5.8905890589058885 -93.7696776412631152
-5.8705870587058655 -41.8943516826240980
-5.8505850585058425 -18.0651694328989407
-5.8305830583058196 -47.5340128531527242
-5.8105810581058108 -42.2546115196896892
-5.7905790579057879 -34.7976778195980003
-5.7705770577057649 -53.5622492678032174
-5.7505750575057419 -36.9049637624846980
-5.7305730573057190 -41.0248284269222907
-5.7105710571057102 -95.5293921526797476
-5.6905690569056873 -39.3395273990230194
-5.6705670567056643 -55.2441212083481830
-5.6505650565056413 -97.0204165125170164
-5.6305630563056326 -67.5715764890347970
-5.6105610561056096 -23.8344646401275284
-5.5905590559055867 -74.6329218431866224
-5.5705570557055637 -93.6670691690719224
-5.5505550555055407 -65.7538966855941425
-5.5305530553055320 -49.2782246502770036
-5.5105510551055090 -51.7658994728269377
-5.4905490549054861 -4.6048059643900103
-5.4705470547054631 -51.6130047432561341
-5.4505450545054401 -8.7713955118273930
-5.4305430543054314 -17.7623849705080161
-5.4105410541054084 -13.0484030512752014
-5.3905390539053855 -71.5255896012899086
-5.3705370537053625 -78.7858918434577760
-5.3505350535053395 -98.8728255962703315
-5.3305330533053308 -77.8269202201660590
-5.3105310531053078 -55.1316117204372560
-5.2905290529052849 -41.2822449933347215
-5.2705270527052619 -31.7485111283963235
-5.2505250525052389 -45.3196620163903745
-5.2305230523052302 -50.5208783374987291
-5.2105210521052072 -57.7402095958653589
-5.1905190519051843 -66.7709372208147158
-5.1705170517051613 -61.7832933556789570
-5.1505150515051525 -38.4330311498669630
-5.1305130513051296 -67.8643570420117896
-5.1105110511051066 -63.8607491239663645
-5.0905090509050837 -49.3173225808423084
-5.0705070507050607 -39.3021040194547666
-5.0505050505050519 -46.7421635863814871
-5.0305030503050290 -54.0834952868892458
-5.0105010501050060 -46.6826254894033923
-4.9904990499049831 -42.0152218949529868
-4.9704970497049601 -61.7861591010495061
-4.9504950495049513 -45.0033751676442222
-4.9304930493049284 -76.8640587714734949
-4.9104910491049054 -81.2949058660537389
-4.8904890489048825 -61.3237275926632464
-4.8704870487048595 -67.2360858760300033
-4.8504850485048507 -73.8140340482896278
-4.8304830483048278 -43.0820043019147221
-4.8104810481048048 -58.8448095557984772
-4.7904790479047819 -39.8399773348185136
-4.7704770477047589 -78.8629375403455697
-4.7504750475047501 -72.8434968648629564
-4.7304730473047272 -62.8716132845754601
-4.7104710471047042 -56.6752620761748034
-4.6904690469046812 -50.6872842970609199
-4.6704670467046725 -76.7981275992092236
-4.6504650465046495 -64.1035086140675219
-4.6304630463046266 -36.7450169416254866
-4.6104610461046036 -35.3149080622501117
-4.5904590459045806 -55.2071391028397755
-4.5704570457045719 -60.5914256677234349
-4.5504550455045489 -79.1541459615795588
-4.5304530453045260 -45.0895231110214922
-4.5104510451045030 -60.9376884968758432
-4.4904490449044800 -77.1331803458575820
-4.4704470447044713 -42.3596586797988124
-4.4504450445044483 -48.2474313146075318
-4.4304430443044254 -107.3622264733626537
-4.4104410441044024 -51.6247794703664908
-4.3904390439043794 -48.4626091100554035
-4.3704370437043707 -69.7619093345254981
-4.3504350435043477 -51.1600420702974787
-4.3304330433043248 -68.6431821045652413
-4.3104310431043018 -35.7961511120337263
-4.2904290429042788 -40.3674363439813177
-4.2704270427042701 -48.4728961186799125
-4.2504250425042471 -99.1024373354558179
-4.2304230423042242 -55.8391971699727705
-4.2104210421042012 -77.3410760909354593
-4.1904190419041925 -58.6251721231063883
-4.1704170417041695 -63.2191614277350240
-4.1504150415041465 -69.2467620299995872
-4.1304130413041236 -40.1077683770717925
-4.1104110411041006 -33.2141971067346446
-4.0904090409040919 -82.2426789006046022
-4.0704070407040689 -84.6865830048243851
-4.0504050405040459 -82.3281219665627049
-4.0304030403040230 -39.7052144151008690
-4.0104010401040000 -71.6624774177921182
-3.9903990399039913 -30.2059322044851548
-3.9703970397039683 -58.9366905421305987
-3.9503950395039453 -87.4230498300255761
-3.9303930393039224 -74.2665890601299168
-3.9103910391038994 -48.2769463056964838
-3.8903890389038907 -62.2066641398949116
-3.8703870387038677 -63.9088551362575998
-3.8503850385038447 -20.1927642480493859
-3.8303830383038218 -58.8613913604892787
-3.8103810381037988 -72.8931592828028982
-3.7903790379037900 -76.3820523173237405
-3.7703770377037671 -84.9626901010009021
-3.7503750375037441 -52.7102296106272377
-3.7303730373037212 -100.7898151288793258
-3.7103710371037124 -53.9050893869228673
-3.6903690369036894 -54.1822963407022513
-3.6703670367036665 -49.1635508348654184
-3.6503650365036435 -122.6022415978766560
-3.6303630363036206 -57.6256410172413851
-3.6103610361036118 -18.9468569206811779
-3.5903590359035888 -58.4384940641384674
-3.5703570357035659 -35.4290920435972225
-3.5503550355035429 -57.1480643128900070
-3.5303530353035200 -76.4631750926383376
-3.5103510351035112 -39.5224840648561013
-3.4903490349034882 -89.8556338681398188
-3.4703470347034653 -52.0062427344836422
-3.4503450345034423 -58.8645089956402430
-3.4303430343034194 -36.5711537969400950
-3.4103410341034106 -71.8137018138369285
-3.3903390339033876 -53.9434011502478299
-3.3703370337033647 -56.0549051063349566
-3.3503350335033417 -47.7029921420110838
-3.3303330333033188 -36.5779925027759418
-3.3103310331033100 -28.3447642071107850
-3.2903290329032870 -118.1111911666030210
-3.2703270327032641 -80.1208356042036201
-3.2503250325032411 -62.4998713986264320
-3.2303230323032324 -62.6027923448264474
-3.2103210321032094 -11.2131334150634885
-3.1903190319031864 -72.0968589745884714
-3.1703170317031635 -74.5008443309878032
-3.1503150315031405 -66.8766968597167875
-3.1303130313031318 -67.4240862330013329
-3.1103110311031088 -110.3408914260985796
-3.0903090309030858 -70.1814685116917758
-3.0703070307030629 -40.1439127796506057
-3.0503050305030399 -99.2404358110846090
-3.0303030303030312 -13.7188082690829702
-3.0103010301030082 -81.6906242763272132
-2.9902990299029852 -77.8890826032139927
-2.9702970297029623 -81.4847998621078773
-2.9502950295029393 -62.6420941850989408
-2.9302930293029306 -95.5547023197600254
-2.9102910291029076 -74.9163267132369981
-2.8902890289028846 -29.9210551751595517
-2.8702870287028617 -80.3735538172716844
-2.8502850285028387 -62.1099896495481403
-2.8302830283028300 -62.3205265877164578
-2.8102810281028070 -31.2631121947560260
-2.7902790279027840 -73.8692575050924773
-2.7702770277027611 -27.1892816521414034
-2.7502750275027523 -47.0291493549738107
-2.7302730273027294 -96.2370955011047755
-2.7102710271027064 -60.9631585885861540
-2.6902690269026834 -55.0844124355033316
-2.6702670267026605 -73.6255853778815208
-2.6502650265026517 -93.7950821216657147
-2.6302630263026288 -67.6951715390631676
-2.6102610261026058 -77.0213762666959525
-2.5902590259025828 -34.4613820938951818
-2.5702570257025599 -43.6169961993824700
-2.5502550255025511 -3.6526121920634367
-2.5302530253025282 -62.2854375647194942
-2.5102510251025052 -35.5462179177642952
-2.4902490249024822 -49.6685046974660338
-2.4702470247024593 -66.7936082474490433
-2.4502450245024505 -60.6384213001509096
-2.4302430243024276 -38.2970474417353159
-2.4102410241024046 -57.1233131860916217
-2.3902390239023816 -67.6544800886593123
-2.3702370237023587 -60.3681437315305089
-2.3502350235023499 -74.1065536816332724
-2.3302330233023270 -64.9517600174979322
-2.3102310231023040 -45.0073412389864984
-2.2902290229022810 -30.1587119113280338
-2.2702270227022723 -63.1600063652384662
-2.2502250225022493 -69.6073586383160858
-2.2302230223022264 -32.4521220435759332
-2.2102210221022034 -64.1342751592139138
-2.1902190219021804 -78.5608508855225409
-2.1702170217021717 -86.9740094458706636
-2.1502150215021487 -64.6408581984790658
-2.1302130213021258 -38.4368432580225630
-2.1102110211021028 -68.2385622653261237
-2.0902090209020798 -89.1055011285943266
-2.0702070207020711 -39.0190457927024568
-2.0502050205020481 -32.9866728870001751
-2.0302030203020252 -78.1834193227332577
-2.0102010201020022 -88.7479738105886469
-1.9901990199019792 -56.6779363685213440
-1.9701970197019705 -47.0017386590184287
-1.9501950195019475 -53.4664343028855953
-1.9301930193019246 -63.9891968329870124
-1.9101910191019016 -69.8656833491659341
-1.8901890189018786 -58.7575075151613859
-1.8701870187018699 -56.8148932008845406
-1.8501850185018469 -42.9914929245481616
-1.8301830183018239 -67.8448338892340246
-1.8101810181018010 -63.7131293084983810
-1.7901790179017922 -76.0354953385963910
-1.7701770177017693 -60.7599507880934837
-1.7501750175017463 -67.0038497030721913
-1.7301730173017233 -54.6664461319497406
-1.7101710171017004 -61.8736578577316720
-1.6901690169016916 -61.8526671215983654
-1.6701670167016687 -51.0273909068201093
-1.6501650165016457 -70.2470161034004974
-1.6301630163016227 -59.7596835344947124
-1.6101610161015998 -47.6822980050343830
-1.5901590159015910 -71.5620239507419313
-1.5701570157015681 -119.9581228772889290
-1.5501550155015451 -100.5415075575104140
-1.5301530153015221 -91.1933461108610572
-1.5101510151014992 -42.9022004292725541
-1.4901490149014904 -44.6185821183891278
-1.4701470147014675 -56.4271024985161347
-1.4501450145014445 -77.3643877396598327
-1.4301430143014215 -41.6445235668863702
-1.4101410141013986 -88.7913146548463033
-1.3901390139013898 -70.9025967917122699
-1.3701370137013669 -66.5084895287989752
-1.3501350135013439 -20.9100862663251732
-1.3301330133013209 -84.0233230270393250
-1.3101310131013122 -93.8414300297008310
-1.2901290129012892 -48.2981714823001695
-1.2701270127012663 -45.7343262993361179
-1.2501250125012433 -59.3932817479484285
-1.2301230123012203 -78.9537638324631814
-1.2101210121012116 -73.4275535554620120
-1.1901190119011886 -74.9738504773776953
-1.1701170117011657 -64.0015957257227797
-1.1501150115011427 -54.9440912125054552
-1.1301130113011197 -119.0119070854535721
-1.1101110111011110 -45.5433436301796348
-1.0901090109010880 -49.0161781439757789
-1.0701070107010651 -46.5470807278025518
-1.0501050105010421 -35.6054748690640679
-1.0301030103010191 -67.3544173658590921
-1.0101010101010104 -31.7521858337552061
-0.9900990099009874 -89.0909613838535108
-0.9700970097009645 -88.5641108036245441
-0.9500950095009415 -27.3640188529073853
-0.9300930093009185 -39.4618953033343232
-0.9100910091009098 -78.9122744336202970
-0.8900890089008868 -74.3367687490688098
-0.8700870087008639 -95.1941542495642636
-0.8500850085008409 -73.5409527392681355
-0.8300830083008321 -92.0841505427066664
-0.8100810081008092 -91.4594687021043171
-0.7900790079007862 -49.9561605398525614
-0.7700770077007633 -90.1917621823682509
-0.7500750075007403 -84.8512355036838670
-0.7300730073007315 -75.5328832611056669
-0.7100710071007086 -79.8206879717620126
-0.6900690069006856 -94.2877386452205428
-0.6700670067006627 -109.2569019197039779
-0.6500650065006397 -59.3629092229708988
-0.6300630063006309 -48.7258057746338551
-0.6100610061006080 -62.5164160610369066
-0.5900590059005850 -99.6330858639476986
-0.5700570057005621 -74.9223939153470297
-0.5500550055005391 -60.2643598474892599
-0.5300530053005303 -52.3968215140156062
-0.5100510051005074 -83.2582686210836727
-0.4900490049004844 -82.3768488111954724
-0.4700470047004615 -65.3811823539367367
-0.4500450045004385 -81.1732315197172909
-0.4300430043004297 -33.6460411776731689
-0.4100410041004068 -105.3980177383278800
-0.3900390039003838 -112.2763671142849660
-0.3700370037003609 -117.5584824624283442
-0.3500350035003521 -88.0350770177295203
-0.3300330033003291 -66.4317921521506634
-0.3100310031003062 -54.1668264282521719
-0.2900290029002832 -107.7188148328979764
-0.2700270027002603 -34.4481698442488380
-0.2500250025002515 -76.0424780541672050
-0.2300230023002285 -65.3094216579008986
-0.2100210021002056 -77.1402003196467234
-0.1900190019001826 -83.0008218187184639
-0.1700170017001597 -69.5059832078048885
-0.1500150015001509 -130.4086004147695235
-0.1300130013001279 -47.8134988214347629
-0.1100110011001050 -103.6579861072109168
-0.0900090009000820 -79.6946996269043524
-0.0700070007000591 -53.3910273282034922
-0.0500050005000503 -76.6985357501476699
-0.0300030003000273 -105.8048586195082379
-0.0100010001000044 -59.6271756737430678
0.0100010001000186 -56.7293847007167926
0.0300030003000415 -88.5442269538639266
0.0500050005000503 -62.1720081354685803
0.0700070007000733 -92.5108486833293853
0.0900090009000962 -47.0852036497506177
0.1100110011001192 -48.6429899169907500
0.1300130013001279 -42.4822258718712433
0.1500150015001509 -84.5640828444851849
0.1700170017001739 -79.0222025664031946
0.1900190019001968 -90.5311899698855882
0.2100210021002198 -41.6398430401154869
0.2300230023002285 -64.7195565808167572
0.2500250025002515 -106.9829533001709194
0.2700270027002745 -71.8065427208669860
0.2900290029002974 -85.5589703267924051
0.3100310031003204 -86.2293894338218649
0.3300330033003291 -111.3801924439353286
0.3500350035003521 -67.2360579729686094
0.3700370037003751 -43.0820048793960453
0.3900390039003980 -85.4349839755089704
0.4100410041004210 -66.4078553437479258
0.4300430043004297 -65.6887220781283361
0.4500450045004527 -65.0459826906114671
0.4700470047004757 -39.5136531205448165
0.4900490049004986 -72.0062643056440947
0.5100510051005216 -81.1204169055580877
0.5300530053005303 -102.9337375237089418
0.5500550055005533 -90.1419747465213135
0.5700570057005763 -35.8696312907922064
0.5900590059005992 -53.3212831839108503
0.6100610061006080 -42.4049743444355443
0.6300630063006309 -63.8318960150344026
0.6500650065006539 -71.6865210648599032
0.6700670067006769 -101.9149874018081618
0.6900690069006998 -101.8670607402399355
0.7100710071007086 -66.2744551301329778
0.7300730073007315 -64.2147333197866317
0.7500750075007545 -47.3180451554237891
0.7700770077007775 -67.8750206402069125
0.7900790079008004 -79.7082589354467217
0.8100810081008092 -59.9429282395944369
0.8300830083008321 -77.4982648675339902
0.8500850085008551 -95.5851511470187063
0.8700870087008781 -55.5738565099223081
0.8900890089009010 -76.5775863959184306
0.9100910091009098 -63.9864776423553749
0.9300930093009327 -82.1696787697440101
0.9500950095009557 -60.6239397250301408
0.9700970097009787 -40.5120884508047681
0.9900990099010016 -91.4073430550697736
1.0101010101010104 -80.6836876756046451
1.0301030103010334 -94.8397335003720343
1.0501050105010563 -88.2500288910362940
1.0701070107010793 -39.1357703599330620
1.0901090109010880 -110.9928039949627703
1.1101110111011110 -94.0289859598778293
1.1301130113011340 -81.1081550601026180
1.1501150115011569 -78.0369185961450995
1.1701170117011799 -70.1009999196797935
1.1901190119011886 -100.6193001595758858
1.2101210121012116 -55.6599068790817597
1.2301230123012346 -52.8184472094068695
1.2501250125012575 -72.1462506180337186
1.2701270127012805 -106.2193165581604717
1.2901290129012892 -77.4768164962283521
1.3101310131013122 -59.1906894456685819
1.3301330133013352 -100.7661914835309744
1.3501350135013581 -45.1555288969750848
1.3701370137013811 -60.5386451933190273
1.3901390139013898 -89.7882283328208928
1.4101410141014128 -72.7711466901800748
1.4301430143014358 -79.1254262697081430
1.4501450145014587 -114.7968700016085393
1.4701470147014817 -73.6972913050553728
1.4901490149014904 -66.7430669339125444
1.5101510151015134 -75.9647602971542426
1.5301530153015364 -90.8075973772425300
1.5501550155015593 -80.9587013305867345
1.5701570157015681 -84.5035424694496555
1.5901590159015910 -36.3996600564858639
1.6101610161016140 -73.6828658585189515
1.6301630163016370 -88.8872667705966819
1.6501650165016599 -95.9625171343199952
1.6701670167016687 -95.9254829845958454
1.6901690169016916 -94.4580791696863855
1.7101710171017146 -78.7169510461110775
1.7301730173017376 -83.4553097436848503
1.7501750175017605 -128.7711061179239778
1.7701770177017693 -82.8604198521277056
1.7901790179017922 -67.0683872139616284
1.8101810181018152 -65.9327585659774087
1.8301830183018382 -105.6277955453602289
1.8501850185018611 -109.6088402331466369
1.8701870187018699 -66.0220502781301661
1.8901890189018928 -89.9837099367686193
1.9101910191019158 -35.8751708842060495
1.9301930193019388 -75.1781590098304235
1.9501950195019617 -65.4688175422892726
1.9701970197019705 -45.4346531438398884
1.9901990199019934 -65.0837234133201008
2.0102010201020164 -90.1601193331749755
2.0302030203020394 -98.4445331519472973
2.0502050205020481 -97.6459684071801348
2.0702070207020711 -71.7655033195135132
2.0902090209020940 -91.4160070423022972
2.1102110211021170 -89.2041447196777142
2.1302130213021400 -87.7812204907020117
2.1502150215021487 -54.8668571355138681
2.1702170217021717 -102.1584646892023329
2.1902190219021946 -98.5194685148139513
2.2102210221022176 -108.2635132658513442
2.2302230223022406 -86.6690802459127951
2.2502250225022493 -72.7808773977278065
2.2702270227022723 -95.4509770858874731
2.2902290229022952 -113.9607420118103107
2.3102310231023182 -81.6656552566660565
2.3302330233023412 -71.5009649783999066
2.3502350235023499 -93.4357246051280015
2.3702370237023729 -88.5829388884975089
2.3902390239023958 -90.4592583350649306
2.4102410241024188 -122.3960426803644737
2.4302430243024418 -89.5420533663106255
2.4502450245024505 -73.9316368092912768
2.4702470247024735 -110.5560739752610573
2.4902490249024964 -78.8913326246473474
2.5102510251025194 -110.5449097606276894
2.5302530253025424 -43.2313533474107317
2.5502550255025511 -56.9517411047776392
2.5702570257025741 -114.4668215735620436
2.5902590259025970 -100.6068840888601557
2.6102610261026200 -104.4369944633517377
2.6302630263026288 -54.0532060606348708
2.6502650265026517 -112.8417904131989360
2.6702670267026747 -96.8881872260002410
2.6902690269026976 -41.7714640530940997
2.7102710271027206 -46.0936250812031432
2.7302730273027294 -58.4900288994214037
2.7502750275027523 -100.6103876111011886
2.7702770277027753 -67.3010683265173242
2.7902790279027982 -79.4429315888218213
2.8102810281028212 -58.3920605033476008
2.8302830283028300 -89.5686214734521826
2.8502850285028529 -68.2266761628343090
2.8702870287028759 -81.6144835926460672
2.8902890289028988 -91.2292050805118038
2.9102910291029218 -135.3366030669944564
2.9302930293029306 -108.1139705133959268
2.9502950295029535 -63.9206901781857368
2.9702970297029765 -64.5482649342603878
2.9902990299029995 -77.5809495521593107
3.0103010301030224 -78.3089236688201140
3.0303030303030312 -45.1005858705744416
3.0503050305030541 -89.1780833115067111
3.0703070307030771 -111.9526587172104257
3.0903090309031001 -63.9220391940132728
3.1103110311031088 -112.0158660708855365
3.1303130313031318 -85.6277938073824600
3.1503150315031547 -45.6036205583919809
3.1703170317031777 -106.7309579136548336
3.1903190319032007 -87.8213496696045581
3.2103210321032094 -120.3920188505043569
3.2303230323032324 -46.7747988183992973
3.2503250325032553 -79.4396582900719181
3.2703270327032783 -98.1667129680629102
3.2903290329033013 -107.2627726779929134
3.3103310331033100 -83.5964143592443207
3.3303330333033330 -103.4160434811789173
3.3503350335033559 -101.3448954343647301
3.3703370337033789 -73.1435019200976484
3.3903390339034019 -71.2834420007863372
3.4103410341034106 -54.7200419777675364
3.4303430343034336 -63.7018263657984889
3.4503450345034565 -83.3576640244886988
3.4703470347034795 -74.0141529467423140
3.4903490349035025 -93.2642442747096112
3.5103510351035112 -104.0490264038752741
3.5303530353035342 -94.2168916444644253
3.5503550355035571 -83.2355490811990961
3.5703570357035801 -49.9074942994287269
3.5903590359035888 -125.7292953038244292
3.6103610361036118 -89.6096632402738891
3.6303630363036348 -97.9188695797163433
3.6503650365036577 -72.6084980439778462
3.6703670367036807 -67.2715832112828735
3.6903690369036894 -103.7486606745455617
3.7103710371037124 -64.1416282062954366
3.7303730373037354 -91.2177235748758193
3.7503750375037583 -71.0644202932377880
3.7703770377037813 -82.4907056546760629
3.7903790379037900 -42.3834435986695865
3.8103810381038130 -121.2274715318542349
3.8303830383038360 -87.4485461907145663
3.8503850385038589 -63.7635790928145454
3.8703870387038819 -102.5032193637320432
3.8903890389038907 -81.2683895496460735
3.9103910391039136 -30.1552412201511544
3.9303930393039366 -106.5217341693686706
3.9503950395039595 -43.7999108851264367
3.9703970397039825 -109.0432056981715334
3.9903990399039913 -112.0095595038208529
4.0104010401040142 -65.5640091264514240
4.0304030403040372 -57.9464358376348159
4.0504050405040601 -88.4159409318172038
4.0704070407040689 -76.0056445004219796
4.0904090409040919 -55.6755811718668099
4.1104110411041148 -52.5895503503125639
4.1304130413041378 -85.9411184263079093
4.1504150415041607 -79.9995165774554522
4.1704170417041695 -90.8680059187761344
4.1904190419041925 -68.7524428541901216
4.2104210421042154 -85.1576952311798436
4.2304230423042384 -47.8211263768155845
4.2504250425042613 -80.6563207485880014
4.2704270427042701 -99.1695621424521789
4.2904290429042931 -81.6500541478203132
4.3104310431043160 -98.1969739340283496
4.3304330433043390 -92.1440521701829311
4.3504350435043619 -105.6794894965125309
4.3704370437043707 -90.9039490626487208
4.3904390439043937 -96.6241335005405944
4.4104410441044166 -80.6858274827770572
4.4304430443044396 -103.4396286976945021
4.4504450445044625 -64.3840591268920122
4.4704470447044713 -97.8493026995429886
4.4904490449044943 -102.6039920005694199
4.5104510451045172 -101.8791491250701426
4.5304530453045402 -85.0522997069637512
4.5504550455045489 -94.1587173161458963
4.5704570457045719 -72.7398065442435637
4.5904590459045949 -112.2526811502471702
4.6104610461046178 -49.6718174045702554
4.6304630463046408 -71.7131499073780958
4.6504650465046495 -106.0867575489373706
4.6704670467046725 -117.0771901620631752
4.6904690469046955 -94.2212037046960802
4.7104710471047184 -51.4286179054629073
4.7304730473047414 -65.1341894190173463
4.7504750475047501 -66.5561475685865247
4.7704770477047731 -63.1125471513724676
4.7904790479047961 -78.4187806757695967
4.8104810481048190 -98.9996818555674452
4.8304830483048420 -57.6881700630512597
4.8504850485048507 -45.7187451325602510
4.8704870487048737 -116.8026456548249286
4.8904890489048967 -67.4899572689994471
4.9104910491049196 -69.1911000437422956
4.9304930493049426 -89.9292303991207262
4.9504950495049513 -96.2548644821714419
4.9704970497049743 -93.2391762339548507
4.9904990499049973 -80.3360513033988610
5.0105010501050202 -87.0138252858893111
5.0305030503050290 -75.7651631450966363
5.0505050505050519 -126.8797068934681533
5.0705070507050749 -54.7737443542216127
5.0905090509050979 -61.5938022835552133
5.1105110511051208 -89.1241621191169884
5.1305130513051296 -48.1936917371248796
5.1505150515051525 -81.4428824235801869
5.1705170517051755 -94.8553592237743004
5.1905190519051985 -67.4700881822510183
5.2105210521052214 -67.3071533451380759
5.2305230523052302 -72.6194389634973305
5.2505250525052531 -90.0787185346297150
5.2705270527052761 -83.1306277547893728
5.2905290529052991 -100.0946754688037572
5.3105310531053220 -76.8563036571823233
5.3305330533053308 -111.8149770643350962
5.3505350535053537 -115.2747318179124818
5.3705370537053767 -123.3754802478935915
5.3905390539053997 -81.0057686482748522
5.4105410541054226 -63.7763196585847965
5.4305430543054314 -65.8013403889998756
5.4505450545054543 -92.0795108131555651
5.4705470547054773 -17.1191469001559966
5.4905490549055003 -93.2039984133458432
5.5105510551055090 -72.3822654422585714
5.5305530553055320 -126.8137470406356613
5.5505550555055549 -115.2511537200999641
5.5705570557055779 -84.2518731738910986
5.5905590559056009 -109.1028361761223238
5.6105610561056096 -76.1519889465415787
5.6305630563056326 -83.1232617272217169
5.6505650565056555 -69.6399368509909493
5.6705670567056785 -94.5190679652678796
5.6905690569057015 -103.5944058970971753
5.7105710571057102 -112.9300519252195301
5.7305730573057332 -95.0398257627970224
5.7505750575057561 -108.2924857160328713
5.7705770577057791 -40.9352372650704410
5.7905790579058021 -111.5825631274744580
5.8105810581058108 -90.6525826483090214
5.8305830583058338 -86.1074382658433706
5.8505850585058568 -96.8564336632197751
5.8705870587058797 -95.6613721431419464
5.8905890589059027 -65.7338780718352638
5.9105910591059114 -130.7684926285010647
5.9305930593059344 -64.1222555907112337
5.9505950595059574 -80.9681145457781213
5.9705970597059803 -98.3716591963756173
5.9905990599059891 -122.3987612387978174
6.0106010601060120 -110.6326467867412617
6.0306030603060350 -103.8252271161985476
6.0506050605060580 -54.5200840103369657
6.0706070607060809 -79.4470435071113315
6.0906090609060897 -130.2608104753225575
6.1106110611061126 -94.2218361010792194
6.1306130613061356 -90.7905512921456221
6.1506150615061586 -86.8591241313709190
6.1706170617061815 -101.3534266651457330
6.1906190619061903 -100.5171479929494467
6.2106210621062132 -92.2995426613229313
6.2306230623062362 -128.2534591621638356
6.2506250625062592 -71.5129419308656367
6.2706270627062821 -92.1768212177710495
6.2906290629062909 -80.6789330599759609
6.3106310631063138 -99.9256207739205564
6.3306330633063368 -84.5704403470177226
6.3506350635063598 -103.5101434835952716
6.3706370637063827 -63.9495725672785369
6.3906390639063915 -93.5078630011116445
6.4106410641064144 -69.7422003653041145
6.4306430643064374 -67.6749362689093061
6.4506450645064604 -61.6633722333237841
6.4706470647064691 -85.3614567088398246
6.4906490649064921 -101.0910641687006404
6.5106510651065150 -100.0271584946218013
6.5306530653065380 -83.0662912600885335
6.5506550655065610 -115.0917254374555370
6.5706570657065697 -79.0911028139726398
6.5906590659065927 -111.9592757250709383
6.6106610661066156 -133.3586133071744939
6.6306630663066386 -94.5316283102010004
6.6506650665066616 -81.2750053644551684
6.6706670667066703 -71.2309673661823126
6.6906690669066933 -130.5180834521246425
6.7106710671067162 -114.6321346864588122
6.7306730673067392 -99.3488682943810204
6.7506750675067622 -66.2792374662864745
6.7706770677067709 -74.4007843183808859
6.7906790679067939 -112.5475111409162423
6.8106810681068168 -97.0218282067560267
6.8306830683068398 -134.2909642024933419
6.8506850685068628 -127.9492485690888373
6.8706870687068715 -105.4947352613284579
6.8906890689068945 -83.2343924137963143
6.9106910691069174 -82.0323677028499674
6.9306930693069404 -72.3709085482502843
6.9506950695069492 -90.1219375599186634
6.9706970697069721 -71.0346581058238797
6.9906990699069951 -110.8752890048420312
7.0107010701070180 -76.4542682554610735
7.0307030703070410 -96.1096353755256274
7.0507050705070498 -77.6589873793367786
7.0707070707070727 -60.3361500594618647
7.0907090709070957 -58.8811387158736537
7.1107110711071186 -88.7732963092844471
7.1307130713071416 -78.7037606304938890
7.1507150715071504 -69.9303942708486375
7.1707170717071733 -86.1041527198016041
7.1907190719071963 -66.7848096305229717
7.2107210721072192 -97.6511750766138107
7.2307230723072422 -97.4455256444713882
7.2507250725072510 -106.5985505941125950
7.2707270727072739 -125.4245324258020560
7.2907290729072969 -112.6077839099033611
7.3107310731073198 -61.0677165891149514
7.3307330733073428 -49.9150188269186330
7.3507350735073516 -86.7423078213335259
7.3707370737073745 -95.9193704842405737
7.3907390739073975 -95.5546270594075082
7.4107410741074204 -105.2123698775419740
7.4307430743074292 -109.8209775034369642
7.4507450745074522 -109.6028019843087407
7.4707470747074751 -75.7824958107702713
7.4907490749074981 -103.0127040118545096
7.5107510751075210 -69.0825514574444242
7.5307530753075298 -74.5916984581396605
7.5507550755075528 -80.3220287466818803
7.5707570757075757 -96.4148865297591016
7.5907590759075987 -86.5639551308850628
7.6107610761076216 -93.8684025200678036
7.6307630763076304 -112.5803669211898210
7.6507650765076534 -80.3021714800570834
7.6707670767076763 -86.9700237165612435
7.6907690769076993 -81.2335340789285709
7.7107710771077222 -122.1432860302722219
7.7307730773077310 -93.3001625385580695
7.7507750775077540 -64.7766106089397056
7.7707770777077769 -107.2935202104029457
7.7907790779077999 -122.1798918738915347
7.8107810781078229 -86.4006632112049999
7.8307830783078316 -120.4092891553653715
7.8507850785078546 -82.2188723299879740
7.8707870787078775 -103.7246514718329706
7.8907890789079005 -99.4488354653238247
7.9107910791079092 -137.7239528254433765
7.9307930793079322 -108.9709332784615583
7.9507950795079552 -86.4656461988472671
7.9707970797079781 -94.7829272538281060
7.9907990799080011 -102.7617473264860166
8.0108010801080098 -99.2633379493125716
8.0308030803080328 -111.3055764334318951
8.0508050805080558 -105.2766593273377538
8.0708070807080787 -69.2098669798553203
8.0908090809081017 -132.0421210034892852
8.1108110811081104 -122.1624396203171727
8.1308130813081334 -60.0953194094362217
8.1508150815081564 -109.7695665760845429
8.1708170817081793 -102.3707322847259178
8.1908190819082023 -110.0429228493068194
8.2108210821082110 -99.2404405865762698
8.2308230823082340 -124.8425855574019465
8.2508250825082570 -102.2763686341722433
8.2708270827082799 -61.6779922533955727
8.2908290829083029 -78.6871619097327084
8.3108310831083116 -72.3970407797320235
8.3308330833083346 -89.8335260774114062
8.3508350835083576 -82.5787192548105224
8.3708370837083805 -106.2081226327443630
8.3908390839083893 -103.9908045434582817
8.4108410841084122 -95.9898878918296674
8.4308430843084352 -96.4106966547826829
8.4508450845084582 -69.8604211675613840
8.4708470847084811 -124.7851421185750098
8.4908490849084899 -94.8048017831083030
8.5108510851085128 -87.0501028592903197
8.5308530853085358 -83.9733931151632618
8.5508550855085588 -119.8494002063418264
8.5708570857085817 -86.1886916982902278
8.5908590859085905 -124.3452667881086171
8.6108610861086134 -102.4020441146308400
8.6308630863086364 -86.5897694043153336
8.6508650865086594 -116.8406766038138187
8.6708670867086823 -69.1306066749839658
8.6908690869086911 -91.8524199352278572
8.7108710871087141 -80.4392406539620879
8.7308730873087370 -107.6554468769725190
8.7508750875087600 -71.3574306597686245
8.7708770877087829 -97.6930059559484221
8.7908790879087917 -42.5165785179800579
8.8108810881088147 -88.3225053301561047
8.8308830883088376 -45.2945462389794145
8.8508850885088606 -99.0851313506665008
8.8708870887088693 -64.5305986066028652
8.8908890889088923 -86.3221496539054414
8.9108910891089153 -69.7119008663043331
8.9308930893089382 -81.0225386711755959
8.9508950895089612 -90.7390224934900544
8.9708970897089699 -84.0686703084735996
8.9908990899089929 -55.7384802631450853
9.0109010901090159 -81.9809707974128941
9.0309030903090388 -92.2461521177789336
9.0509050905090618 -82.3114144559274052
9.0709070907090705 -99.4119377669602642
9.0909090909090935 -105.8162319495848749
9.1109110911091165 -62.7987894102228807
9.1309130913091394 -115.4670449040938820
9.1509150915091624 -50.8285137590277500
9.1709170917091711 -127.0979005373751818
9.1909190919091941 -136.5222212106582731
9.2109210921092171 -107.2396003530798794
9.2309230923092400 -83.7708707958875323
9.2509250925092630 -84.0800657499203652
9.2709270927092717 -111.1116526535779059
9.2909290929092947 -73.8198419154697092
9.3109310931093177 -60.4426959307715990
9.3309330933093406 -37.2010127444265422
9.3509350935093494 -76.4993101791899193
9.3709370937093723 -79.7717958979067561
9.3909390939093953 -56.4330220425720697
9.4109410941094183 -93.6704089461557459
9.4309430943094412 -104.7776222789508154
9.4509450945094500 -96.4109516908741284
9.4709470947094729 -66.7194577036393071
9.4909490949094959 -126.2513951518312894
9.5109510951095189 -79.2278605110726630
9.5309530953095418 -109.0740378050754629
9.5509550955095506 -121.6273690875500648
9.5709570957095735 -89.9419086840712652
9.5909590959095965 -116.4679169112004757
9.6109610961096195 -76.9011593019849613
9.6309630963096424 -102.3879481884528673
9.6509650965096512 -110.7954699497276749
9.6709670967096741 -84.2062348832752861
9.6909690969096971 -92.2239828992848061
9.7109710971097201 -112.0149355457363924
9.7309730973097430 -95.8623631870539725
9.7509750975097518 -114.2186994887841678
9.7709770977097747 -104.2245681286860446
9.7909790979097977 -70.3801260749823712
9.8109810981098207 -67.6925473573105023
9.8309830983098294 -112.9237474992718404
9.8509850985098524 -108.4272858806136099
9.8709870987098753 -109.3339270860459180
9.8909890989098983 -71.4626668420596047
9.9109910991099213 -79.7365193307789184
9.9309930993099300 -87.0585442367294888
9.9509950995099530 -78.3628390369818106
9.9709970997099759 -68.1467311524154837
9.9909990999099989 -128.1876066688012656
10.0110011001100219 -54.5410915110440584
10.0310031003100306 -97.8522082836144307
10.0510051005100536 -56.9927525139744162
10.0710071007100765 -83.3590571420104851
10.0910091009100995 -90.7461328135599956
10.1110111011101225 -119.8187031933785391
10.1310131013101312 -73.5242310395620109
10.1510151015101542 -114.1932345713219945
10.1710171017101771 -93.7244488541667522
10.1910191019102001 -111.4267589685109954
10.2110211021102231 -65.5409453987288231
10.2310231023102318 -88.8861845853971175
10.2510251025102548 -86.7527976084650732
10.2710271027102777 -94.4603338076109793
10.2910291029103007 -122.6397033085580404
10.3110311031103095 -104.9406540574113222
10.3310331033103324 -95.6196950402258494
10.3510351035103554 -85.8580742025991128
10.3710371037103783 -51.5870064157947681
10.3910391039104013 -97.0240525778481953
10.4110411041104101 -72.2949476775025914
10.4310431043104330 -119.8780522875772192
10.4510451045104560 -99.9882379727063011
10.4710471047104789 -95.7385809660056282
10.4910491049105019 -77.3022071685275023
10.5110511051105107 -81.0097009398190124
10.5310531053105336 -86.6569254924609993
10.5510551055105566 -113.9554693416500015
10.5710571057105795 -132.6521007517465875
10.5910591059106025 -83.3598587173116101
10.6110611061106113 -117.5036033125484352
10.6310631063106342 -89.2073573402641529
10.6510651065106572 -92.7829950067041409
10.6710671067106802 -112.3836110012779272
10.6910691069107031 -110.8575230080978002
10.7110711071107119 -70.9218248203144270
10.7310731073107348 -58.9869497723048681
10.7510751075107578 -87.6456425176743750
10.7710771077107808 -46.3071539819483462
10.7910791079107895 -82.0912047560715052
10.8110811081108125 -111.5660832246772856
10.8310831083108354 -81.2047562251479889
10.8510851085108584 -96.0715607620789456
10.8710871087108814 -73.7285047414961809
10.8910891089108901 -73.8085189921950189
10.9110911091109131 -49.5376135405810061
10.9310931093109360 -89.7833727804449069
10.9510951095109590 -137.9508233145654401
10.9710971097109820 -97.4686885296638934
10.9910991099109907 -64.8118007203235891
11.0111011101110137 -72.1753098365572470
11.0311031103110366 -85.4381402178301670
11.0511051105110596 -108.2455887709340914
11.0711071107110826 -80.8795357842230374
11.0911091109110913 -119.9091436043098327
11.1111111111111143 -56.6717522722471472
11.1311131113111372 -105.1390866233680441
11.1511151115111602 -42.8480164890415196
11.1711171117111832 -71.3280152535763108
11.1911191119111919 -80.2383541797201332
11.2111211121112149 -56.0279893724706142
11.2311231123112378 -112.3195479103397645
11.2511251125112608 -125.7492201201019384
11.2711271127112695 -103.7276530655495463
11.2911291129112925 -116.8230749813454565
11.3111311131113155 -89.2283791979870244
11.3311331133113384 -57.9289336019891437
11.3511351135113614 -30.5809993602276862
11.3711371137113701 -70.5944616438562775
11.3911391139113931 -72.5037993752505372
11.4111411141114161 -92.1862667920521517
11.4311431143114390 -93.8978694394087938
11.4511451145114620 -73.2528599377712197
11.4711471147114707 -102.6770711370519393
11.4911491149114937 -23.2394391024987925
11.5111511151115167 -104.0420939624594041
11.5311531153115396 -70.6021407586581233
11.5511551155115626 -104.7689193956912561
11.5711571157115714 -117.5055962891597687
11.5911591159115943 -98.7466848958376175
11.6111611161116173 -82.4143698908000601
11.6311631163116402 -109.7503027218761815
11.6511651165116632 -71.5765884191292088
11.6711671167116720 -93.8815602500814350
11.6911691169116949 -113.2852017038565862
11.7111711171117179 -57.2351702232492698
11.7311731173117408 -74.0480067887807678
11.7511751175117496 -122.7453526850895287
11.7711771177117726 -145.3479940727915505
11.7911791179117955 -91.2562125942723412
11.8111811181118185 -61.6674720889200145
11.8311831183118414 -76.5218741103534370
11.8511851185118502 -114.5067599954172124
11.8711871187118732 -81.7828993286695436
11.8911891189118961 -104.5912974895531136
11.9111911191119191 -68.9969602294258237
11.9311931193119420 -86.3916264151756792
11.9511951195119508 -119.3310105092292588
11.9711971197119738 -89.3009717761930091
11.9911991199119967 -134.1362074576846339
12.0112011201120197 -85.5181344909477872
12.0312031203120426 -96.0706354447428907
12.0512051205120514 -80.6643026360694648
12.0712071207120744 -130.5515386892913341
12.0912091209120973 -72.6177172222067355
12.1112111211121203 -62.8780860431543971
12.1312131213121432 -84.8899964823532969
12.1512151215121520 -69.3214234460978531
12.1712171217121750 -83.7233830139901443
12.1912191219121979 -102.8092818320241406
12.2112211221122209 -88.2477625589001491
12.2312231223122296 -79.2522943455267637
12.2512251225122526 -80.3641564590099051
12.2712271227122756 -54.6174025134017853
12.2912291229122985 -87.1436151047213627
12.3112311231123215 -89.6590801465357856
12.3312331233123302 -113.9108242607213839
12.3512351235123532 -99.1838456352422213
12.3712371237123762 -82.5000297607164015
12.3912391239123991 -106.3050347611883097
12.4112411241124221 -87.9455301192497245
12.4312431243124308 -86.8275210143149678
12.4512451245124538 -48.7424340993621215
12.4712471247124768 -86.1085775636659179
12.4912491249124997 -101.4427900057781642
12.5112511251125227 -106.3720666716467633
12.5312531253125314 -109.3535278021236650
12.5512551255125544 -65.8808140362898200
12.5712571257125774 -70.0808163490378178
12.5912591259126003 -105.9649469086019877
12.6112611261126233 -76.4767466251746555
12.6312631263126320 -132.2489115727913429
12.6512651265126550 -79.2352451969878189
12.6712671267126780 -106.0026723223053864
12.6912691269127009 -121.0938879499605321
12.7112711271127239 -101.3080014248605067
12.7312731273127326 -114.3141078464030613
12.7512751275127556 -103.0311736105283558
12.7712771277127786 -65.6917727963884772
12.7912791279128015 -99.6502458523698067
12.8112811281128103 -94.7706342993278525
12.8312831283128332 -63.2805013022953489
12.8512851285128562 -83.0467976348415249
12.8712871287128792 -106.6020867063670323
12.8912891289129021 -109.0102064442820620
12.9112911291129109 -90.0321503292147014
12.9312931293129338 -124.8161646247088612
12.9512951295129568 -99.9961469358228356
12.9712971297129798 -112.5978938292543035
12.9912991299130027 -52.2309125624329553
13.0113011301130115 -54.8693312115983147
13.0313031303130344 -98.6454553261927032
13.0513051305130574 -60.4196434649830678
13.0713071307130804 -105.0755242192064145
13.0913091309131033 -40.1217954638270555
13.1113111311131121 -78.2109958761515145
13.1313131313131350 -93.9771467237488451
13.1513151315131580 -64.0064058683182964
13.1713171317131810 -75.3072254248739483
13.1913191319132039 -76.4243688685098732
13.2113211321132127 -102.5905461484432806
13.2313231323132356 -51.7076708970183603
13.2513251325132586 -95.2882990068527107
13.2713271327132816 -110.1362132498295949
13.2913291329132903 -66.1209915142229363
13.3113311331133133 -98.2718902261996305
13.3313331333133362 -110.5799088205082654
13.3513351335133592 -125.8404356719460253
13.3713371337133822 -96.1807751225415473
13.3913391339133909 -128.1361858378284921
13.4113411341134139 -91.7797540825287967
13.4313431343134368 -95.6538476873195975
13.4513451345134598 -90.1958941006948720
13.4713471347134828 -80.8540562166924985
13.4913491349134915 -108.0334709746668977
13.5113511351135145 -104.1595063990796746
13.5313531353135375 -72.7373957425251945
13.5513551355135604 -87.5395833985422342
13.5713571357135834 -79.8477386426696825
13.5913591359135921 -65.5361441821835626
13.6113611361136151 -56.4315897094283727
13.6313631363136381 -82.4597769469725250
13.6513651365136610 -131.8327254739883756
13.6713671367136840 -104.1445922729488132
13.6913691369136927 -82.3475321722131923
13.7113711371137157 -93.8742279703650127
13.7313731373137387 -92.0401231558079047
13.7513751375137616 -64.3565770729590128
13.7713771377137704 -88.3370110196927953
13.7913791379137933 -111.3258257142726535
13.8113811381138163 -112.3894006794294285
13.8313831383138393 -82.5473728373647333
13.8513851385138622 -106.9930809210067366
13.8713871387138710 -23.4371317784635522
13.8913891389138939 -112.7493258058834726
13.9113911391139169 -109.6870514044514238
13.9313931393139399 -75.2795989647183319
13.9513951395139628 -77.2636013729997586
13.9713971397139716 -84.9601543748656525
13.9913991399139945 -88.5326158557504641
14.0114011401140175 -75.3110109736481235
14.0314031403140405 -84.6894128872627761
14.0514051405140634 -50.4766955902819205
14.0714071407140722 -83.2986011621548386
14.0914091409140951 -70.7048031585812566
14.1114111411141181 -103.6169169169442057
14.1314131413141411 -99.9384778208152795
14.1514151415141640 -68.3037134839933060
14.1714171417141728 -66.5924685065853907
14.1914191419141957 -60.4508128778374783
14.2114211421142187 -77.1541396309422254
14.2314231423142417 -107.6114975960070126
14.2514251425142504 -74.9558110568726761
14.2714271427142734 -61.0506771273296636
14.2914291429142963 -67.9676495276735295
14.3114311431143193 -106.2889768772555215
14.3314331433143423 -74.0237411580245350
14.3514351435143510 -100.2914035955032404
14.3714371437143740 -110.2246693160947331
14.3914391439143969 -112.8759126699652597
14.4114411441144199 -85.7485485663058427
14.4314431443144429 -94.0033610754607452
14.4514451445144516 -72.5469362887666591
14.4714471447144746 -82.3073060838889319
14.4914491449144975 -52.5249512048957641
14.5114511451145205 -67.5466218443491186
14.5314531453145435 -95.0825663606434972
14.5514551455145522 -109.4362577554959302
14.5714571457145752 -111.6811386511391504
14.5914591459145981 -86.9824535464970694
14.6114611461146211 -92.9923533752671716
14.6314631463146441 -95.8119878085308017
14.6514651465146528 -103.6102436482667031
14.6714671467146758 -88.7029467395896489
14.6914691469146987 -139.2058393919456023
14.7114711471147217 -57.2999172485368504
14.7314731473147305 -124.0885690956554583
14.7514751475147534 -71.3611794467060463
14.7714771477147764 -102.8486028410438280
14.7914791479147993 -122.9370217532249114
14.8114811481148223 -55.8626902034679844
14.8314831483148311 -122.8291705247410448
14.8514851485148540 -88.4930402653024544
14.8714871487148770 -71.1278279790265771
14.8914891489148999 -109.2021843535429468
14.9114911491149229 -80.3023480752508476
14.9314931493149317 -118.3646789143143963
14.9514951495149546 -95.4889486770630782
14.9714971497149776 -103.7092459581878643
14.9914991499150005 -72.4070869882779959
15.0115011501150235 -116.2809509726583741
15.0315031503150323 -71.3845254116034340
15.0515051505150552 -97.3790484977290589
15.0715071507150782 -90.4626746792434915
15.0915091509151011 -83.9548586348167731
15.1115111511151241 -104.7162939544852236
15.1315131513151329 -112.3506264179490728
15.1515151515151558 -62.8709972932404355
15.1715171517151788 -56.1193352479933338
15.1915191519152017 -86.6856364087031324
15.2115211521152105 -46.0172792508401614
15.2315231523152335 -122.2817430497655664
15.2515251525152564 -88.3908994353880075
15.2715271527152794 -89.9765425560317595
15.2915291529153023 -90.3144796686964924
15.3115311531153111 -76.5201607476273438
15.3315331533153341 -94.5864204857182500
15.3515351535153570 -96.5533165768705572
15.3715371537153800 -110.5984706812261464
15.3915391539154029 -107.3453459349420740
15.4115411541154117 -75.6222536187574406
15.4315431543154347 -95.5533425496738857
15.4515451545154576 -72.9012467208690396
15.4715471547154806 -81.9848916943478656
15.4915491549155036 -84.6783380584936651
15.5115511551155123 -90.7859983454500252
15.5315531553155353 -117.8824276038118057
15.5515551555155582 -107.0500098324520053
15.5715571557155812 -32.5503231130878206
15.5915591559156042 -78.1065820788567464
15.6115611561156129 -102.3332319035106650
15.6315631563156359 -70.8173901084157649
15.6515651565156588 -98.2497456308769728
15.6715671567156818 -106.8059376164527805
15.6915691569156905 -132.6349831159268717
15.7115711571157135 -67.9814081296046595
15.7315731573157365 -103.0429615580963230
15.7515751575157594 -77.0534488503900974
15.7715771577157824 -96.2022796474230830
15.7915791579157911 -104.3786631954477286
15.8115811581158141 -81.1352385171612696
15.8315831583158371 -75.0787275221661901
15.8515851585158600 -124.6012257423856511
15.8715871587158830 -85.5569462855808212
15.8915891589158917 -115.1419804222693273
15.9115911591159147 -104.0161856769073836
15.9315931593159377 -101.4517311560631043
15.9515951595159606 -112.2346337303628871
15.9715971597159836 -80.2790954956355023
15.9915991599159923 -99.2592616139017139
16.0116011601160153 -127.0781778307215859
16.0316031603160383 -74.1621058791920547
16.0516051605160612 -85.4366246381684533
16.0716071607160842 -138.9317542345560526
16.0916091609160929 -105.5344607369305550
16.1116111611161159 -77.5602580621893054
16.1316131613161389 -71.8739778414589807
16.1516151615161618 -37.4944069930121913
16.1716171617161706 -91.7048339050959953
16.1916191619161935 -67.9801208757923803
16.2116211621162165 -102.7980245857529980
16.2316231623162395 -77.8566387243057960
16.2516251625162624 -83.6359471218015784
16.2716271627162712 -143.1454674543716692
16.2916291629162941 -156.7950658390694230
16.3116311631163171 -86.1731814037265451
16.3316331633163401 -100.4982881307976470
16.3516351635163630 -82.9409467088415653
16.3716371637163718 -106.7928760808046462
16.3916391639163948 -66.9534210835995083
16.4116411641164177 -96.1647899926774414
16.4316431643164407 -96.0697831487949543
16.4516451645164636 -83.2074641651212090
16.4716471647164724 -124.0008498803679231
16.4916491649164954 -63.9410742429330554
16.5116511651165183 -97.4431567836985266
16.5316531653165413 -58.9333688741677761
16.5516551655165642 -110.1569060180614343
16.5716571657165730 -99.5945047826277801
16.5916591659165960 -81.7239633947113049
16.6116611661166189 -62.7020455020817735
16.6316631663166419 -80.1848791753734247
16.6516651665166506 -99.3476503986533714
16.6716671667166736 -102.6752026867235230
16.6916691669166966 -85.6313450407007508
16.7116711671167195 -100.4716729794610046
16.7316731673167425 -81.8394623439706237
16.7516751675167512 -106.1287281443107986
16.7716771677167742 -89.5514151329589936
16.7916791679167972 -121.2237790349253999
16.8116811681168201 -96.8523606721005876
16.8316831683168431 -109.0008666252106906
16.8516851685168518 -102.6087146652477884
16.8716871687168748 -68.4174541810984209
16.8916891689168978 -83.3650668112988740
16.9116911691169207 -71.6306769332389450
16.9316931693169437 -103.8225259738782853
16.9516951695169524 -79.3700622225097732
16.9716971697169754 -87.3089587296977072
16.9916991699169984 -86.5757388410275581
17.0117011701170213 -97.6024126790349698
17.0317031703170443 -71.5653158368408810
17.0517051705170530 -63.9904039745296984
17.0717071707170760 -80.0013540868816051
17.0917091709170990 -68.7257409720103141
17.1117111711171219 -86.4224436567426295
17.1317131713171307 -57.4252641350218127
17.1517151715171536 -116.8204856271765948
17.1717171717171766 -101.3081716325481096
17.1917191719171996 -102.7739266741996005
17.2117211721172225 -86.1187267732331065
17.2317231723172313 -88.7174469829176360
17.2517251725172542 -49.4624550884879213
17.2717271727172772 -135.3649995220513631
17.2917291729173002 -99.2853781320163336
17.3117311731173231 -59.7904607466143290
17.3317331733173319 -81.8034583085571114
17.3517351735173548 -116.5411027144049854
17.3717371737173778 -86.0315463006953962
17.3917391739174008 -62.3804666996667692
17.4117411741174237 -99.3859903305421142
17.4317431743174325 -106.8215411413694511
17.4517451745174554 -106.8845523765960479
17.4717471747174784 -135.6983828515675725
17.4917491749175014 -91.8563435148317780
17.5117511751175243 -83.3340580075938249
17.5317531753175331 -86.5903906594304544
17.5517551755175560 -66.5009936644964057
17.5717571757175790 -92.4214078066278546
17.5917591759176020 -108.1834281822827393
17.6117611761176107 -114.8744384202067010
17.6317631763176337 -103.3083649107991988
17.6517651765176566 -119.2173009392391236
17.6717671767176796 -124.9167985205681362
17.6917691769177026 -102.2650082946464352
17.7117711771177113 -22.5476720770895156
17.7317731773177343 -106.1165918682655871
17.7517751775177572 -91.3061640080998131
17.7717771777177802 -96.4452890784018280
17.7917791779178032 -72.1343683142453926
17.8117811781178119 -91.5561827389210379
17.8317831783178349 -90.3059174282876995
17.8517851785178578 -75.0128592303454695
17.8717871787178808 -60.3580697612832680
17.8917891789179038 -130.3752462248098425
17.9117911791179125 -67.1131485961044802
17.9317931793179355 -93.5406547938537045
17.9517951795179584 -120.2219596081547195
17.9717971797179814 -82.2433160847491678
17.9917991799180044 -82.7182508959502627
18.0118011801180131 -94.2012142086212236
18.0318031803180361 -106.5311332919868050
18.0518051805180590 -97.1392756644868456
18.0718071807180820 -104.7480575080746235
18.0918091809180908 -123.6988540056428008
18.1118111811181137 -87.8651884057149886
18.1318131813181367 -123.2798479043701150
18.1518151815181596 -93.0456101933909991
18.1718171817181826 -126.3218965924928341
18.1918191819181914 -83.2510673060005786
18.2118211821182143 -84.4653832591967557
18.2318231823182373 -89.6518534128731517
18.2518251825182602 -94.4846272116963064
18.2718271827182832 -89.8759660050187250
18.2918291829182920 -75.7941939459556835
18.3118311831183149 -98.6188965806963580
18.3318331833183379 -109.9028251717342499
18.3518351835183609 -92.9813687247708600
18.3718371837183838 -69.6926003105900378
18.3918391839183926 -101.9105045990227012
18.4118411841184155 -91.5483583202407516
18.4318431843184385 -80.5090253736211565
18.4518451845184615 -111.4899312360571315
18.4718471847184844 -95.7961112892307085
18.4918491849184932 -94.9487824418143873
18.5118511851185161 -93.1788449424091567
18.5318531853185391 -81.2615871851463965
18.5518551855185621 -91.6477487005249287
18.5718571857185708 -93.9224396057587541
18.5918591859185938 -96.8509939858817148
18.6118611861186167 -76.7007274858365662
18.6318631863186397 -80.1858196073873444
18.6518651865186627 -79.7038049120631342
18.6718671867186714 -39.5151299156846747
18.6918691869186944 -74.2120949496135438
18.7118711871187173 -128.0048582909387846
18.7318731873187403 -135.2319238559021812
18.7518751875187633 -93.7834740041924846
18.7718771877187720 -56.4554511565733605
18.7918791879187950 -70.4610788751993766
18.8118811881188179 -71.0787762793115832
18.8318831883188409 -59.9970168392765189
18.8518851885188639 -100.8657045837370276
18.8718871887188726 -124.5006059856278284
18.8918891889188956 -126.7321389500006603
18.9118911891189185 -57.4622808483754568
18.9318931893189415 -88.5489936927132248
18.9518951895189645 -66.7805894511881206
18.9718971897189732 -89.0362872355280786
18.9918991899189962 -134.7070732160297553
19.0119011901190191 -69.7810616739390355
19.0319031903190421 -75.9970320247971074
19.0519051905190508 -79.2989122131461812
19.0719071907190738 -122.0420416964663417
19.0919091909190968 -87.7142041373703307
19.1119111911191197 -105.5287100606886099
19.1319131913191427 -95.7813964040286407
19.1519151915191514 -77.5795155851259466
19.1719171917191744 -48.1162203506110444
19.1919191919191974 -99.9987356844492439
19.2119211921192203 -91.3618819045195920
19.2319231923192433 -100.2125333943562566
19.2519251925192521 -109.3553539680924160
19.2719271927192750 -89.6562250881394220
19.2919291929192980 -106.0439783157826099
19.3119311931193209 -58.7501870846520049
19.3319331933193439 -137.8713677312406389
19.3519351935193527 -71.7908800064551400
19.3719371937193756 -65.6930041380054917
19.3919391939193986 -70.8835382195790658
19.4119411941194215 -48.6675051389108262
19.4319431943194445 -102.1123008727536501
19.4519451945194533 -94.3160670493767412
19.4719471947194762 -107.8239004233948037
19.4919491949194992 -90.1916238005345150
19.5119511951195221 -118.0436908807040908
19.5319531953195309 -64.6674451007308448
19.5519551955195539 -109.1787397114140390
19.5719571957195768 -108.0668959126874142
19.5919591959195998 -61.8832927481013968
19.6119611961196227 -83.2721519034532207
19.6319631963196315 -84.7776119699484809
19.6519651965196545 -83.2534751260123755
19.6719671967196774 -92.2938693487676147
19.6919691969197004 -156.5574435274587302
19.7119711971197233 -48.8176609030302444
19.7319731973197321 -110.0104148080384903
19.7519751975197551 -76.4826761039757628
19.7719771977197780 -85.0518977297097649
19.7919791979198010 -117.1707426821285623
19.8119811981198239 -107.3059992316810280
19.8319831983198327 -57.7293143736061580
19.8519851985198557 -138.9915271250483499
19.8719871987198786 -89.7829551100723080
19.8919891989199016 -113.3482445870296544
19.9119911991199245 -88.6334891762724624
19.9319931993199333 -71.3221209854353333
19.9519951995199563 -83.8969943951897363
19.9719971997199792 -77.9243069576546361
19.9919991999200022 -104.8918892421566511
20.0120012001200109 -78.8427292567981510
20.0320032003200339 -111.4858255754996037
20.0520052005200569 -62.5954850678772203
20.0720072007200798 -39.3196490111355104
20.0920092009201028 -85.1831825185009137
20.1120112011201115 -79.3259766261717800
20.1320132013201345 -114.6636214258023614
20.1520152015201575 -64.8261233389760605
20.1720172017201804 -81.0459949751407009
20.1920192019202034 -79.3853318665516241
20.2120212021202121 -65.8471510275439869
20.2320232023202351 -79.1631994850796019
20.2520252025202581 -56.0368787915764557
20.2720272027202810 -112.0177530458237243
20.2920292029203040 -101.5693809252769313
20.3120312031203127 -75.0218172632641540
20.3320332033203357 -84.0416234227156451
20.3520352035203587 -76.3990274441052151
20.3720372037203816 -106.4044583844835188
20.3920392039204046 -85.1279364847564324
20.4120412041204133 -91.8654597632243650
20.4320432043204363 -95.4488131008466212
20.4520452045204593 -78.9062828113409580
20.4720472047204822 -78.3146281978902863
20.4920492049204910 -100.4644929681522285
20.5120512051205139 -50.4261574060646609
20.5320532053205369 -101.1474441267824460
20.5520552055205599 -60.1057131682564290
20.5720572057205828 -74.9346645816426076
20.5920592059205916 -76.0330596558268610
20.6120612061206145 -99.4616535898872485
20.6320632063206375 -69.0807281194442737
20.6520652065206605 -47.8092296381606161
20.6720672067206834 -101.8703897676445393
20.6920692069206922 -58.8019118773369414
20.7120712071207151 -84.2337695465595004
20.7320732073207381 -70.6148174320049122
20.7520752075207611 -78.6657949733525612
20.7720772077207840 -59.9963585304076332
20.7920792079207928 -55.9888488469930508
20.8120812081208157 -86.3804797696648734
20.8320832083208387 -84.5598672367973876
20.8520852085208617 -77.1755642446318291
20.8720872087208846 -96.8864203341182701
20.8920892089208934 -86.6804497803135234
20.9120912091209163 -65.8116057170090727
20.9320932093209393 -106.3119324025884680
20.9520952095209623 -36.4097108365690048
20.9720972097209710 -80.5253862630658546
20.9920992099209940 -109.1484588843920562
21.0121012101210169 -125.1291861619672261
21.0321032103210399 -93.0901985520300741
21.0521052105210629 -40.1007449746440869
21.0721072107210716 -84.3940244972747564
21.0921092109210946 -102.7634614331867908
21.1121112111211175 -95.0573696862938107
21.1321132113211405 -73.7014252910911694
21.1521152115211635 -55.1929771379282954
21.1721172117211722 -60.8344946614592459
21.1921192119211952 -69.9614825612766822
21.2121212121212182 -120.4371020897977758
21.2321232123212411 -90.3266140719660484
21.2521252125212641 -119.4023621160683462
21.2721272127212728 -84.9405381188766313
21.2921292129212958 -64.3963925610133288
21.3121312131213188 -81.1099216659382165
21.3321332133213417 -105.2365738881490387
21.3521352135213647 -68.3780334030821848
21.3721372137213734 -51.0472208078397784
21.3921392139213964 -73.1958526144776869
21.4121412141214194 -54.2808732568519403
21.4321432143214423 -74.6149798964205360
21.4521452145214511 -97.1078858950948245
21.4721472147214740 -93.5286343310127393
21.4921492149214970 -61.7976209797598415
21.5121512151215200 -111.3778015692988106
21.5321532153215429 -90.2682306642345367
21.5521552155215517 -123.1244767447134336
21.5721572157215746 -85.4287506651509290
21.5921592159215976 -74.8780565723055247
21.6121612161216206 -76.3966713841351037
21.6321632163216435 -129.0426210647930532
21.6521652165216523 -92.0819923767716375
21.6721672167216752 -56.1657285945017861
21.6921692169216982 -80.3452797341887646
21.7121712171217212 -100.0279160239190759
21.7321732173217441 -90.5515035166274487
21.7521752175217529 -77.4113399627117786
21.7721772177217758 -96.4853940976905164
21.7921792179217988 -52.7076037816922067
21.8121812181218218 -91.4200666760245184
21.8321832183218447 -103.3949898132208318
21.8521852185218535 -91.4548713193159415
21.8721872187218764 -118.9688954310382769
21.8921892189218994 -70.8037495601204654
21.9121912191219224 -99.4218291966043637
21.9321932193219311 -83.3946751872271506
21.9521952195219541 -120.5184751652480770
21.9721972197219770 -58.6456878594990627
21.9921992199220000 -119.3379816761024870
22.0122012201220230 -81.5253269442528961
22.0322032203220317 -115.1441292952955280
22.0522052205220547 -84.1111545114494845
22.0722072207220776 -93.1497640000121692
22.0922092209221006 -107.9464121366954714
22.1122112211221236 -92.6071771896790779
22.1322132213221323 -93.5880126309208151
22.1522152215221553 -96.0929584254479607
22.1722172217221782 -94.0540687808105531
22.1922192219222012 -64.9157931109315740
22.2122212221222242 -91.6342930349543252
22.2322232223222329 -79.3322943139868642
22.2522252225222559 -121.0853514619446827
22.2722272227222788 -126.4894378689896541
22.2922292229223018 -79.9532423096978420
22.3122312231223248 -149.3904511483424642
22.3322332233223335 -64.7490907736353165
22.3522352235223565 -95.7985775383855582
22.3722372237223794 -78.9255243100813999
22.3922392239224024 -92.7834037277892207
22.4122412241224112 -119.8239076593249308
22.4322432243224341 -59.1106838223089710
22.4522452245224571 -79.5369428883392260
22.4722472247224800 -82.7190069485869373
22.4922492249225030 -110.1109013211133458
22.5122512251225118 -85.4909158411153811
22.5322532253225347 -95.3747024453992509
22.5522552255225577 -78.8732633969264754
22.5722572257225806 -123.1262496987485235
22.5922592259226036 -71.3668719032242791
22.6122612261226124 -33.7717856467947755
22.6322632263226353 -74.3467693249737351
22.6522652265226583 -106.0617443231657546
22.6722672267226812 -110.1135455196590271
22.6922692269227042 -76.7837806611521643
22.7122712271227130 -109.9817718309103327
22.7322732273227359 -88.9303936868864611
22.7522752275227589 -111.6760665703243518
22.7722772277227818 -86.2650552510803976
22.7922792279228048 -63.3908140256298154
22.8122812281228136 -77.6394302597984307
22.8322832283228365 -51.5896697892633469
22.8522852285228595 -102.1519745358343414
22.8722872287228824 -54.6963779061817590
22.8922892289228912 -110.7268110330404340
22.9122912291229142 -55.4554604479996414
22.9322932293229371 -95.1252741411284433
22.9522952295229601 -45.6201368513889349
22.9722972297229830 -88.1893816848507015
22.9922992299229918 -101.0474622968876730
23.0123012301230148 -119.8421383254117529
23.0323032303230377 -50.6448606170168247
23.0523052305230607 -65.7150129686789057
23.0723072307230836 -77.0539488635473759
23.0923092309230924 -85.9458609875292296
23.1123112311231154 -89.4575919813464822
23.1323132313231383 -79.9889949061025618
23.1523152315231613 -79.6982245980400137
23.1723172317231842 -96.7347684979705065
23.1923192319231930 -107.1761057631009635
23.2123212321232160 -72.5996870969539145
23.2323232323232389 -71.8121303729014642
23.2523252325232619 -77.9583337139920900
23.2723272327232849 -98.0403644794094049
23.2923292329232936 -98.9098715643615947
23.3123312331233166 -57.7951805820952274
23.3323332333233395 -108.5217151471652244
23.3523352335233625 -71.5892701881320903
23.3723372337233855 -74.0281250502437587
23.3923392339233942 -90.4342363783336651
23.4123412341234172 -104.1977259788311017
23.4323432343234401 -67.9552100727997157
23.4523452345234631 -84.3643302059165592
23.4723472347234718 -102.0059106030030733
23.4923492349234948 -66.3367889909290369
23.5123512351235178 -59.1271731665454325
23.5323532353235407 -51.0398839110631215
23.5523552355235637 -89.2405273009030680
23.5723572357235724 -52.0116160642886669
23.5923592359235954 -82.9110627698608482
23.6123612361236184 -104.8973032056588721
23.6323632363236413 -63.3827716817136917
23.6523652365236643 -92.9393400785621822
23.6723672367236730 -70.3745676847413506
23.6923692369236960 -75.4826409197190458
23.7123712371237190 -72.8410553051166829
23.7323732373237419 -92.6984966559149228
23.7523752375237649 -113.4172588109756390
23.7723772377237736 -66.5189108213003664
23.7923792379237966 -57.3892189935055654
23.8123812381238196 -103.9909575303396707
23.8323832383238425 -76.2093343790774753
23.8523852385238655 -70.6196161411976249
23.8723872387238742 -38.3851819765682549
23.8923892389238972 -51.6732464957292237
23.9123912391239202 -77.4934878697122258
23.9323932393239431 -77.1138815828052486
23.9523952395239519 -65.8718636145266316
23.9723972397239748 -37.9352280790935197
23.9923992399239978 -113.5625543747446216
24.0124012401240208 -82.0838923309912047
24.0324032403240437 -110.9642426808849507
24.0524052405240525 -94.1550412946013751
24.0724072407240755 -87.3367690150704874
24.0924092409240984 -60.6937426723522435
24.1124112411241214 -96.2533690993739413
24.1324132413241443 -74.1381557773743509
24.1524152415241531 -125.0644666186920091
24.1724172417241761 -64.5500953244413296
24.1924192419241990 -110.1630859360281818
24.2124212421242220 -90.3680798741044384
24.2324232423242449 -122.2974213128835146
24.2524252425242537 -54.8063946122845849
24.2724272427242767 -74.7908544314809802
24.2924292429242996 -47.0095318813679555
24.3124312431243226 -50.1181273545716195
24.3324332433243455 -75.0514384547993529
24.3524352435243543 -91.0113475338617377
24.3724372437243773 -72.0936487836914921
24.3924392439244002 -90.2553195899023279
24.4124412441244232 -124.3523098487035270
24.4324432443244319 -84.7240497810513205
24.4524452445244549 -61.1825031408033055
24.4724472447244779 -128.2772874368686189
24.4924492449245008 -81.8068883994097291
24.5124512451245238 -88.5541648262201306
24.5324532453245325 -70.5862612866873320
24.5524552455245555 -80.2440918453717700
24.5724572457245785 -69.2236387619488198
24.5924592459246014 -74.1258751435782415
24.6124612461246244 -58.8903154853708486
24.6324632463246331 -82.4709458876036479
24.6524652465246561 -43.0703632237370329
24.6724672467246791 -91.7515127907210370
24.6924692469247020 -100.6896315236452324
24.7124712471247250 -82.3340422940905228
24.7324732473247337 -74.8429885439641680
24.7524752475247567 -94.6770158104496034
24.7724772477247797 -35.8348501954255951
24.7924792479248026 -70.8419821895556510
24.8124812481248256 -74.4941766062367776
24.8324832483248343 -93.9679863171099896
24.8524852485248573 -77.1545964629160892
24.8724872487248803 -77.7152775159015334
24.8924892489249032 -61.6161158873192960
24.9124912491249120 -97.0272098863899970
24.9324932493249349 -65.5434993657527372
24.9524952495249579 -59.6198103244345958
24.9724972497249809 -78.5931371355117392
24.9924992499250038 -98.6752462626023430
25.0125012501250126 -58.7773019029517485
25.0325032503250355 -96.2179377714870441
25.0525052505250585 -71.9476034180974864
25.0725072507250815 -108.0107803364309405
25.0925092509251044 -101.9293716384864013
25.1125112511251132 -50.1336422059708440
25.1325132513251361 -75.9529177385473702
25.1525152515251591 -67.6330356404759527
25.1725172517251821 -99.5800309415244698
25.1925192519252050 -52.9030492024361081
25.2125212521252138 -57.6049948833176089
25.2325232523252367 -67.9624791368424752
25.2525252525252597 -38.7533809653619201
25.2725272527252827 -84.5109015478292775
25.2925292529253056 -140.0103584822830385
25.3125312531253144 -58.2266137169524072
25.3325332533253373 -120.6767634840587817
25.3525352535253603 -86.8631588287127698
25.3725372537253833 -74.3919391304027755
25.3925392539253920 -45.4564603746632159
25.4125412541254150 -97.3443646546082562
25.4325432543254379 -129.6825004163382005
25.4525452545254609 -47.8335665421535623
25.4725472547254839 -69.6111560165468575
25.4925492549254926 -99.6493124806375334
25.5125512551255156 -87.6378666800662671
25.5325532553255385 -86.5641000189273484
25.5525552555255615 -131.8826239332133241
25.5725572557255845 -66.3818713318680693
25.5925592559255932 -118.7808858258554210
25.6125612561256162 -78.8002489859983939
25.6325632563256391 -107.7452542133876676
25.6525652565256621 -86.4031602021780145
25.6725672567256851 -98.3360389180284216
25.6925692569256938 -77.9335151645389033
25.7125712571257168 -150.6995579113910253
25.7325732573257397 -53.8638643035891107
25.7525752575257627 -131.9919063984096965
25.7725772577257857 -27.1636861068749198
25.7925792579257944 -85.5676982971432665
25.8125812581258174 -120.6403002588189395
25.8325832583258403 -75.1085497848412444
25.8525852585258633 -68.7583354846443058
25.8725872587258721 -113.4435906333115156
25.8925892589258950 -105.3431073120336947
25.9125912591259180 -63.3268427365094837
25.9325932593259409 -26.1103236553677718
25.9525952595259639 -88.8650298430930974
25.9725972597259727 -92.6539851161552690
25.9925992599259956 -81.6896257299409569
26.0126012601260186 -73.1261312711810945
26.0326032603260415 -64.5860168749378829
26.0526052605260645 -65.4607481740798249
26.0726072607260733 -96.0373151629289907
26.0926092609260962 -86.1477441156031318
26.1126112611261192 -42.6531744184872039
26.1326132613261422 -104.8282777222571269
26.1526152615261651 -57.0877805247394150
26.1726172617261739 -119.0302182418420784
26.1926192619261968 -55.2298819759893433
26.2126212621262198 -60.6984803368659840
26.2326232623262428 -63.7899573654930592
26.2526252625262657 -107.3219650177057360
26.2726272627262745 -72.6070771928074379
26.2926292629262974 -84.0593094971684991
26.3126312631263204 -78.9689714256840318
26.3326332633263434 -86.7712847808104613
26.3526352635263521 -72.2740533868253152
26.3726372637263751 -76.4770528509913561
26.3926392639263980 -55.0537196753604334
26.4126412641264210 -98.7178443069853273
26.4326432643264440 -87.9210674556055096
26.4526452645264527 -120.6309663592248995
26.4726472647264757 -51.8322477032650539
26.4926492649264986 -85.7761328445275808
26.5126512651265216 -84.4662526949933863
26.5326532653265446 -89.9280005325165490
26.5526552655265533 -106.4334067875442429
26.5726572657265763 -69.4744317738963133
26.5926592659265992 -93.0337053299019061
26.6126612661266222 -92.0245235980887912
26.6326632663266452 -44.4045620359474214
26.6526652665266539 -115.4751568227726040
26.6726672667266769 -75.4522469666612068
26.6926692669266998 -45.1029168866345884
26.7126712671267228 -119.3926670988231393
26.7326732673267458 -61.8907701681996585
26.7526752675267545 -85.8316490437195938
26.7726772677267775 -49.9154934266205501
26.7926792679268004 -64.8872219297772403
26.8126812681268234 -90.5141896048503156
26.8326832683268321 -99.5149084227270890
26.8526852685268551 -73.9067088764754772
26.8726872687268781 -46.8496456710944642
26.8926892689269010 -68.2063834352723575
26.9126912691269240 -47.6066879290129776
26.9326932693269328 -89.7014294299198127
26.9526952695269557 -83.8748131738356761
26.9726972697269787 -68.3028666624555285
26.9926992699270016 -53.1689992224632277
27.0127012701270246 -82.5949696782553815
27.0327032703270334 -40.8309187794858559
27.0527052705270563 -72.9697358909270548
27.0727072707270793 -120.8829870575889061
27.0927092709271022 -95.6324454541139346
27.1127112711271252 -77.0248708429183182
27.1327132713271340 -25.2370066851855981
27.1527152715271569 -92.0323393046194553
27.1727172717271799 -107.6638562928688430
27.1927192719272028 -46.4176418346307003
27.2127212721272258 -29.6825797863418757
27.2327232723272346 -71.6498050666063619
27.2527252725272575 -83.6932970467373423
27.2727272727272805 -98.2771046157233599
27.2927292729273034 -76.1878779035467772
27.3127312731273122 -91.8928391293519979
27.3327332733273352 -47.1927290208497539
27.3527352735273581 -37.0085788729027669
27.3727372737273811 -92.1347161973340292
27.3927392739274040 -39.9191419376763221
27.4127412741274128 -52.4159642682291675
27.4327432743274358 -58.5882070593015101
27.4527452745274587 -96.4226171496110567
27.4727472747274817 -84.0155909016360738
27.4927492749275046 -83.5850605253765764
27.5127512751275134 -61.4385472126504126
27.5327532753275364 -38.5126895632211443
27.5527552755275593 -94.0118666506392913
27.5727572757275823 -88.7180021733983466
27.5927592759276052 -74.1440760070515665
27.6127612761276140 -49.3216368523964945
27.6327632763276370 -67.2799319257474764
27.6527652765276599 -41.7234505895964247
27.6727672767276829 -70.8980829769713949
27.6927692769277058 -79.7824539182649630
27.7127712771277146 -52.1188549629296602
27.7327732773277376 -49.0530473374910940
27.7527752775277605 -72.6628033898487047
27.7727772777277835 -92.5327721340203482
27.7927792779277922 -107.7009932930328375
27.8127812781278152 -83.3476456028163284
27.8327832783278382 -118.1597561692339582
27.8527852785278611 -54.6738374270000662
27.8727872787278841 -81.0216548332159903
27.8927892789278928 -74.5625808633012355
27.9127912791279158 -54.3646660758042870
27.9327932793279388 -42.3488863554125956
27.9527952795279617 -46.9944267181911783
27.9727972797279847 -99.8045746567436822
27.9927992799279934 -86.2497822680891630
28.0128012801280306 -70.8438406774113218
28.0328032803280394 -95.8907434046991511
28.0528052805280481 -18.4638709401247780
28.0728072807280853 -49.7073860390033317
28.0928092809280940 -82.7362430658684076
28.1128112811281312 -76.3538447214139211
28.1328132813281400 -31.9444102578448295
28.1528152815281487 -46.5689890980899435
28.1728172817281859 -116.9862212898477765
28.1928192819281946 -65.2881440986569430
28.2128212821282318 -98.0476244588043926
28.2328232823282406 -73.4655454457682993
28.2528252825282493 -85.7884314371833909
28.2728272827282865 -96.9224644694688209
28.2928292829282952 -82.7050197051435987
28.3128312831283324 -65.5153554907288793
28.3328332833283412 -85.3053619014702349
28.3528352835283499 -51.4016823440978641
28.3728372837283871 -64.4227643892732544
28.3928392839283958 -98.0637738066305218
28.4128412841284330 -138.7174023273968828
28.4328432843284418 -78.0276101897219121
28.4528452845284505 -82.2596431934587571
28.4728472847284877 -85.4696512327884363
28.4928492849284964 -98.6105099087527321
28.5128512851285052 -81.5169725253637267
28.5328532853285424 -88.8159446660406502
28.5528552855285511 -80.5675076690802285
28.5728572857285883 -73.3867356169118494
28.5928592859285970 -61.7707505405429416
28.6128612861286058 -77.9553796521295226
28.6328632863286430 -43.5588301391465791
28.6528652865286517 -73.0075812368191492
28.6728672867286889 -61.8289385680839274
28.6928692869286976 -95.1326766860258317
28.7128712871287064 -51.3983853551307561
28.7328732873287436 -80.2520130772173275
28.7528752875287523 -48.1408991122309118
28.7728772877287895 -91.2011055855459460
28.7928792879287982 -81.8087274049822497
28.8128812881288070 -65.5445635836189098
28.8328832883288442 -100.8676051710477992
28.8528852885288529 -80.4078220677360349
28.8728872887288901 -48.5298996856921718
28.8928892889288988 -81.5821360258665891
28.9128912891289076 -61.3629371013978329
28.9328932893289448 -92.6671984694658448
28.9528952895289535 -74.0335090146594723
28.9728972897289907 -80.5088473170273033
28.9928992899289995 -13.6202792722387045
29.0129012901290082 -26.3986710075172724
29.0329032903290454 -83.5706134086370440
29.0529052905290541 -105.9430825256732618
29.0729072907290913 -50.4217259519788712
29.0929092909291001 -54.3524293376865941
29.1129112911291088 -66.5242061661326005
29.1329132913291460 -88.9647714340092506
29.1529152915291547 -63.8544138996693249
29.1729172917291919 -55.6845664601229942
29.1929192919292007 -29.1591702496956700
29.2129212921292094 -92.5205037383230149
29.2329232923292466 -76.1346397619631574
29.2529252925292553 -70.8919188562129108
29.2729272927292925 -41.8792167170531400
29.2929292929293013 -60.3114374210828998
29.3129312931293100 -73.6771196192435411
29.3329332933293472 -64.8173721199830197
29.3529352935293559 -69.5524874719820048
29.3729372937293931 -41.7768781130758882
29.3929392939294019 -53.2698840314328521
29.4129412941294106 -29.4288432593090263
29.4329432943294478 -38.1340953458944654
29.4529452945294565 -56.6201247236917737
29.4729472947294653 -59.7445512920991035
29.4929492949295025 -45.4154759371255494
29.5129512951295112 -33.0264569445775535
29.5329532953295484 -70.7973774805720382
29.5529552955295571 -61.2671889283002002
29.5729572957295659 -92.1465287505063344
29.5929592959296031 -48.9112767523653105
29.6129612961296118 -25.7536914363592189
29.6329632963296490 -60.7982683594236022
29.6529652965296577 -52.6091678882468017
29.6729672967296665 -61.0872228950910241
29.6929692969297037 -54.2439054091861195
29.7129712971297124 -68.3541993873229785
29.7329732973297496 -102.5676328331395268
29.7529752975297583 -123.9671984692245701
29.7729772977297671 -67.8676571228364196
29.7929792979298043 -87.5937834554580093
29.8129812981298130 -54.5453632679391731
29.8329832983298502 -96.5891349139639601
29.8529852985298589 -56.3865766032510294
29.8729872987298677 -86.2308833928455982
29.8929892989299049 -66.9063396106946158
29.9129912991299136 -81.0775227619678702
29.9329932993299508 -64.8527075631505454
29.9529952995299595 -73.0270003999851269
29.9729972997299683 -45.9646997748028099
29.9929992999300055 -117.6942363876807747
30.0130013001300142 -94.7116350073282973
30.0330033003300514 -67.2970479449765548
30.0530053005300601 -68.5081589177776493
30.0730073007300689 -20.7128199414824721
30.0930093009301061 -50.2531893408050365
30.1130113011301148 -51.7224963549915202
30.1330133013301520 -83.2902681893210683
30.1530153015301607 -64.7465967548023968
30.1730173017301695 -76.0299887274372566
30.1930193019302067 -55.0791339402253257
30.2130213021302154 -97.7219889070151453
30.2330233023302526 -65.8574511499313786
30.2530253025302613 -39.6220991606743098
30.2730273027302701 -50.4057405375458103
30.2930293029303073 -106.7077649321767581
30.3130313031303160 -73.5690041501035239
30.3330333033303532 -67.0351544686668461
30.3530353035303619 -68.7898668432014091
30.3730373037303707 -37.7599056090272356
30.3930393039304079 -38.5731818159002842
30.4130413041304166 -60.5145126324746272
30.4330433043304254 -68.3341599645272026
30.4530453045304625 -81.7029482941318292
30.4730473047304713 -75.3100642352878964
30.4930493049305085 -46.0761085676937938
30.5130513051305172 -67.7326771907899285
30.5330533053305260 -66.8834802588251591
30.5530553055305631 -77.2455880383407560
30.5730573057305719 -98.0471827788961718
30.5930593059306091 -92.0282226425061509
30.6130613061306178 -36.3553378671141303
30.6330633063306266 -33.9434880809322124
30.6530653065306637 -77.4199162838206973
30.6730673067306725 -18.0134484476371810
30.6930693069307097 -65.4031273408097746
30.7130713071307184 -86.9996352578545356
30.7330733073307272 -97.1196067626196395
30.7530753075307643 -26.4808209802256229
30.7730773077307731 -43.4733157796832472
30.7930793079308103 -50.4645993839588698
30.8130813081308190 -76.0166126039425762
30.8330833083308278 -46.5695730653024356
30.8530853085308649 -68.1483093027010511
30.8730873087308737 -94.9480561610695020
30.8930893089309109 -112.1557967210563334
30.9130913091309196 -80.9729679229271397
30.9330933093309284 -92.4576921463963117
30.9530953095309656 -48.6596874490622540
30.9730973097309743 -47.6911518257770410
30.9930993099310115 -63.1523459841790924
31.0131013101310202 -66.5776517052767502
31.0331033103310290 -105.4857592441994285
31.0531053105310662 -72.4411072111422669
31.0731073107310749 -57.4832262693666536
31.0931093109311121 -73.2336761474936964
31.1131113111311208 -93.2380330676311360
31.1331133113311296 -75.9908564485043598
31.1531153115311668 -54.6424682861687074
31.1731173117311755 -90.5688539745509473
31.1931193119312127 -42.2905953095012279
31.2131213121312214 -29.8591386042563016
31.2331233123312302 -48.0223961879821886
31.2531253125312674 -69.7607225932989934
31.2731273127312761 -55.6090338617846456
31.2931293129313133 -26.6297016370031585
31.3131313131313220 -63.8076616382490229
31.3331333133313308 -68.7552929404190252
31.3531353135313680 -71.1465952204986394
31.3731373137313767 -73.0469890337248984
31.3931393139313855 -62.1805718904772675
31.4131413141314226 -60.7297969345067656
31.4331433143314314 -53.1682461732410587
31.4531453145314686 -25.3926338113495405
31.4731473147314773 -98.1898232878717749
31.4931493149314861 -73.5994986144157082
31.5131513151315232 -37.0324754091477644
31.5331533153315320 -39.0972926668086131
31.5531553155315692 -64.4978253612752184
31.5731573157315779 -51.9526649316417490
31.5931593159315867 -65.5449756802039758
31.6131613161316238 -95.7416735116650557
31.6331633163316326 -74.4428943980767883
31.6531653165316698 -66.5533671938716651
31.6731673167316785 -89.9143038579818068
31.6931693169316873 -33.6792454390079854
31.7131713171317244 -91.1421768258664429
31.7331733173317332 -15.2479281278415044
31.7531753175317704 -80.5641243008317360
31.7731773177317791 -86.2983860834365686
31.7931793179317879 -53.2475231406071714
31.8131813181318250 -78.8641143766905799
31.8331833183318338 -61.8333459794503995
31.8531853185318710 -93.5000498030631775
31.8731873187318797 -114.6133931815851668
31.8931893189318885 -37.8283212238426074
31.9131913191319256 -71.6579411699762829
31.9331933193319344 -37.5446300448260004
31.9531953195319716 -32.9019338045674630
31.9731973197319803 -52.0362873263303669
31.9931993199319891 -91.6365242510516680
32.0132013201320262 -49.9737830975287949
32.0332033203320350 -62.3404097249348155
32.0532053205320722 -61.0301396719708862
32.0732073207320809 -32.4205691461563390
32.0932093209320897 -54.1559963678392435
32.1132113211321268 -50.8589104057684835
32.1332133213321356 -92.1846348602555281
32.1532153215321728 -38.9641304117659644
32.1732173217321815 -53.5445761983531412
32.1932193219321903 -50.2555660694614659
32.2132213221322274 -82.6916249227178923
32.2332233223322362 -68.2686304747836488
32.2532253225322734 -54.8162602345449130
32.2732273227322821 -17.9874838293497277
32.2932293229322909 -109.5567602409882539
32.3132313231323280 -58.2606970082258115
32.3332333233323368 -53.9699704487075209
32.3532353235323455 -84.8785625339083936
32.3732373237323827 -44.9108438030388513
32.3932393239323915 -12.0730430160390227
32.4132413241324286 -75.8728986393349771
32.4332433243324374 -51.0873620216890814
32.4532453245324461 -27.8431465971702252
32.4732473247324833 -43.6468559323747911
32.4932493249324921 -66.3917563588973536
32.5132513251325292 -55.3353083319390748
32.5332533253325380 -48.1434258519207674
32.5532553255325467 -45.6006619053294173
32.5732573257325839 -75.3553343917554628
32.5932593259325927 -6.9328228506054259
32.6132613261326298 -113.0982831185446287
32.6332633263326386 -80.4708566592280761
32.6532653265326474 -60.4332136962253017
32.6732673267326845 -89.2406542994741585
32.6932693269326933 -91.7942785602123479
32.7132713271327304 -41.5526005013120354
32.7332733273327392 -87.1802860937369246
32.7532753275327480 -99.8866132409298189
32.7732773277327851 -67.4085966854951124
32.7932793279327939 -67.6617246389377414
32.8132813281328310 -77.8804271245484756
32.8332833283328398 -53.2517354564605796
32.8532853285328486 -113.1609621319044834
32.8732873287328857 -18.0966439669872727
32.8932893289328945 -23.8793255608194386
32.9132913291329317 -62.7412409591402636
32.9332933293329404 -63.3045820882853292
32.9532953295329492 -67.5435851255173105
32.9732973297329863 -29.7236195080748402
32.9932993299329951 -18.0154124707725671
33.0133013301330323 -37.8529970174798649
33.0333033303330410 -61.5237959276104789
33.0533053305330498 -71.9575397818141056
33.0733073307330869 -62.7083212688919076
33.0933093309330957 -50.4315183504514977
33.1133113311331329 -61.7690734526278717
33.1333133313331416 -42.3317869972854126
33.1533153315331504 -87.8776055279468267
33.1733173317331875 -86.5083316143924037
33.1933193319331963 -89.9810917826591208
33.2133213321332335 -30.5914353142661497
33.2333233323332422 -41.7612965910525844
33.2533253325332510 -98.7232719943617099
33.2733273327332881 -106.2259677166818364
33.2933293329332969 -82.6471794324036892
33.3133313331333341 -52.8213855333748867
33.3333333333333428 -59.2255640421444838
33.3533353335333516 -102.3898530715344606
33.3733373337333887 -81.2041692432912754
33.3933393339333975 -58.6531414785446543
33.4133413341334062 -44.3650792348338783
33.4333433343334434 -51.4721124500862857
33.4533453345334522 -43.0863808774466435
33.4733473347334893 -59.4606814702716946
33.4933493349334981 -56.5472639663712826
33.5133513351335068 -31.4113428111292770
33.5333533353335440 -30.6192139839157456
33.5533553355335528 -58.2527837230787355
33.5733573357335899 -43.7965291935362728
33.5933593359335987 -39.2562849662373310
33.6133613361336074 -62.7941345126318780
33.6333633363336446 -49.4802613499742918
33.6533653365336534 -53.0610002104219376
33.6733673367336905 -45.5681992430832921
33.6933693369336993 -71.3135027315367864
33.7133713371337080 -85.6555116023408942
33.7333733373337452 -21.4806214651254805
33.7533753375337540 -59.7124238275312180
33.7733773377337911 -34.8327767523351497
33.7933793379337999 -49.2191415351123283
33.8133813381338086 -32.8169084441522614
33.8333833383338458 -56.7234005760861137
33.8533853385338546 -52.2612101098592561
33.8733873387338917 -62.3964699200506772
33.8933893389339005 -29.3404941064671299
33.9133913391339092 -73.7746164845588623
33.9333933393339464 -44.4533129417784636
33.9533953395339552 -55.1026973748387547
33.9733973397339923 -52.9247925520787348
33.9933993399340011 -62.7471975768492527
34.0134013401340098 -20.1901526789576735
34.0334033403340470 -75.0675767951988746
34.0534053405340558 -25.7200035171989221
34.0734073407340929 -96.0634490198828814
34.0934093409341017 -54.4614203228994853
34.1134113411341104 -77.2503164477729456
34.1334133413341476 -78.7964612479058388
34.1534153415341564 -23.9809338048735725
34.1734173417341935 -45.3916624659090786
34.1934193419342023 -94.3828270753833181
34.2134213421342110 -73.8017690567136668
34.2334233423342482 -31.0321679193427080
34.2534253425342570 -67.1595403496869636
34.2734273427342941 -47.8505947636061677
34.2934293429343029 -64.1919088192191509
34.3134313431343116 -86.6311552203009683
34.3334333433343488 -43.4170755923028793
34.3534353435343576 -58.8939455787235318
34.3734373437343663 -67.5303328351540415
34.3934393439344035 -31.5236064894558439
34.4134413441344122 -52.6047703293626938
34.4334433443344494 -60.2942209792461341
34.4534453445344582 -69.1980120675535488
34.4734473447344669 -69.7373050512091908
34.4934493449345041 -54.2785680782050406
34.5134513451345128 -43.4861441961442239
34.5334533453345500 -63.8903653168329271
34.5534553455345588 -89.0886215963647885
34.5734573457345675 -71.8230985139206410
34.5934593459346047 -79.3038704581128684
34.6134613461346134 -78.7390213431253159
34.6334633463346506 -58.8087990223779613
34.6534653465346594 -45.1853988271404177
34.6734673467346681 -21.0209342520639595
34.6934693469347053 -27.4999519140570854
34.7134713471347141 -45.6930301391331994
34.7334733473347512 -63.5934883527303896
34.7534753475347600 -45.0483973813322791
34.7734773477347687 18.9810596072352098
34.7934793479348059 -42.6766108804206041
34.8134813481348147 -59.6707386674584583
34.8334833483348518 -56.8084946426127573
34.8534853485348606 -33.7583822706633043
34.8734873487348693 -77.8445533568721402
34.8934893489349065 -64.8106559053314584
34.9134913491349153 -38.1355860694442015
34.9334933493349524 -32.7472546922730743
34.9534953495349612 -72.2116202373840679
34.9734973497349699 -47.2640406882192110
34.9934993499350071 -45.7676711483664604
35.0135013501350159 -68.7751217623478226
35.0335033503350530 -91.4641823778241303
35.0535053505350618 -12.7524157659721382
35.0735073507350705 -69.6952012311394071
35.0935093509351077 -71.7209621695417070
35.1135113511351165 -33.9527838420827024
35.1335133513351536 -48.4602846707736390
35.1535153515351624 -32.4706649493547062
35.1735173517351711 -28.5147927297760191
35.1935193519352083 -47.0037933633610834
35.2135213521352171 -77.7514667010917009
35.2335233523352542 -14.0936071687203537
35.2535253525352630 -55.2839988562237181
35.2735273527352717 -44.9661671860274197
35.2935293529353089 -72.4087503016143614
35.3135313531353177 -1.4560700710103802
35.3335333533353264 -53.8050833354156381
35.3535353535353636 -71.2884622937764760
35.3735373537353723 -44.5677578446083444
35.3935393539354095 -93.9182521653680027
35.4135413541354183 -61.0144184832683294
35.4335433543354270 -57.8946169860288506
35.4535453545354642 -82.2263826656501635
35.4735473547354729 -60.0136227296631475
35.4935493549355101 -30.0805095024798028
35.5135513551355189 -83.5576180100912325
35.5335533553355276 -49.2265180364078745
35.5535553555355648 -80.7703206824668882
35.5735573557355735 -34.6330377014663640
35.5935593559356107 -10.1021141800398055
35.6135613561356195 -62.9005116213320079
35.6335633563356282 -55.6298483168727316
35.6535653565356654 -72.2420197332507286
35.6735673567356741 -27.5557257073277206
35.6935693569357113 -61.4927551149150275
35.7135713571357201 -35.7176389693932421
35.7335733573357288 -33.1272173428663734
35.7535753575357660 -23.0265368215122059
35.7735773577357747 -15.9182416907343338
35.7935793579358119 -82.1474380739204122
35.8135813581358207 -63.2785175079235955
35.8335833583358294 -43.3609293437957461
35.8535853585358666 -64.4993373485898189
35.8735873587358753 -45.5984844092944925
35.8935893589359125 -5.2015656474380876
35.9135913591359213 -80.4564896190269252
35.9335933593359300 -23.7694455218061123
35.9535953595359672 -46.2342238441604536
35.9735973597359759 -2.6450516629057503
35.9935993599360131 -50.3402984747444506
36.0136013601360219 -68.6978827138351562
36.0336033603360306 -63.6053183473218056
36.0536053605360678 -57.6142327903796954
36.0736073607360765 -94.3568960306022007
36.0936093609361137 -67.5350865105154412
36.1136113611361225 -65.9860718946879530
36.1336133613361312 -53.3352094567470161
36.1536153615361684 -44.3521270939967494
36.1736173617361771 -40.3851281133422191
36.1936193619362143 -86.4422398005927732
36.2136213621362231 -95.5239047369978920
36.2336233623362318 -26.5905713385348328
36.2536253625362690 -49.4666670216481918
36.2736273627362777 -106.0931584038225424
36.2936293629362865 -24.2555125515860723
36.3136313631363237 7.9963355619236722
36.3336333633363324 -44.0066695209512275
36.3536353635363696 -4.0553919346132687
36.3736373637363783 -35.3410047096889883
36.3936393639363871 -62.2891108253431725
36.4136413641364243 -62.0749785001740193
36.4336433643364330 -39.6535742788660670
36.4536453645364702 -44.5307830402389726
36.4736473647364789 -19.8569975610515499
36.4936493649364877 -62.6580061513909143
36.5136513651365249 -29.2266097279864923
36.5336533653365336 -51.1693304767567341
36.5536553655365708 -74.5692823807131333
36.5736573657365795 -29.7127415393404206
36.5936593659365883 -69.1496591190331600
36.6136613661366255 -10.9410455587196154
36.6336633663366342 -41.6648909525658411
36.6536653665366714 -68.9307760574978658
36.6736673667366802 -30.3274277835200294
36.6936693669366889 -35.8886752200527752
36.7136713671367261 -15.6321511731257345
36.7336733673367348 -34.1184336690475121
36.7536753675367720 -56.1666914052377564
36.7736773677367808 -64.5261995187900510
36.7936793679367895 -84.5938104926078722
36.8136813681368267 -38.6711200192045368
36.8336833683368354 -32.8074119693397392
36.8536853685368726 -31.5313224251388924
36.8736873687368814 -59.4269536396917459
36.8936893689368901 -50.9280592248663240
36.9136913691369273 -52.1588432574799512
36.9336933693369360 -70.0056609939162797
36.9536953695369732 -45.3608255501482773
36.9736973697369820 -30.9282085591671638
36.9936993699369907 -85.0284080747846076
37.0137013701370279 -59.5817225151345440
37.0337033703370366 -78.4883113751160266
37.0537053705370738 -23.9969374744129453
37.0737073707370826 -98.1217461674768288
37.0937093709370913 -42.2082544071990995
37.1137113711371285 -39.6822229465527840
37.1337133713371372 -81.9392344246916622
37.1537153715371744 -53.7888571219667995
37.1737173717371832 -57.4584716814589456
37.1937193719371919 -28.0378725861681204
37.2137213721372291 -29.6588555467080539
37.2337233723372378 -30.1577721438564410
37.2537253725372466 -67.7843307379412323
37.2737273727372838 -21.1651313903714851
37.2937293729372925 -63.3087791874307086
37.3137313731373297 -57.7457609765023818
37.3337333733373384 -3.0444551869217662
37.3537353735373472 -63.3943471301763850
37.3737373737373844 -73.7992490734721400
37.3937393739373931 -28.9675269741210251
37.4137413741374303 -40.0704844576524977
37.4337433743374390 -36.0717716947135045
37.4537453745374478 -41.9727612966341397
37.4737473747374850 -48.4100207056464527
37.4937493749374937 5.0725888659306193
37.5137513751375309 -36.4920668626272118
37.5337533753375396 -65.8155152139841704
37.5537553755375484 -35.4976216690085096
37.5737573757375856 -77.0781839244090463
37.5937593759375943 -55.7236098258312254
37.6137613761376315 -33.7526726682658165
37.6337633763376402 -35.0474263484793482
37.6537653765376490 -30.0960485825519939
37.6737673767376862 -57.2649133887778845
37.6937693769376949 -35.3609301009850014
37.7137713771377321 -43.4944483004060842
37.7337733773377408 -47.5872968856052125
37.7537753775377496 -56.8402754281158522
37.7737773777377868 -20.5717070005773515
37.7937793779377955 -64.5510976609405986
37.8137813781378327 -42.1378779866219730
37.8337833783378414 -47.7072988747521336
37.8537853785378502 -46.5231319865202337
37.8737873787378874 -22.5889736855224150
37.8937893789378961 -27.1078477458242837
37.9137913791379333 -49.8364017473886705
37.9337933793379420 -0.0932179306959853
37.9537953795379508 -67.2485347539796550
37.9737973797379880 -55.2413091613897507
37.9937993799379967 -49.8668556966143441
38.0138013801380339 -32.5627482540198869
38.0338033803380426 -60.3859451875005391
38.0538053805380514 -77.1041972110115523
38.0738073807380886 -36.7407116803625442
38.0938093809380973 -37.6238627455415582
38.1138113811381345 -58.7058581529329189
38.1338133813381432 -63.7580565813224567
38.1538153815381520 -47.8331374125540307
38.1738173817381892 -24.3826708804519541
38.1938193819381979 -117.5165330444964269
38.2138213821382067 -57.0662221865813706
38.2338233823382438 -21.2196542081768875
38.2538253825382526 -50.0687987923439195
38.2738273827382898 -59.5970731293709690
38.2938293829382985 -57.3091514713699652
38.3138313831383073 -82.1958090445803293
38.3338333833383444 -22.8262698376975308
38.3538353835383532 -54.8568168383107420
38.3738373837383904 -30.3155675713921084
38.3938393839383991 -17.1155784935946151
38.4138413841384079 -11.7334342136234113
38.4338433843384450 -58.7810547349749086
38.4538453845384538 -24.4600402900152822
38.4738473847384910 -9.0911133113392282
38.4938493849384997 -56.7535054068272871
38.5138513851385085 -26.4698634451848811
38.5338533853385456 -36.2368138389981524
38.5538553855385544 -70.2345592801780185
38.5738573857385916 -35.1843535388001243
38.5938593859386003 -39.7318308119930208
38.6138613861386091 -2.9630289595542294
38.6338633863386463 4.8605962602097250
38.6538653865386550 -80.1979229730951744
38.6738673867386922 -52.3102435409929640
38.6938693869387009 -61.6902609766449785
38.7138713871387097 -47.0956785912476263
38.7338733873387469 -62.9919979740179627
38.7538753875387556 -61.1540293671224049
38.7738773877387928 -30.7013714449706114
38.7938793879388015 -59.2850612957234731
38.8138813881388103 -45.8693005916544081
38.8338833883388475 -47.5933335980838592
38.8538853885388562 -18.4710971656706384
38.8738873887388934 -46.4648970960982339
38.8938893889389021 -56.3449169971989789
38.9138913891389109 -52.7203674199931314
38.9338933893389481 -24.1800573535093548
38.9538953895389568 -34.1159566780221013
38.9738973897389940 -35.1681589864671622
38.9938993899390027 -4.2823869583080452
39.0139013901390115 -50.9957079650926275
39.0339033903390487 -52.2205787139136390
39.0539053905390574 -36.8987020628146496
39.0739073907390946 -15.8687220951214485
39.0939093909391033 -19.0731483181726205
39.1139113911391121 -67.0275582908021477
39.1339133913391493 -6.2454905675208039
39.1539153915391580 -38.2424453486450489
39.1739173917391668 -43.5462396823881548
39.1939193919392039 29.6952486243789124
39.2139213921392127 -46.2619951290007805
39.2339233923392499 -42.3410682490510197
39.2539253925392586 -15.7837611000901958
39.2739273927392674 -66.2187387081660859
39.2939293929393045 -53.7716897599263888
39.3139313931393133 -41.2647962530525589
39.3339333933393505 -75.6398412548675338
39.3539353935393592 13.3506434852929203
39.3739373937393680 -47.8306009747007010
39.3939393939394051 -10.0542910678266395
39.4139413941394139 -39.2036698369620709
39.4339433943394511 -61.7246058659220580
39.4539453945394598 -46.2071678476469430
39.4739473947394686 -35.6403996134698104
39.4939493949395057 -28.8256527102102105
39.5139513951395145 -36.3318331082330630
39.5339533953395517 -38.8536710970631987
39.5539553955395604 -92.0455841521840057
39.5739573957395692 -34.7595565521622731
39.5939593959396063 -51.5329894262807429
39.6139613961396151 -32.1181160400630077
39.6339633963396523 -35.3180562001362546
39.6539653965396610 -13.2984537918821921
39.6739673967396698 -33.6884398671385341
39.6939693969397069 -19.7433320189467842
39.7139713971397157 -43.9578706244383355
39.7339733973397529 -41.2174526502843293
39.7539753975397616 -73.8217177777210338
39.7739773977397704 -33.2635954082358154
39.7939793979398075 -34.1471516272097588
39.8139813981398163 -35.3928089065095648
39.8339833983398535 -51.5880697798013088
39.8539853985398622 -21.3494320205404442
39.8739873987398710 -56.2696933569516702
39.8939893989399081 -15.1573821763253385
39.9139913991399169 -35.5677841886139348
39.9339933993399541 -37.9202521692461190
39.9539953995399628 -18.9274384878134470
39.9739973997399716 -48.5324255166944383
39.9939993999400087 -67.4905176545381948
40.0140014001400175 -38.5658236504336145
40.0340034003400547 -27.3615370899359505
40.0540054005400634 -46.8211595122598325
40.0740074007400722 -80.9971304460975432
40.0940094009401093 -26.7962240697711565
40.1140114011401181 -23.2970901148637672
40.1340134013401268 -41.6358862443028244
40.1540154015401640 -51.5164873035951345
40.1740174017401728 -44.7263233523014776
40.1940194019402099 -46.1634876436102175
40.2140214021402187 -91.0026844213779498
40.2340234023402274 -61.0023502199838461
40.2540254025402646 -47.4100113756107930
40.2740274027402734 -52.4455618506893373
40.2940294029403105 -25.1573231953836469
40.3140314031403193 -61.2931438248948410
40.3340334033403281 -22.8857364491656341
40.3540354035403652 -35.9178758522302886
40.3740374037403740 -61.8517076218101494
40.3940394039404111 -26.8392083522345430
40.4140414041404199 -46.1934064774561080
40.4340434043404287 -36.2585544824113128
40.4540454045404658 -28.9770023561876862
40.4740474047404746 -34.3188649491366604
40.4940494049405117 -41.6330481389165428
40.5140514051405205 -4.7282849375035738
40.5340534053405293 -44.8277860893110613
40.5540554055405664 -27.1216627198799749
40.5740574057405752 -16.1120056845946351
40.5940594059406124 -8.2904806518349403
40.6140614061406211 -33.1555490525808665
40.6340634063406299 -27.3419513735477153
40.6540654065406670 -53.7304519722917462
40.6740674067406758 -36.0085001508704607
40.6940694069407130 -45.9446337360391084
40.7140714071407217 -43.2623415329421235
40.7340734073407305 -30.1865643770306029
40.7540754075407676 -16.8554262226735254
40.7740774077407764 -32.8779773582000345
40.7940794079408136 -72.5249475578039267
40.8140814081408223 -47.7988260237387621
40.8340834083408311 -27.3103705176166791
40.8540854085408682 -27.1496340906948461
40.8740874087408770 -81.4594885505132993
40.8940894089409142 -37.5776985175931770
40.9140914091409229 -67.6397981122261740
40.9340934093409317 -50.5265058294791700
40.9540954095409688 -43.9850983660309325
40.9740974097409776 -36.4068448188846574
40.9940994099410148 -55.0083596744523504
41.0141014101410235 -42.5489953728116248
41.0341034103410323 -37.4410466349453728
41.0541054105410694 -46.8465644721699945
41.0741074107410782 -12.1753893048672772
41.0941094109410869 -24.2967924512984723
41.1141114111411241 -85.2334807849210847
41.1341134113411329 -76.0012325969067604
41.1541154115411700 -39.7944331377197642
41.1741174117411788 -32.9875721033315514
41.1941194119411875 -73.2090600562541454
41.2141214121412247 -74.6660673106231627
41.2341234123412335 -17.9267735358655038
41.2541254125412706 -56.1953054587411387
41.2741274127412794 -50.5926883103816039
41.2941294129412881 -67.1579946448309784
41.3141314131413253 -24.1322121570622414
41.3341334133413341 -37.3465102072177757
41.3541354135413712 -57.0030309192665214
41.3741374137413800 -52.6575913219218563
41.3941394139413887 -25.9803953054217374
41.4141414141414259 -39.5112890243653538
41.4341434143414347 -49.6314562132732391
41.4541454145414718 -24.0266189057716772
41.4741474147414806 -38.7937867931577074
41.4941494149414893 -45.7753548998814139
41.5141514151415265 -38.6127038300546843
41.5341534153415353 -63.8537486458931056
41.5541554155415724 -38.7591161077835054
41.5741574157415812 -64.4565191988594819
41.5941594159415899 6.4183450379484910
41.6141614161416271 -3.6162271265293455
41.6341634163416359 -32.5782754318723491
41.6541654165416730 -63.8428492914614125
41.6741674167416818 -69.5983309470829852
41.6941694169416905 -35.1898563859100264
41.7141714171417277 -46.2154323734583912
41.7341734173417365 -19.3556150277318508
41.7541754175417736 8.5631851615177581
41.7741774177417824 -11.9688661113497901
41.7941794179417911 -21.0768118874116048
41.8141814181418283 -2.5700889137953951
41.8341834183418371 -19.8191638730951709
41.8541854185418742 -48.2274099999704404
41.8741874187418830 -34.0882804539608273
41.8941894189418917 -0.0459274009878001
41.9141914191419289 -33.7885493886286028
41.9341934193419377 -30.1681106616125412
41.9541954195419748 -54.8742827537362032
41.9741974197419836 -52.4093011693914193
41.9941994199419923 -30.9676832160343558
42.0142014201420295 -41.2247300553025084
42.0342034203420383 -20.1795280647956226
42.0542054205420470 -38.0185009139898042
42.0742074207420842 -48.5903482790953021
42.0942094209420929 -20.8123149263365477
42.1142114211421301 -30.9500584806717676
42.1342134213421389 -39.7473650923850315
42.1542154215421476 -6.0744255038230968
42.1742174217421848 -25.7912604798383498
42.1942194219421935 -91.3226995880396544
42.2142214221422307 -14.2992415528705124
42.2342234223422395 -20.0570434521916212
42.2542254225422482 -11.6760350538258280
42.2742274227422854 34.5257261963059818
42.2942294229422941 -29.1352094105795913
42.3142314231423313 -47.3564051343717978
42.3342334233423401 -37.3867081695019010
42.3542354235423488 -46.3788403070532880
42.3742374237423860 -69.8726393002884549
42.3942394239423948 -84.0087429103401320
42.4142414241424319 -42.5290912626288957
42.4342434243424407 -28.1517947984493553
42.4542454245424494 -41.0695540236048515
42.4742474247424866 -73.5797232003879174
42.4942494249424954 -37.5693396060923064
42.5142514251425325 -72.3025420738655384
42.5342534253425413 14.0497696989314420
42.5542554255425500 -54.6517967851763302
42.5742574257425872 -47.2040687124563334
42.5942594259425960 -56.0181318997452280
42.6142614261426331 -19.2001831669282268
42.6342634263426419 -44.9513029800353792
42.6542654265426506 -65.1222845364530940
42.6742674267426878 2.8019373785195825
42.6942694269426966 -24.1046370657031694
42.7142714271427337 -79.1210142532931400
42.7342734273427425 -58.9754985103641474
42.7542754275427512 -24.8269902732535392
42.7742774277427884 -40.7585550166533181
42.7942794279427972 -30.9446145012094327
42.8142814281428343 -21.5750199718380351
42.8342834283428431 -59.9262504773899209
42.8542854285428518 -32.8363217184554230
42.8742874287428890 -9.5879879260172558
42.8942894289428978 -23.7833799072433649
42.9142914291429349 -19.5365310496719822
42.9342934293429437 -64.5516121189476024
42.9542954295429524 -14.4153919047323811
42.9742974297429896 -70.1265272661225652
42.9942994299429984 -31.8482692099716544
43.0143014301430071 8.3507856274907297
43.0343034303430443 -53.8436316264714350
43.0543054305430530 -22.7450237913255222
43.0743074307430902 -27.8401868975555153
43.0943094309430990 -18.7684828984071927
43.1143114311431077 -36.7953878474124920
43.1343134313431449 -41.6814574517958292
43.1543154315431536 -7.1952987781125870
43.1743174317431908 -42.8930546933661603
43.1943194319431996 -43.1345420311096674
43.2143214321432083 -24.5868880572122457
43.2343234323432455 -67.7416064914025355
43.2543254325432542 -26.7479899356269506
43.2743274327432914 -34.8111288445670013
43.2943294329433002 -56.1282269848242379
43.3143314331433089 -30.3792722546714486
43.3343334333433461 -29.9563096328997780
43.3543354335433548 -45.0076873620810645
43.3743374337433920 -14.3232565513521735
43.3943394339434008 -76.4009460383828127
43.4143414341434095 -55.1775199779142085
43.4343434343434467 -38.4634041814834262
43.4543454345434554 -30.8252256742452566
43.4743474347434926 -19.1629418905912665
43.4943494349435014 -30.4960087741127239
43.5143514351435101 -35.8614938380443107
43.5343534353435473 -48.1431408639950291
43.5543554355435560 -52.5040840227529202
43.5743574357435932 -34.6757562921240350
43.5943594359436020 -24.4112703297300939
43.6143614361436107 -41.7149650715881535
43.6343634363436479 -32.4594638159041224
43.6543654365436566 -70.0688365132206741
43.6743674367436938 -63.0427163306142333
43.6943694369437026 -40.9761003850698700
43.7143714371437113 -5.1872807828056473
43.7343734373437485 -46.4811504249200382
43.7543754375437572 6.3740089109386204
43.7743774377437944 -53.8920824860813212
43.7943794379438032 -24.6812770444221812
43.8143814381438119 -55.8126424927086262
43.8343834383438491 -39.6052326642351531
43.8543854385438578 -80.7266990569331995
43.8743874387438950 -24.6199595485361513
43.8943894389439038 -21.0473040622405492
43.9143914391439125 -37.2350324567919060
43.9343934393439497 -41.3882517101434502
43.9543954395439584 -22.9538133584842683
43.9743974397439956 -29.6013125818594673
43.9943994399440044 -39.5960831550934458
44.0144014401440131 -40.9919220515355249
44.0344034403440503 -32.0486678271369385
44.0544054405440590 -23.9297173708740516
44.0744074407440678 -32.6713456834275888
44.0944094409441050 -40.0954436446363971
44.1144114411441137 -16.9541794771397001
44.1344134413441509 -22.8589004142315275
44.1544154415441596 -1.7397926865125406
44.1744174417441684 -51.0469762875880519
44.1944194419442056 -12.7372251638357170
44.2144214421442143 -44.8039530855003463
44.2344234423442515 -18.1338403708232789
44.2544254425442602 -43.9856464554051954
44.2744274427442690 -39.3217233877195511
44.2944294429443062 -46.3142613084138759
44.3144314431443149 -42.3426417475795205
44.3344334433443521 -53.4362890546108389
44.3544354435443609 -50.6231312641008913
44.3744374437443696 -13.7135626485327364
44.3944394439444068 20.9970929092140182
44.4144414441444155 -24.3955188023479934
44.4344434443444527 -34.6398285912801640
44.4544454445444615 -47.6008954495745016
44.4744474447444702 6.4499637545863990
44.4944494449445074 -9.6027219886146611
44.5144514451445161 1.7291075359625552
44.5344534453445533 -55.9103154516851077
44.5544554455445621 -39.6777396208591995
44.5744574457445708 -47.5362148887744596
44.5944594459446080 -48.8684525685880828
44.6144614461446167 -45.0757854659349633
44.6344634463446539 -15.4490850977168925
44.6544654465446627 -48.1048324554591389
44.6744674467446714 -22.4997195111540762
44.6944694469447086 -36.4705271547757945
44.7144714471447173 -42.6072669709096914
44.7344734473447545 -10.7473359472997636
44.7544754475447633 10.6889662182297513
44.7744774477447720 -44.7425040692167357
44.7944794479448092 -69.0175203588209314
44.8144814481448179 -19.9732493930384116
44.8344834483448551 -10.4710709324288800
44.8544854485448639 -40.5922283369245278
44.8744874487448726 -37.9907513729907009
44.8944894489449098 -39.1185780564871948
44.9144914491449185 -60.6167814520095547
44.9344934493449557 -31.1565101484728793
44.9544954495449645 -23.9853722238630809
44.9744974497449732 -6.7536803451672185
44.9944994499450104 -16.4774040093107601
45.0145014501450191 -25.1036816644230747
45.0345034503450279 -19.9109195770255702
45.0545054505450651 -30.1424447051366542
45.0745074507450738 -20.8489625912987790
45.0945094509451110 -46.8450662580353878
45.1145114511451197 -61.9395536095640509
45.1345134513451285 -17.5185721356940576
45.1545154515451657 -47.7010873681237442
45.1745174517451744 -34.4506531321223974
45.1945194519452116 -71.9411426801205209
45.2145214521452203 -23.5567608731045759
45.2345234523452291 -45.8066622232334169
45.2545254525452663 -30.7116825362738659
45.2745274527452750 -35.9282889646512231
45.2945294529453122 -56.5673122049132644
45.3145314531453209 -47.0701999017121153
45.3345334533453297 -33.6848931477200750
45.3545354535453669 -47.8752121103798203
45.3745374537453756 -49.7113889703385823
45.3945394539454128 -37.3088371585673144
45.4145414541454215 -0.8723731235673142
45.4345434543454303 -41.0197618987587163
45.4545454545454675 -32.7358555120912271
45.4745474547454762 -50.2866444921091613
45.4945494549455134 -33.0500642729284664
45.5145514551455221 -35.8786759747952360
45.5345534553455309 -41.4844198451633517
45.5545554555455681 -55.6102158683363044
45.5745574557455768 12.5646304599784102
45.5945594559456140 -23.0196326530286512
45.6145614561456227 -21.6206894714066564
45.6345634563456315 16.2443452350306288
45.6545654565456687 -64.9085554034377452
45.6745674567456774 -28.0923536641405072
45.6945694569457146 4.4685548405531854
45.7145714571457233 -49.1043157345290808
45.7345734573457321 -16.5737304387355380
45.7545754575457693 -39.8998217168913669
45.7745774577457780 -30.0584339575000214
45.7945794579458152 -32.3312322243650669
45.8145814581458239 -7.4212182455945026
45.8345834583458327 -39.3350056674425872
45.8545854585458699 -22.2143989965343494
45.8745874587458786 -49.0489061220878995
45.8945894589459158 22.3979657663298148
45.9145914591459245 -23.7913419929236269
45.9345934593459333 -66.6957621142943111
45.9545954595459705 -1.8852457240681773
45.9745974597459792 -34.9158239793254737
45.9945994599459880 1.0933201113212974
46.0146014601460251 -14.8702672295433764
46.0346034603460339 -45.7178988757255524
46.0546054605460711 -16.6272412829070220
46.0746074607460798 -7.8366065732338477
46.0946094609460886 -16.4458472149940036
46.1146114611461257 -44.4098141088555707
46.1346134613461345 -3.9808270349207930
46.1546154615461717 -23.3222842054160253
46.1746174617461804 -7.3352746527283124
46.1946194619461892 -41.9245839167402750
46.2146214621462263 -74.7485462005959818
46.2346234623462351 -15.4522732011594144
46.2546254625462723 -16.7582101247310504
46.2746274627462810 -41.3223588050082071
46.2946294629462898 -32.5335173608256767
46.3146314631463270 -69.1228689822139302
46.3346334633463357 7.3049484394592561
46.3546354635463729 -39.8970398524883052
46.3746374637463816 -24.6130440655449299
46.3946394639463904 1.6918300616928050
46.4146414641464276 -27.7439996853594160
46.4346434643464363 -2.1807576151937518
46.4546454645464735 -18.8354751004260947
46.4746474647464822 -6.2151597219036283
46.4946494649464910 -29.9223642356185273
46.5146514651465282 -64.6027166603413718
46.5346534653465369 -48.1244461818640019
46.5546554655465741 -73.2252291660013981
46.5746574657465828 -41.0960178216951846
46.5946594659465916 -29.9256385488558365
46.6146614661466288 12.3711083610264510
46.6346634663466375 -34.4152530020514789
46.6546654665466747 7.3836513229400360
46.6746674667466834 -32.5492193759163513
46.6946694669466922 -74.6377573492202231
46.7146714671467294 -25.0419893820983575
46.7346734673467381 -32.5068901109283246
46.7546754675467753 -27.0162193128946058
46.7746774677467840 -4.3046459065761553
46.7946794679467928 -61.9111336486378150
46.8146814681468300 -30.8202095659501865
46.8346834683468387 -38.4933731370797432
46.8546854685468759 -26.5084367777416183
46.8746874687468846 0.6681131279043484
46.8946894689468934 -40.0410635461938540
46.9146914691469306 -3.8520563799482197
46.9346934693469393 -16.1796518585589979
46.9546954695469481 -12.9961029865773519
46.9746974697469852 -35.2908882068943797
46.9946994699469940 -16.0594219050929574
47.0147014701470312 11.0689507806759195
47.0347034703470399 -53.2434923868626342
47.0547054705470487 -49.2744188591927070
47.0747074707470858 -28.1934900832023381
47.0947094709470946 -34.3693091052779707
47.1147114711471318 -63.6278608377262600
47.1347134713471405 -12.3535916219307502
47.1547154715471493 -54.2361109531914138
47.1747174717471864 -18.9596516255110465
47.1947194719471952 -48.8795646987882577
47.2147214721472324 -25.5202891120168083
47.2347234723472411 -56.6951423903066001
47.2547254725472499 -56.5801922869998819
47.2747274727472870 -26.6532367546821085
47.2947294729472958 -21.6625004569858959
47.3147314731473330 1.0177521108177672
47.3347334733473417 -41.8613473091270123
47.3547354735473505 -50.4471658146533173
47.3747374737473876 -29.6704560986654151
47.3947394739473964 -27.4022327306431990
47.4147414741474336 -35.5196252595908675
47.4347434743474423 -23.7522838237169864
47.4547454745474511 21.8766340663523096
47.4747474747474882 -24.3515810479371311
47.4947494749474970 -72.8701091532910397
47.5147514751475342 -9.9947299461692793
47.5347534753475429 -43.9014104271861072
47.5547554755475517 -42.2631412047505393
47.5747574757475888 -27.4242390635224318
47.5947594759475976 -26.8074065776642882
47.6147614761476348 -45.1446555467540662
47.6347634763476435 -10.2014362391669451
47.6547654765476523 -61.1824284853070850
47.6747674767476894 -12.5413535461198276
47.6947694769476982 -24.8022386771482246
47.7147714771477354 -61.1892261864240865
47.7347734773477441 -10.9760338650205043
47.7547754775477529 -29.3868916873130743
47.7747774777477900 -33.6087044790553762
47.7947794779477988 -18.1976453563896570
47.8147814781478360 -1.1415510705324579
47.8347834783478447 -51.6975728042385896
47.8547854785478535 21.9690023944597677
47.8747874787478906 -30.8631991996005830
47.8947894789478994 -41.2964623628428598
47.9147914791479081 -48.7775046743865772
47.9347934793479453 -51.4628651020594248
47.9547954795479541 -37.6221935454592469
47.9747974797479912 -23.4969971430286435
47.9947994799480000 -14.6034396868631866
48.0148014801480087 4.9269024493124789
48.0348034803480459 -24.2728322717594018
48.0548054805480547 -13.3253906389046026
48.0748074807480918 -19.9521293345068713
48.0948094809481006 -58.1932415370622067
48.1148114811481094 -20.1905011536975678
48.1348134813481465 -19.5749615672678949
48.1548154815481553 -1.9556832174139274
48.1748174817481924 -42.5118120152955683
48.1948194819482012 -11.2225374803316491
48.2148214821482100 -50.0620371550067489
48.2348234823482471 -8.7435608955935606
48.2548254825482559 0.3141479692050630
48.2748274827482931 -16.0648639428982349
48.2948294829483018 -72.1545856892784911
48.3148314831483106 -16.6365938090687777
48.3348334833483477 -33.1267037770487889
48.3548354835483565 -37.4818882212351738
48.3748374837483937 -35.4149684107900526
48.3948394839484024 -33.5638577026241265
48.4148414841484112 -20.3353330874686904
48.4348434843484483 -52.8108363736224575
48.4548454845484571 -42.2006079945106904
48.4748474847484943 -39.4485382149492949
48.4948494849485030 -31.1777917969738247
48.5148514851485118 -62.4634781790696110
48.5348534853485489 15.6968400855477697
48.5548554855485577 -4.6414790813032951
48.5748574857485949 -32.5427698540238168
48.5948594859486036 -15.5522788149095010
48.6148614861486124 -31.5955808230918507
48.6348634863486495 -48.8087896782351578
48.6548654865486583 34.5376924604297102
48.6748674867486955 -11.6199630690198301
48.6948694869487042 -79.0339378428059121
48.7148714871487130 -41.6412931197139002
48.7348734873487501 -30.1199575321014770
48.7548754875487589 14.0330079786946875
48.7748774877487961 -36.3547824050291553
48.7948794879488048 -9.9317946727702342
48.8148814881488136 -44.8800798415807947
48.8348834883488507 -18.2546776804823203
48.8548854885488595 14.4994611070848265
48.8748874887488682 -17.0506314225206665
48.8948894889489054 35.2478352101216501
48.9148914891489142 -55.8755387984072485
48.9348934893489513 37.2276377172284327
48.9548954895489601 -34.8225578822733866
48.9748974897489688 -28.4841174001470741
48.9948994899490060 -46.4788077440395426
49.0149014901490148 -25.0383577419269905
49.0349034903490519 -57.2806322595947393
49.0549054905490607 -50.7540283109957500
49.0749074907490694 -38.3604451682948380
49.0949094909491066 8.3250333256011864
49.1149114911491154 16.1899264730639700
49.1349134913491525 15.3536206593107423
49.1549154915491613 -18.6001626417287369
49.1749174917491700 -14.8266707964424409
49.1949194919492072 -10.0097550661701824
49.2149214921492160 -62.9699854413065978
49.2349234923492531 -50.1340095506100596
49.2549254925492619 -33.5658579816572313
49.2749274927492706 -23.5639035432461270
49.2949294929493078 4.4328969711210426
49.3149314931493166 -53.6634125289464450
49.3349334933493537 -80.6494443095830604
49.3549354935493625 -28.1422473217570470
49.3749374937493712 -34.2395717927318088
49.3949394939494084 -31.4735262704348884
49.4149414941494172 -46.5984802972278302
49.4349434943494543 6.0872291454277239
49.4549454945494631 -60.2485441546096325
49.4749474947494718 -23.3662244937372634
49.4949494949495090 -21.7613236409583379
49.5149514951495178 -39.3357046506272354
49.5349534953495549 -41.8784194267420276
49.5549554955495637 -56.2843619570493914
49.5749574957495724 -30.3693317103374589
49.5949594959496096 -31.7918344135561384
49.6149614961496184 -6.5968199283726925
49.6349634963496555 -33.8735326052113521
49.6549654965496643 -30.4653377611731386
49.6749674967496730 -8.2754298312460328
49.6949694969497102 -22.8078749600005430
49.7149714971497190 -34.6966506536908739
49.7349734973497561 -28.7012687986054509
49.7549754975497649 0.9496789323746953
49.7749774977497736 -31.0594954820387521
49.7949794979498108 -5.3481866001323191
49.8149814981498196 -43.0999631895936233
49.8349834983498283 -53.3643626557795017
49.8549854985498655 -20.4955328242281176
49.8749874987498742 7.1219292439415760
49.8949894989499114 -30.3065067084426722
49.9149914991499202 -19.6540720716125108
49.9349934993499289 -26.4990813084583827
49.9549954995499661 -30.5021234727761552
49.9749974997499748 -52.8182215238081838
49.9949994999500120 -4.1005052058507552
50.0150015001500208 3.9539765113169487
50.0350035003500295 -49.1187980864827338
50.0550055005500667 -42.1237024592714491
50.0750075007500755 -31.3054424644226295
50.0950095009501126 -25.1483666824783256
50.1150115011501214 -4.9968094958325473
50.1350135013501301 -29.4953859866281149
50.1550155015501673 -19.3876195723068072
50.1750175017501761 -35.5027860778537203
50.1950195019502132 8.6121175336075559
50.2150215021502220 -4.1682796253173038
50.2350235023502307 1.9301246824493639
50.2550255025502679 -2.7695848648919998
50.2750275027502767 -22.7535285789882487
50.2950295029503138 -34.5101668062773399
50.3150315031503226 3.7525370656574815
50.3350335033503313 -31.8531661755959590
50.3550355035503685 -39.0162575098553503
50.3750375037503773 -55.0098744455639803
50.3950395039504144 -41.0553474185148701
50.4150415041504232 -52.1630092650879362
50.4350435043504319 -59.6640326211191052
50.4550455045504691 -38.6347737599957100
50.4750475047504779 -16.2109961377327210
50.4950495049505150 -35.7687330332574049
50.5150515051505238 -33.0633690418524608
50.5350535053505325 -40.9969866383318191
50.5550555055505697 -9.6502289384885973
50.5750575057505785 -5.7347909687200698
50.5950595059506156 -44.4776191707369506
50.6150615061506244 -25.3125051939321111
50.6350635063506331 -33.9427627683827069
50.6550655065506703 -7.1620869177352695
50.6750675067506791 -6.4856801086652496
50.6950695069507162 -30.5221053901472850
50.7150715071507250 -49.7223414553778724
50.7350735073507337 -14.9662045325600541
50.7550755075507709 -36.4416029808357820
50.7750775077507797 -25.8241490998724714
50.7950795079507884 -53.4409027550072864
50.8150815081508256 -16.3976371270546331
50.8350835083508343 -21.7300886293675362
50.8550855085508715 -29.6833616044579003
50.8750875087508803 -44.0159246443192842
50.8950895089508890 -32.9288836423584499
50.9150915091509262 -61.2893944731869382
50.9350935093509349 -71.1769628298636832
50.9550955095509721 8.9216343645791980
50.9750975097509809 -21.4003360833862324
50.9950995099509896 3.1140966228845492
51.0151015101510268 -50.4825979770948834
51.0351035103510355 -30.1042489257235957
51.0551055105510727 -17.0461002062433451
51.0751075107510815 -58.6956174449243520
51.0951095109510902 -3.9657784844713717
51.1151115111511274 18.9649247659543896
51.1351135113511361 -47.8719775480427572
51.1551155115511733 -41.8667230279131530
51.1751175117511821 -23.6615305004460978
51.1951195119511908 -13.7477566662730339
51.2151215121512280 -60.5527469774117435
51.2351235123512367 -51.8517286016192713
51.2551255125512739 -15.8081750806402699
51.2751275127512827 -21.9716554266107842
51.2951295129512914 -5.7588480431365028
51.3151315131513286 -54.0592823420625948
51.3351335133513373 -49.3899414922405953
51.3551355135513745 -48.7760046041424857
51.3751375137513833 -22.7361022686834318
51.3951395139513920 -26.9780694131275638
51.4151415141514292 14.1254231203188994
51.4351435143514379 -36.6057906110470199
51.4551455145514751 -29.0524402389663301
51.4751475147514839 10.4333295770503405
51.4951495149514926 -36.8848448050777762
51.5151515151515298 -0.6540580853819584
51.5351535153515385 -46.9583115726853109
51.5551555155515757 -39.7000284267490215
51.5751575157515845 -26.7007775722152836
51.5951595159515932 -7.2092121617946141
51.6151615161516304 -62.1649239502255000
51.6351635163516391 35.5573747787656487
51.6551655165516763 -28.6581157804004043
51.6751675167516851 0.9784629123392747
51.6951695169516938 -30.2683918975642570
51.7151715171517310 -7.4366050047722609
51.7351735173517397 -29.6085881275206582
51.7551755175517485 -60.0479762503986336
51.7751775177517857 -7.7976175292911378
51.7951795179517944 14.8856326121005758
51.8151815181518316 29.6621976402912644
51.8351835183518403 -22.5234734006004125
51.8551855185518491 -70.1531318384776341
51.8751875187518863 18.6832715792013637
51.8951895189518950 -28.1116271453851247
51.9151915191519322 -10.6819677244857321
51.9351935193519409 -6.2339265567732411
51.9551955195519497 -58.2595391896217194
51.9751975197519869 -14.2164399660827989
51.9951995199519956 -31.1774211436073685
52.0152015201520328 -12.6025235011292658
52.0352035203520416 -34.6764789582430097
52.0552055205520503 -31.9557645806974762
52.0752075207520875 23.0486217514208995
52.0952095209520962 -40.9834474414456835
52.1152115211521334 -42.9953285475813942
52.1352135213521422 18.9150782161673163
52.1552155215521509 -18.7753304696672991
52.1752175217521881 -33.7370856062866125
52.1952195219521968 -22.5430180012268053
52.2152215221522340 -35.2585201885326356
52.2352235223522428 -34.5231409988493994
52.2552255225522515 1.3965523803651436
52.2752275227522887 -29.7489403634391572
52.2952295229522974 -12.4500636824749051
52.3152315231523346 -18.7124020252649892
52.3352335233523434 -44.1152338929402816
52.3552355235523521 -37.2175456000382212
52.3752375237523893 -26.0373431941241300
52.3952395239523980 -54.3245518341367983
52.4152415241524352 -15.8166746711156314
52.4352435243524440 -32.7744521542806382
52.4552455245524527 -43.0336753097691727
52.4752475247524899 -58.9438080651408285
52.4952495249524986 -38.1054672707219524
52.5152515251525358 -54.5825129558350284
52.5352535253525446 7.4657077641444829
52.5552555255525533 -36.1824383734560229
52.5752575257525905 4.5389539528186731
52.5952595259525992 -6.4377574774360546
52.6152615261526364 -16.1806655504332326
52.6352635263526452 6.4455507309344746
52.6552655265526539 -25.4629675641169158
52.6752675267526911 -34.4536223669199799
52.6952695269526998 3.2675645742941164
52.7152715271527086 -33.4263562689010243
52.7352735273527458 -6.4690761120058546
52.7552755275527545 -19.7204650289098673
52.7752775277527917 17.8244675834034609
52.7952795279528004 -16.4531418449566402
52.8152815281528092 12.2325738406310442
52.8352835283528464 -17.2694369862601214
52.8552855285528551 1.6200097270204807
52.8752875287528923 -46.5194324589432426
52.8952895289529010 -16.9255029770201304
52.9152915291529098 -53.0771666615200388
52.9352935293529470 -17.2800977788355397
52.9552955295529557 -22.5070590057928328
52.9752975297529929 -11.0532331963035180
52.9952995299530016 -79.4042656800826165
53.0153015301530104 -17.1721492048363160
53.0353035303530476 -46.1625350053169896
53.0553055305530563 -17.4935929991797678
53.0753075307530935 3.0543871429817031
53.0953095309531022 -2.0575206198534133
53.1153115311531110 -15.5260186126737256
53.1353135313531482 -34.6736681410441747
53.1553155315531569 -5.2566197558609105
53.1753175317531941 -0.8880250935385803
53.1953195319532028 -25.0284584546525544
53.2153215321532116 -13.6312946511642341
53.2353235323532488 -50.5326528157289658
53.2553255325532575 -26.8737714142570212
53.2753275327532947 5.4562232577944414
53.2953295329533034 9.7198282763348196
53.3153315331533122 -5.2110176009411475
53.3353335333533494 -12.8516834704078224
53.3553355335533581 -26.4776408891200141
53.3753375337533953 11.3485227349480908
53.3953395339534040 -39.3806990512667596
53.4153415341534128 -31.3481430513372139
53.4353435343534500 -30.9670387242743672
53.4553455345534587 -26.4721014862991311
53.4753475347534959 -18.1137257151087141
53.4953495349535046 -35.2690356589955627
53.5153515351535134 -29.3593311305430618
53.5353535353535506 -38.0164774914498196
53.5553555355535593 -29.5044376827655839
53.5753575357535965 -17.4958539840484590
53.5953595359536052 -31.8636861535145002
53.6153615361536140 -33.0517483193475528
53.6353635363536512 25.8439558189451795
53.6553655365536599 -36.9259437337902909
53.6753675367536971 -43.8491068060210907
53.6953695369537058 -26.8555335991117730
53.7153715371537146 -54.4831532106610297
53.7353735373537518 -32.3940546724547573
53.7553755375537605 -21.1946285662987037
53.7753775377537693 -30.2627961319247873
53.7953795379538064 -1.5267344140496988
53.8153815381538152 2.1305323502835982
53.8353835383538524 -15.9325275684345353
53.8553855385538611 -8.6777555924101151
53.8753875387538699 -26.0653493520278197
53.8953895389539070 -33.7710944710151395
53.9153915391539158 -27.1571606625904245
53.9353935393539530 -29.1466898696555923
53.9553955395539617 -36.5725614177010598
53.9753975397539705 -35.0864396440803290
53.9953995399540077 -9.8397807754295101
54.0154015401540164 -15.0845766953162208
54.0354035403540536 -43.4424938938516902
54.0554055405540623 -19.6138119658805579
54.0754075407540711 -34.8208420485210155
54.0954095409541083 -2.4821506072979886
54.1154115411541170 -10.5958444029538210
54.1354135413541542 -2.8339436614367131
54.1554155415541629 -21.8795494623559286
54.1754175417541717 -25.3854558093427265
54.1954195419542089 18.7539831252984861
54.2154215421542176 -10.8357113826077178
54.2354235423542548 -27.2845019439215797
54.2554255425542635 -36.8861334837106298
54.2754275427542723 -42.6798687709134867
54.2954295429543095 -17.1722512571537855
54.3154315431543182 -37.6514086591471084
54.3354335433543554 -35.5729113654744751
54.3554355435543641 -53.9301862371666800
54.3754375437543729 -45.6714166570436646
54.3954395439544101 -8.2526500392981301
54.4154415441544188 -74.6936853148884268
54.4354435443544560 -20.0803295742142751
54.4554455445544647 -13.6980534197460582
54.4754475447544735 -48.4061508777133582
54.4954495449545107 -36.5681333321630575
54.5154515451545194 -31.6559507794151429
54.5354535453545566 0.7799743171452036
54.5554555455545653 -5.4190963672889296
54.5754575457545741 23.5391580234283992
54.5954595459546113 1.0855376523391982
54.6154615461546200 -40.6942924740583578
54.6354635463546572 -14.5059740514775886
54.6554655465546659 -56.6517281070040326
54.6754675467546747 -35.2883423219678392
54.6954695469547119 -64.5066862981992131
54.7154715471547206 -18.4958252275718102
54.7354735473547294 -42.9207356165400427
54.7554755475547665 -39.6691355775093299
54.7754775477547753 -44.1560461060032381
54.7954795479548125 -44.3258960664455373
54.8154815481548212 -66.5193074367140298
54.8354835483548300 -6.4762148018333647
54.8554855485548671 -3.5069173121259176
54.8754875487548759 -45.1587724337634455
54.8954895489549131 0.8888153780323584
54.9154915491549218 -35.1112673689649526
54.9354935493549306 -47.6239258160377830
54.9554955495549677 -33.0248468443607450
54.9754975497549765 -29.6326276421030457
54.9954995499550137 -26.7332132163728069
55.0155015501550224 -45.7446245447881523
55.0355035503550312 -18.1744761139241646
55.0555055505550683 -41.0038564188962766
55.0755075507550771 2.8852919023553412
55.0955095509551143 2.3308778041743601
55.1155115511551230 -17.6670357702485816
55.1355135513551318 -4.5676175942039166
55.1555155515551689 -2.4703261102579468
55.1755175517551777 -6.5818453516304984
55.1955195519552149 -57.8289077800141129
55.2155215521552236 -32.5788597971549265
55.2355235523552324 -14.5298201767936721
55.2555255525552695 -14.4534944403129373
55.2755275527552783 -21.9178201517625695
55.2955295529553155 -35.5174765533557917
55.3155315531553242 -1.9536359073205460
55.3355335533553330 -25.1270998977162989
55.3555355535553701 -2.3724795433161141
55.3755375537553789 -8.9051711271304370
55.3955395539554161 -22.1906509004691550
55.4155415541554248 -13.9550257788093894
55.4355435543554336 -49.3534084036592802
55.4555455545554707 -38.7251834128349444
55.4755475547554795 16.6308691027789415
55.4955495549555167 -34.7680214020224980
55.5155515551555254 18.5357990033924054
55.5355535553555342 -10.2908303519801958
55.5555555555555713 -27.0782760443077777
55.5755575557555801 -58.0645985981722745
55.5955595559556173 -21.7103266492797893
55.6155615561556260 2.8974570369761175
55.6355635563556348 -4.9356971651841626
55.6555655565556719 -5.6619268552165600
55.6755675567556807 -31.5732057728779090
55.6955695569556894 -38.7585121556179217
55.7155715571557266 -23.1899502354939564
55.7355735573557354 -41.3020701633437284
55.7555755575557725 -63.0202924387671359
55.7755775577557813 -4.9606194334690095
55.7955795579557901 -1.7456788900826794
55.8155815581558272 -26.1268724204521092
55.8355835583558360 -2.3798885290568528
55.8555855585558731 -41.1757313754500132
55.8755875587558819 -29.1153037054821127
55.8955895589558907 -29.0750493845802680
55.9155915591559278 -36.1637399153704209
55.9355935593559366 -44.3635735276629504
55.9555955595559738 -19.5478099043654545
55.9755975597559825 13.5038419108974423
55.9955995599559913 0.9499601033935363
56.0156015601560284 -10.3761167144055637
56.0356035603560372 -45.5824063764794829
56.0556055605560744 28.2799689814159230
56.0756075607560831 -11.9639646758252809
56.0956095609560919 -24.0516614348099615
56.1156115611561290 6.3501839702182892
56.1356135613561378 -27.7337503816019257
56.1556155615561750 -21.0297247512116599
56.1756175617561837 -30.5366920624576679
56.1956195619561925 -43.6450503667813834
56.2156215621562296 -47.7605798707227791
56.2356235623562384 -50.6461799660693117
56.2556255625562756 -28.9290324534724732
56.2756275627562843 -35.0774996416117020
56.2956295629562931 17.6522628918685243
56.3156315631563302 -17.4698641743600440
56.3356335633563390 -50.7759870088294747
56.3556355635563762 -9.9918900789336860
56.3756375637563849 -13.7278638342152366
56.3956395639563937 -57.0732978492260230
56.4156415641564308 -20.4091635831786178
56.4356435643564396 -19.8691096914155452
56.4556455645564768 -1.4393321746435070
56.4756475647564855 -21.4437377855057782
56.4956495649564943 -21.9907949226636532
56.5156515651565314 -4.8042247205659230
56.5356535653565402 -31.3702609525441254
56.5556555655565774 -51.4248502667573106
56.5756575657565861 -52.6242541104699342
56.5956595659565949 -42.8310649379475308
56.6156615661566320 -55.3156328704289777
56.6356635663566408 -47.6272941233359148
56.6556655665566495 -16.7063945005085692
56.6756675667566867 -34.5605980683538050
56.6956695669566955 -45.1727328509723804
56.7156715671567326 -27.8020540697505218
56.7356735673567414 9.3129866013962364
56.7556755675567501 -5.4357273006109601
56.7756775677567873 -13.9411409688480905
56.7956795679567961 -13.8291141899402117
56.8156815681568332 -45.0368800379892207
56.8356835683568420 -46.0909316362758688
56.8556855685568507 -8.8541615243679601
56.8756875687568879 -21.7056957974096001
56.8956895689568967 -48.4545242210779890
56.9156915691569338 -26.9944897502468173
56.9356935693569426 9.5346137640206230
56.9556955695569513 -18.3802507763506746
56.9756975697569885 -4.9949695257310864
56.9956995699569973 -23.4773816445793990
57.0157015701570344 -5.8705205140766417
57.0357035703570432 -13.1145545053171872
57.0557055705570519 -13.4676446176597810
57.0757075707570891 -4.4143926339820716
57.0957095709570979 -41.8942381675519187
57.1157115711571350 -5.2826393741472302
57.1357135713571438 -37.3599442914206890
57.1557155715571525 9.0437920102495681
57.1757175717571897 -24.6556059576384179
57.1957195719571985 2.0184773584254145
57.2157215721572356 -7.4488377464769755
57.2357235723572444 -53.9300846646834060
57.2557255725572531 -42.4549020026675095
57.2757275727572903 -14.6087778791133580
57.2957295729572991 -6.5270231754778933
57.3157315731573362 -12.3262445049255032
57.3357335733573450 -18.6676716551134980
57.3557355735573537 -38.3922080675488573
57.3757375737573909 -18.6135582351412232
57.3957395739573997 -17.6176905194419255
57.4157415741574368 -46.5071699840554800
57.4357435743574456 -59.2446803460602354
57.4557455745574543 -79.8034641585371247
57.4757475747574915 -23.1806424628184082
57.4957495749575003 -36.0007145562858781
57.5157515751575374 15.8113247055806418
57.5357535753575462 -4.3702395529201397
57.5557555755575549 -20.5400867075794729
57.5757575757575921 -14.9156212630831870
57.5957595759576009 -26.6240835851133006
57.6157615761576096 4.1310954006412537
57.6357635763576468 23.7372805697981022
57.6557655765576555 -29.8985983009468548
57.6757675767576927 -19.9899748773710044
57.6957695769577015 -22.4289171108666174
57.7157715771577102 -26.9767062458154072
57.7357735773577474 -10.7539206089068031
57.7557755775577562 -21.5616649237744440
57.7757775777577933 -52.8786570804944063
57.7957795779578021 -24.7538872601079163
57.8157815781578108 -17.5886604807019857
57.8357835783578480 -25.1925463018783944
57.8557855785578568 -46.1033600922770006
57.8757875787578939 -41.8626643981637443
57.8957895789579027 -32.7935622850935573
57.9157915791579114 -33.4379018067263729
57.9357935793579486 -18.6496942625616668
57.9557955795579574 1.6281952574139247
57.9757975797579945 -43.2744090602702016
57.9957995799580033 -31.5824375251106240
58.0158015801580120 -21.8158366054995341
58.0358035803580492 -22.9298310687106870
58.0558055805580580 -29.8822073009963560
58.0758075807580951 -28.4821067271073076
58.0958095809581039 -30.7782662967884448
58.1158115811581126 -10.1788199511711088
58.1358135813581498 -25.9302191014192012
58.1558155815581586 -56.8816423231430974
58.1758175817581957 -18.1732589874366610
58.1958195819582045 -46.0941357771278604
58.2158215821582132 -54.8641240904131280
58.2358235823582504 -32.2243453889244833
58.2558255825582592 -34.2151412705263880
58.2758275827582963 -48.2393656461956439
58.2958295829583051 -58.9863370483795961
58.3158315831583138 -15.6765718719852458
58.3358335833583510 -4.8824165917084166
58.3558355835583598 -46.6573133950951870
58.3758375837583969 -42.8041717636896948
58.3958395839584057 -43.7549405201698463
58.4158415841584144 -28.5341585840010445
58.4358435843584516 15.3577019071670513
58.4558455845584604 -42.6952211647045914
58.4758475847584975 -24.9746511781184175
58.4958495849585063 -16.8164808994116726
58.5158515851585150 -30.5529449401113311
58.5358535853585522 -18.3493087956998515
58.5558555855585610 -11.6133812975244410
58.5758575857585697 24.9684225335083312
58.5958595859586069 -30.3591951467857513
58.6158615861586156 -34.8066231176663621
58.6358635863586528 -41.8886514124564258
58.6558655865586616 2.5701635382784715
58.6758675867586703 -33.7340532455433930
58.6958695869587075 -2.5635135644705898
58.7158715871587162 -14.4227150090342242
58.7358735873587534 -16.9562619329179931
58.7558755875587622 -17.1199794610656575
58.7758775877587709 -55.2336456834179899
58.7958795879588081 -34.3210914382932373
58.8158815881588168 -14.3783283423644157
58.8358835883588540 -48.5716550242073026
58.8558855885588628 -7.0389319219332052
58.8758875887588715 -33.5225460555401327
58.8958895889589087 -14.3829404038289628
58.9158915891589174 -39.3612177376847541
58.9358935893589546 -48.6989659138817075
58.9558955895589634 -4.5343285266284958
58.9758975897589721 -26.7864124525658767
58.9958995899590093 -28.6757864086965455
59.0159015901590180 10.8206791746972257
59.0359035903590552 -42.3136296081522971
59.0559055905590640 -48.0867561138468744
59.0759075907590727 -31.6758187654098933
59.0959095909591099 -20.2077413261655252
59.1159115911591186 -4.7322489148685456
59.1359135913591558 -12.6363497457347975
59.1559155915591646 -4.3385232905254938
59.1759175917591733 -51.3102343172067776
59.1959195919592105 -31.8396305735802159
59.2159215921592192 -17.0082753289458068
59.2359235923592564 -31.0109585728100186
59.2559255925592652 -47.1621110462783975
59.2759275927592739 -25.1262857409137794
59.2959295929593111 -54.8315803037133733
59.3159315931593198 -62.0063291795966052
59.3359335933593570 -61.3605240810826018
59.3559355935593658 -55.5291197345347314
59.3759375937593745 10.3288111592246175
59.3959395939594117 -7.6267956878204970
59.4159415941594204 -30.7674671697017956
59.4359435943594576 -56.6652392485773362
59.4559455945594664 -65.7604375774751304
59.4759475947594751 -30.6314750801183848
59.4959495949595123 -65.1360617688371235
59.5159515951595210 -91.4052988161365221
59.5359535953595298 -40.0446259741045480
59.5559555955595670 -43.9254577050457016
59.5759575957595757 -50.1387401481336212
59.5959595959596129 -4.2357875773387974
59.6159615961596216 -18.7752453709405813
59.6359635963596304 -16.9490024762926268
59.6559655965596676 -38.8037860345906154
59.6759675967596763 -68.5936120811675494
59.6959695969597135 -2.9549997072619263
59.7159715971597223 -21.1864590942618172
59.7359735973597310 -19.7958678823514234
59.7559755975597682 -43.5977572844623609
59.7759775977597769 -59.9166530822598276
59.7959795979598141 -7.3521804265347299
59.8159815981598229 -58.1321611661750666
59.8359835983598316 -37.7489360328680448
59.8559855985598688 -13.5390066862688130
59.8759875987598775 -17.0537160521667062
59.8959895989599147 -50.4040679561821250
59.9159915991599235 -9.6104060387477723
59.9359935993599322 -36.0776263451677792
59.9559955995599694 -34.8234687096054429
59.9759975997599781 -29.1200304124789682
59.9959995999600153 -79.3531306463766555
60.0160016001600241 -19.4711195313813583
60.0360036003600328 -9.4805294064155881
60.0560056005600700 -31.9859903806484347
60.0760076007600787 -8.9098845077822659
60.0960096009601159 -39.9719713345208447
60.1160116011601247 -31.6026047582690985
60.1360136013601334 -74.5679849366373446
60.1560156015601706 -28.7704253070376659
60.1760176017601793 -25.0506141555504094
60.1960196019602165 -40.6440794878948424
60.2160216021602253 -12.5267853354366796
60.2360236023602340 -22.3944739516619080
60.2560256025602712 -18.3996867809210016
60.2760276027602799 0.0236726498555484
60.2960296029603171 3.1237740902790883
60.3160316031603259 -41.7962252270449142
60.3360336033603346 -9.9872849851291186
60.3560356035603718 -0.8192254724408379
60.3760376037603805 0.4454216840306948
60.3960396039604177 -25.8881374662469810
60.4160416041604265 -13.7011871948276056
60.4360436043604352 11.0136436709209349
60.4560456045604724 -3.2609003527368259
60.4760476047604811 -94.1826190970450909
60.4960496049604899 -14.1887942640420839
60.5160516051605271 -26.0964685276673549
60.5360536053605358 -26.1355109150345299
60.5560556055605730 -6.0817915485178915
60.5760576057605817 -0.5823217577507727
60.5960596059605905 -15.4425198537303530
60.6160616061606277 -42.9970684198993496
60.6360636063606364 -14.4851341152503856
60.6560656065606736 25.4126586143378326
60.6760676067606823 -30.2483532788873148
60.6960696069606911 -58.1082989605169473
60.7160716071607283 -29.4677520225756595
60.7360736073607370 -44.1196462357627084
60.7560756075607742 -32.8037545514469500
60.7760776077607829 -15.1616509738001994
60.7960796079607917 -42.3353780444331633
60.8160816081608289 -41.0903907574350526
60.8360836083608376 -50.3963131384369802
60.8560856085608748 1.5988389544533455
60.8760876087608835 -44.3961788999400682
60.8960896089608923 -11.2179049735132637
60.9160916091609295 -54.5703805296167275
60.9360936093609382 -25.6416955121626380
60.9560956095609754 -30.1792299780072284
60.9760976097609841 -39.3214226971711582
60.9960996099609929 -54.1893110168000049
61.0161016101610301 -8.9411467542882868
61.0361036103610388 -53.0428514021269280
61.0561056105610760 -42.7178798330299969
61.0761076107610847 -1.8776330310906282
61.0961096109610935 2.9885867418750571
61.1161116111611307 -26.0236671701994204
61.1361136113611394 -47.2183144225896143
61.1561156115611766 -51.4292193102763093
61.1761176117611853 -58.7925485608259635
61.1961196119611941 18.6681815853345192
61.2161216121612313 -31.7943895385427808
61.2361236123612400 -21.0626802527720152
61.2561256125612772 -93.0033060547291655
61.2761276127612859 -47.7912122130478707
61.2961296129612947 -52.9838096015638911
61.3161316131613319 -45.1932181328925537
61.3361336133613406 -25.0605244856055833
61.3561356135613778 -2.4800213063580649
61.3761376137613865 -29.2676070820032699
61.3961396139613953 -12.6789229808604098
61.4161416141614325 -23.0391372048800562
61.4361436143614412 -23.8702928812937429
61.4561456145614500 -35.4610418958637084
61.4761476147614871 -46.9320769108570701
61.4961496149614959 -12.6872232521866053
61.5161516151615331 -44.8149757738813506
61.5361536153615418 -20.7908016618871443
61.5561556155615506 -5.3036171573027886
61.5761576157615877 -13.8415380993477068
61.5961596159615965 -36.8971062433589623
61.6161616161616337 -29.3453610922311796
61.6361636163616424 -19.5037270982054700
61.6561656165616512 -66.6417126949547907
61.6761676167616884 -10.1397222960625584
61.6961696169616971 8.6952437516666308
61.7161716171617343 -17.0066118695072639
61.7361736173617430 -23.0984377865531343
61.7561756175617518 4.9559242399479650
61.7761776177617890 -35.0009567904189325
61.7961796179617977 -39.8142369722571061
61.8161816181618349 -55.7186046166704472
61.8361836183618436 -7.4270163041512234
61.8561856185618524 -37.1723725188415557
61.8761876187618896 -14.7051409579138586
61.8961896189618983 -26.5593797983699496
61.9161916191619355 -12.8798372105964880
61.9361936193619442 -19.4020336061084535
61.9561956195619530 -38.4718608894890508
61.9761976197619902 -21.4141515710877428
61.9961996199619989 -5.6501258972380555
62.0162016201620361 -48.1603800918903744
62.0362036203620448 -31.8301553183351622
62.0562056205620536 -52.2319789130938972
62.0762076207620908 -44.7240995232955214
62.0962096209620995 -31.0213822203839129
62.1162116211621367 -29.9994168714653711
62.1362136213621454 -57.3024098548477951
62.1562156215621542 -13.5611576495598101
62.1762176217621914 -48.3251116739050701
62.1962196219622001 -5.6912278885486280
62.2162216221622373 -12.5015611611872686
62.2362236223622460 -7.0289074340820115
62.2562256225622548 -83.4306155795607651
62.2762276227622920 20.6220484198729430
62.2962296229623007 -40.3201924959187892
62.3162316231623379 -47.6670927701575664
62.3362336233623466 -19.1669086691099011
62.3562356235623554 -22.9767330859512811
62.3762376237623926 -22.8322983337575600
62.3962396239624013 -41.1415635384483807
62.4162416241624101 -32.1451403911888747
62.4362436243624472 -38.3651294186687011
62.4562456245624560 -28.4397207825601477
62.4762476247624932 -11.9897149019083678
62.4962496249625019 5.1624518543835585
62.5162516251625107 -37.8414403018979044
62.5362536253625478 19.9084330364602664
62.5562556255625566 -48.8622547570773946
62.5762576257625938 -47.1166325375575781
62.5962596259626025 9.9394115683959328
62.6162616261626113 -29.4021219138235033
62.6362636263626484 -27.3690606461723398
62.6562656265626572 -0.0876197964163410
62.6762676267626944 -38.4929743541076022
62.6962696269627031 4.1176861082147447
62.7162716271627119 -48.7528208828918110
62.7362736273627490 -9.2507201826092889
62.7562756275627578 -16.6063447505618633
62.7762776277627950 -25.2598384877742959
62.7962796279628037 -9.8947386490241023
62.8162816281628125 -47.2403926271336374
62.8362836283628496 -16.8607799806555576
62.8562856285628584 -2.1354027278155527
62.8762876287628956 -43.4498202756920762
62.8962896289629043 -33.7359313058953276
62.9162916291629131 -53.9369855668372722
62.9362936293629502 -14.3018201155347544
62.9562956295629590 -25.0440121809524960
62.9762976297629962 -32.5108938684283331
62.9962996299630049 -38.2768742291315860
63.0163016301630137 -12.3603103484381514
63.0363036303630508 -33.4242596373522574
63.0563056305630596 -14.8875073722226823
63.0763076307630968 6.6092944480859401
63.0963096309631055 -13.1924608352208850
63.1163116311631143 -60.8900285465003464
63.1363136313631514 -26.5383742921269992
63.1563156315631602 -19.3097126883566617
63.1763176317631974 0.3244911727357511
63.1963196319632061 -31.8958189164076593
63.2163216321632149 -9.9234701903923437
63.2363236323632520 -31.1463837193229800
63.2563256325632608 -73.8804043800269881
63.2763276327632980 -44.2861140873461991
63.2963296329633067 -28.9069354192877412
63.3163316331633155 6.2078709040973550
63.3363336333633526 -17.4485928909691594
63.3563356335633614 -19.5650226570674199
63.3763376337633701 -30.8815966381134785
63.3963396339634073 -70.2583258304550498
63.4163416341634161 -54.3000961760445620
63.4363436343634532 -28.9053949156452248
63.4563456345634620 21.7324445711903564
63.4763476347634708 -18.2915894611063550
63.4963496349635079 -15.6858329218364663
63.5163516351635167 6.2552763970362975
63.5363536353635538 -10.9564163838032371
63.5563556355635626 -27.5954612778426416
63.5763576357635714 -12.9150143920323224
63.5963596359636085 5.1437508121495696
63.6163616361636173 -24.1193373617626072
63.6363636363636545 -32.1882555306661544
63.6563656365636632 -59.0082648612528757
63.6763676367636720 -53.7316615667043038
63.6963696369637091 -37.1304850708553005
63.7163716371637179 -35.4976212609359507
63.7363736373637551 -5.3544327739059021
63.7563756375637638 14.4504028660645361
63.7763776377637726 -29.1514064303710896
63.7963796379638097 -30.7767206530537116
63.8163816381638185 -46.4868421482815322
63.8363836383638557 -16.9416635900512773
63.8563856385638644 -25.8126279474417544
63.8763876387638732 -21.9380912992717114
63.8963896389639103 -7.6801730881972645
63.9163916391639191 -34.4358785435643142
63.9363936393639563 -20.8570815877057427
63.9563956395639650 -22.4151031658345588
63.9763976397639738 -27.6004406941819553
63.9963996399640109 -59.7879568540372617
64.0164016401640197 -27.1679553473997721
64.0364036403640569 -26.9471375508858415
64.0564056405640656 -60.9758284748029951
64.0764076407640744 -37.2379344170075512
64.0964096409641115 -51.9689790736954080
64.1164116411641203 -34.0243013868557114
64.1364136413641575 23.8318525804861778
64.1564156415641662 -30.0826892467707196
64.1764176417641750 -27.8256486281095547
64.1964196419642121 -38.5221311453418025
64.2164216421642209 -24.6743013999441985
64.2364236423642581 0.7003781339904300
64.2564256425642668 -36.6471303996501874
64.2764276427642756 -35.2866022451731638
64.2964296429643127 -45.7375556068008748
64.3164316431643215 -50.5524754809787993
64.3364336433643587 -19.0289857979092005
64.3564356435643674 -44.2842568677634745
64.3764376437643762 -45.1170559017968529
64.3964396439644133 -17.8401405561632167
64.4164416441644221 -70.2881637122056731
64.4364436443644308 -25.8226037973042857
64.4564456445644680 -45.5528096863969552
64.4764476447644768 14.6750759833428930
64.4964496449645139 -9.4054533032658192
64.5164516451645227 -16.1768280573918268
64.5364536453645314 -8.3196036082101692
64.5564556455645686 -28.7172794749772962
64.5764576457645774 -27.4061975943540048
64.5964596459646145 -14.5158650663124504
64.6164616461646233 -54.1242927241573852
64.6364636463646320 -17.7663244177853130
64.6564656465646692 -32.6112748946871989
64.6764676467646780 -27.0547248873683301
64.6964696469647151 -36.4598269699068283
64.7164716471647239 -12.2679233314718914
64.7364736473647326 -21.5529103594669706
64.7564756475647698 -4.6632187251018848
64.7764776477647786 -30.5315230003100915
64.7964796479648157 -23.1829186298511729
64.8164816481648245 -48.4488594197000140
64.8364836483648332 -41.9317713411851045
64.8564856485648704 -16.8845298479040835
64.8764876487648792 -43.2965253127135270
64.8964896489649163 3.5388647546173146
64.9164916491649251 -29.8480361501453189
64.9364936493649338 -66.5386925103884721
64.9564956495649710 -51.1861001805184088
64.9764976497649798 -46.7167884634106017
64.9964996499650169 -24.8881378001205071
65.0165016501650257 -67.9068805517643739
65.0365036503650344 8.7120311708972125
65.0565056505650716 11.0236359688380574
65.0765076507650804 -51.5629099690520363
65.0965096509651175 -59.5577518804867196
65.1165116511651263 -4.5145404744467577
65.1365136513651350 -2.9719310160308297
65.1565156515651722 -4.3932386762718671
65.1765176517651810 -22.7740385661674196
65.1965196519652181 -50.3704613874996099
65.2165216521652269 -16.1983310586974909
65.2365236523652356 -53.5545430515745124
65.2565256525652728 -61.9715514080867607
65.2765276527652816 -44.9719754620643286
65.2965296529653187 -47.9843093757096355
65.3165316531653275 -29.7987857302348118
65.3365336533653362 -30.0955806896210767
65.3565356535653734 -39.7984373368568001
65.3765376537653822 -59.0538753833408947
65.3965396539653909 -59.0106765599053276
65.4165416541654281 -25.5087402433280310
65.4365436543654369 12.2763071551087819
65.4565456545654740 2.7462829340421067
65.4765476547654828 -35.5187877206972757
65.4965496549654915 -48.5756359598728906
65.5165516551655287 -26.7221877154379825
65.5365536553655375 -28.0425638155466217
65.5565556555655746 -39.3536438062535723
65.5765576557655834 -46.7878622141431393
65.5965596559655921 -27.3191155577883080
65.6165616561656293 -44.7155521052795706
65.6365636563656381 -57.7913528343987792
65.6565656565656752 -26.3167373487378882
65.6765676567656840 -83.9438246371834396
65.6965696569656927 -9.3808358328477439
65.7165716571657299 -25.0202177547190061
65.7365736573657387 -3.6785561794539099
65.7565756575657758 -38.8704368949199761
65.7765776577657846 -1.9502371274538781
65.7965796579657933 -26.3749461230058131
65.8165816581658305 -33.9677675887412036
65.8365836583658393 -28.7713076409070148
65.8565856585658764 -26.9072215519442786
65.8765876587658852 -54.6550185216783362
65.8965896589658939 22.4186734196443282
65.9165916591659311 -41.4169987417520034
65.9365936593659399 -45.5943441590966145
65.9565956595659770 -39.2682599759516791
65.9765976597659858 -20.5681506949716137
65.9965996599659945 -46.3134910005992850
66.0166016601660317 -44.7420684756146301
66.0366036603660405 -8.4876953076933503
66.0566056605660776 -59.7899236042894557
66.0766076607660864 -32.0545645466379199
66.0966096609660951 -49.6370129789216321
66.1166116611661323 -69.8295131509569558
66.1366136613661411 -5.5483270012729200
66.1566156615661782 -41.4905621107448468
66.1766176617661870 -34.3543034507066380
66.1966196619661957 -41.0468980718316629
66.2166216621662329 -37.5277783529454965
66.2366236623662417 -71.0116999564824454
66.2566256625662788 -64.2647044855948053
66.2766276627662876 -19.5900730048096321
66.2966296629662963 -61.5698168652113225
66.3166316631663335 -23.5203725787060876
66.3366336633663423 -64.8636525896368994
66.3566356635663510 -44.7686828109402342
66.3766376637663882 -13.8649858888061139
66.3966396639663969 -33.9706531743784410
66.4166416641664341 -37.6895018851676653
66.4366436643664429 -13.9839283164960833
66.4566456645664516 -18.5447555086228562
66.4766476647664888 -59.0303354070082946
66.4966496649664975 -19.0647907009616659
66.5166516651665347 -43.1310562856736937
66.5366536653665435 -23.5042225289288922
66.5566556655665522 3.7031512150565007
66.5766576657665894 -41.0970102630293397
66.5966596659665981 -57.6706745558280005
66.6166616661666353 -10.7973442209364130
66.6366636663666441 -37.4029092205468245
66.6566656665666528 -41.9847483655849629
66.6766676667666900 -63.2184183300936979
66.6966696669666987 -34.5965541854292411
66.7166716671667359 -1.8421923203647026
66.7366736673667447 -59.4095180685731492
66.7566756675667534 -38.1358389339164816
66.7766776677667906 -6.7642767829290626
66.7966796679667993 -31.2655874634600011
66.8166816681668365 -41.8831943038790868
66.8366836683668453 -53.8327724099159255
66.8566856685668540 -45.0572519032928795
66.8766876687668912 -35.5937517210175045
66.8966896689668999 -46.4948225394444634
66.9166916691669371 -2.1113958863125788
66.9366936693669459 -68.7952368413376121
66.9566956695669546 -56.8535035940246161
66.9766976697669918 -45.8304887982768960
66.9966996699670005 -17.0998539698336671
67.0167016701670377 -58.4826452724081918
67.0367036703670465 -23.1527314579066079
67.0567056705670552 -32.8810107534203269
67.0767076707670924 -38.6559417560925738
67.0967096709671011 -56.3729240862538603
67.1167116711671383 5.5523809566392757
67.1367136713671471 -22.9241232012441785
67.1567156715671558 -57.3188693128422955
67.1767176717671930 -39.3929745374566878
67.1967196719672017 -32.5980730250238011
67.2167216721672389 -33.2642231014002832
67.2367236723672477 -41.3967431425671180
67.2567256725672564 -42.4740691607767573
67.2767276727672936 -61.9311000160578686
67.2967296729673023 -20.8639696544909725
67.3167316731673111 -17.2010835025373297
67.3367336733673483 -44.6498862512950012
67.3567356735673570 -21.9396771338064447
67.3767376737673942 -9.4803280124835290
67.3967396739674030 -43.5937629174981538
67.4167416741674117 -47.6206504552567367
67.4367436743674489 12.1797351255866459
67.4567456745674576 -53.7933477871770549
67.4767476747674948 -47.5886880690131662
67.4967496749675036 -39.4132231910159092
67.5167516751675123 -32.1667783508433587
67.5367536753675495 -57.0797809518760033
67.5567556755675582 -60.9164500396156896
67.5767576757675954 -69.3013880774774123
67.5967596759676042 -23.5188556100988748
67.6167616761676129 -40.5428271078985816
67.6367636763676501 4.0629708418561705
67.6567656765676588 -19.2819969830735189
67.6767676767676960 -75.9590636007041837
67.6967696769677048 -62.3660909126786720
67.7167716771677135 -59.2423884695127612
67.7367736773677507 -35.6567497145900774
67.7567756775677594 -0.4039935250227984
67.7767776777677966 -35.9413821420474449
67.7967796779678054 -2.5890819198194350
67.8167816781678141 -38.1881962412193516
67.8367836783678513 -13.2547147745835829
67.8567856785678600 -35.7347429811363639
67.8767876787678972 -69.0711259522493606
67.8967896789679060 -30.3386170023484105
67.9167916791679147 -31.8229344247971753
67.9367936793679519 -1.2249139584309674
67.9567956795679606 -3.2234361807173073
67.9767976797679978 -45.6850521469443862
67.9967996799680066 -40.1267271085934283
68.0168016801680153 -1.3883180464106033
68.0368036803680525 -60.1742024188392790
68.0568056805680612 -0.3393189889849566
68.0768076807680984 -62.0012264596635703
68.0968096809681072 -77.7709690780609861
68.1168116811681159 -70.5089673786009286
68.1368136813681531 -27.3958979232921074
68.1568156815681618 -34.0639736926492986
68.1768176817681990 -75.8286984432502038
68.1968196819682078 -30.2012751341203547
68.2168216821682165 -62.6214692571767557
68.2368236823682537 -12.3738564354710654
68.2568256825682624 -47.4651692768316735
68.2768276827682712 -52.1221832513344054
68.2968296829683084 -28.1579102160937005
68.3168316831683171 -13.6780826846046715
68.3368336833683543 -42.4276721060096094
68.3568356835683630 -37.5597036165879530
68.3768376837683718 -46.0718225228118428
68.3968396839684090 -34.3836039137907292
68.4168416841684177 -88.1545447120654160
68.4368436843684549 -29.4309604217726033
68.4568456845684636 -59.1925915420235285
68.4768476847684724 -41.1302182237098037
68.4968496849685096 -64.8951707141713996
68.5168516851685183 -14.6050692439816885
68.5368536853685555 -58.2861948038615338
68.5568556855685642 -31.8009630189699415
68.5768576857685730 -39.2656142795736329
68.5968596859686102 -5.3206987476594740
68.6168616861686189 -3.1702331573011406
68.6368636863686561 -37.5764168504482896
68.6568656865686648 -98.3704773702589392
68.6768676867686736 -64.4971773354812399
68.6968696869687108 -49.2898864844348736
68.7168716871687195 -26.7161598130852624
68.7368736873687567 -50.2821723540618635
68.7568756875687654 -80.3078134965611383
68.7768776877687742 1.7015660358723323
68.7968796879688114 -42.9740637987265899
68.8168816881688201 -25.4083008206077281
68.8368836883688573 -31.4624714250608193
68.8568856885688660 -39.2045225352977624
68.8768876887688748 -76.0181875082009810
68.8968896889689120 -27.3381073315118712
68.9168916891689207 -22.1175621998177334
68.9368936893689579 -53.2515885939150451
68.9568956895689666 -66.6025117301107912
68.9768976897689754 -63.3119597035480481
68.9968996899690126 -44.6124217339838296
69.0169016901690213 -37.7394987161583373
69.0369036903690585 -15.0496634133308085
69.0569056905690672 -20.6067688452519313
69.0769076907690760 -61.8180974820882909
69.0969096909691132 -37.3132375566455678
69.1169116911691219 -60.9967205364290948
69.1369136913691591 -8.7714748990148301
69.1569156915691678 -31.3321271386469746
69.1769176917691766 -70.4330627863845109
69.1969196919692138 -54.3499969579192879
69.2169216921692225 -30.0678999360562358
69.2369236923692313 -51.4961607370808494
69.2569256925692684 -21.8949242774128869
69.2769276927692772 -61.5411504711600514
69.2969296929693144 -51.8552577127352095
69.3169316931693231 1.2288010362096315
69.3369336933693319 -18.8539069743545404
69.3569356935693691 -9.0799725690773911
69.3769376937693778 -65.7787761032569733
69.3969396939694150 -51.0623367674431563
69.4169416941694237 -38.7104499249178815
69.4369436943694325 -48.3675882432134827
69.4569456945694697 -27.3364126256803388
69.4769476947694784 -46.1775374582059754
69.4969496949695156 0.8043181402853747
69.5169516951695243 -55.5599461553597109
69.5369536953695331 -36.6028294677817314
69.5569556955695703 -33.9253322185424935
69.5769576957695790 -10.7593537659167815
69.5969596959696162 -83.2441740660165692
69.6169616961696249 -29.1269038596355827
69.6369636963696337 -96.6903136210031562
69.6569656965696709 -23.6824152242803549
69.6769676967696796 -34.6724307473591438
69.6969696969697168 -47.1186737296659359
69.7169716971697255 -11.9547137324294397
69.7369736973697343 -58.7383985978676719
69.7569756975697715 -36.3239844959719633
69.7769776977697802 -34.0548587942426266
69.7969796979698174 -12.6878647085044420
69.8169816981698261 -69.4997780785306531
69.8369836983698349 -21.7597647787394273
69.8569856985698721 -30.3193950437333868
69.8769876987698808 -54.8864704558111356
69.8969896989699180 -47.5452006384948618
69.9169916991699267 -22.1718716460843055
69.9369936993699355 -26.0317935576372754
69.9569956995699727 14.5690838189773544
69.9769976997699814 -46.7542384714644541
69.9969996999700186 -9.9715309772583218
70.0170017001700273 -49.4179698245628387
70.0370037003700361 -12.9404981305148254
70.0570057005700733 -45.3725888479223727
70.0770077007700820 7.0726852041197503
70.0970097009701192 -55.4106894146272850
70.1170117011701279 -47.8021071747668387
70.1370137013701367 -11.4452355197974747
70.1570157015701739 -8.7134666545047885
70.1770177017701826 -48.9012358091467263
70.1970197019701914 -24.6852965512978670
70.2170217021702285 -1.1830404722298908
70.2370237023702373 4.2723667489400299
70.2570257025702745 -71.6844545553037165
70.2770277027702832 -44.3740570814718538
70.2970297029702920 -50.1665667020444701
70.3170317031703291 -34.9381628026127942
70.3370337033703379 -31.2766838772475708
70.3570357035703751 -66.0623853772185328
70.3770377037703838 -44.2611515251771763
70.3970397039703926 -19.1284142095346574
70.4170417041704297 -36.8576105223130810
70.4370437043704385 -50.0712650728940005
70.4570457045704757 -28.0772505810668775
70.4770477047704844 -61.8154640348734361
70.4970497049704932 -25.3468325831560932
70.5170517051705303 -28.6007931054187807
70.5370537053705391 -64.7605546625249815
70.5570557055705763 -35.8920414824096738
70.5770577057705850 -51.0370836542416910
70.5970597059705938 5.3841643823530987
70.6170617061706309 -25.0590659210829045
70.6370637063706397 -20.7807849359586072
70.6570657065706769 -19.2054355147382800
70.6770677067706856 -85.5616556435470699
70.6970697069706944 -21.9230108853878818
70.7170717071707315 4.8015557104199615
70.7370737073707403 -38.0497451234899131
70.7570757075707775 -21.8500293621595318
70.7770777077707862 -13.2623872648553700
70.7970797079707950 -74.4829026421403597
70.8170817081708321 -42.8750261138142790
70.8370837083708409 -98.6379443797061697
70.8570857085708781 -17.2960363963296473
70.8770877087708868 -67.0329544902696739
70.8970897089708956 -26.3159660299688767
70.9170917091709327 -38.0049100174882497
70.9370937093709415 -74.8848965083071789
70.9570957095709787 -14.5566211663141338
70.9770977097709874 -21.1236971837714087
70.9970997099709962 -42.7584289944092433
71.0171017101710333 -61.7053179052217473
71.0371037103710421 -34.2809138411976022
71.0571057105710793 -36.4576154585791770
71.0771077107710880 -69.2500381480714253
71.0971097109710968 -43.9947679573500778
71.1171117111711339 -43.4267386918574800
71.1371137113711427 -50.5684031049450553
71.1571157115711515 -44.4650272600124694
71.1771177117711886 -42.1375930103016714
71.1971197119711974 -51.3714186412375327
71.2171217121712345 -38.6437281544978006
71.2371237123712433 -66.4134232660879746
71.2571257125712521 -35.1638116329851655
71.2771277127712892 -58.1907012634861047
71.2971297129712980 -37.0470448579839697
71.3171317131713352 -33.5269117414638629
71.3371337133713439 -30.8826251408943797
71.3571357135713527 -63.9717330571909173
71.3771377137713898 -26.4921435590558332
71.3971397139713986 -46.3538483100787175
71.4171417141714358 -36.9584142836063236
71.4371437143714445 -75.2120618214445074
71.4571457145714533 -44.3486922836435795
71.4771477147714904 14.3275052283844531
71.4971497149714992 -41.5161097615239854
71.5171517151715364 -19.3522738217644772
71.5371537153715451 -9.1278462001244698
71.5571557155715539 -61.1326515214409341
71.5771577157715910 -57.2411485758917493
71.5971597159715998 -27.7143068685303220
71.6171617161716370 -28.5462720271420736
71.6371637163716457 -50.7950888300079129
71.6571657165716545 -15.8893375557200365
71.6771677167716916 -21.2216358277504504
71.6971697169717004 -19.5808603748888430
71.7171717171717376 -36.8841945312433097
71.7371737173717463 -39.9709413125614645
71.7571757175717551 -42.3014067439419890
71.7771777177717922 -59.5818526828477104
71.7971797179718010 -32.8514349221077495
71.8171817181718382 -89.3068722640534389
71.8371837183718469 -17.0360316814746930
71.8571857185718557 -21.6845010528940314
71.8771877187718928 -65.0082585498175831
71.8971897189719016 -17.5991841226779187
71.9171917191719388 -74.4666546603766051
71.9371937193719475 -57.1951258036572625
71.9571957195719563 -21.2866222557634011
71.9771977197719934 -30.0343945449358642
71.9971997199720022 -64.8882602613338406
72.0172017201720394 -47.8125863210455506
72.0372037203720481 -74.1456880920461714
72.0572057205720569 -40.1596096903173603
72.0772077207720940 -17.8775953134753429
72.0972097209721028 -15.8525148410469221
72.1172117211721115 0.9411938568561311
72.1372137213721487 -18.4203815153731689
72.1572157215721575 -59.1161839956189610
72.1772177217721946 -29.1435664459538657
72.1972197219722034 -9.4858407826925557
72.2172217221722121 -19.6752770549020184
72.2372237223722493 -32.2278260356057373
72.2572257225722581 -68.5545903330572628
72.2772277227722952 -58.0680947764843296
72.2972297229723040 -62.9921988488519347
72.3172317231723127 -29.9239459680393196
72.3372337233723499 -56.9578499849946525
72.3572357235723587 -35.4026183577288478
72.3772377237723958 -42.3711208647434603
72.3972397239724046 -41.5952376308376728
72.4172417241724133 -38.2856923802401710
72.4372437243724505 -6.5194889280785446
72.4572457245724593 -69.7131523436817844
72.4772477247724964 -51.7897433981352364
72.4972497249725052 -63.6442981902028748
72.5172517251725139 -73.5017767839692340
72.5372537253725511 -50.5885947471857591
72.5572557255725599 -16.3352977754962261
72.5772577257725970 -77.7000276043204394
72.5972597259726058 -28.6895257870884848
72.6172617261726145 -44.9534988867705962
72.6372637263726517 -62.3338836489420842
72.6572657265726605 -36.5132860989861570
72.6772677267726976 -53.7147040018801007
72.6972697269727064 -25.7585818671980569
72.7172717271727151 -57.6152856607989392
72.7372737273727523 -53.8747477887786133
72.7572757275727611 -22.6557220470798235
72.7772777277727982 -46.7916036316831949
72.7972797279728070 -43.9733998559761474
72.8172817281728157 -55.2776251714630007
72.8372837283728529 -75.0303917085519743
72.8572857285728617 -32.2575263385332889
72.8772877287728988 -42.9716546946122904
72.8972897289729076 -63.2267587609499557
72.9172917291729163 -49.5523661718304567
72.9372937293729535 -26.2175047477170544
72.9572957295729623 -56.4077148435797326
72.9772977297729994 -40.5101056902087180
72.9972997299730082 -52.3059563241738417
73.0173017301730169 -16.1806988026144261
73.0373037303730541 -47.4750309436655655
73.0573057305730629 -37.9234463428333157
73.0773077307730716 -66.2648061157364197
73.0973097309731088 -59.2650274299357704
73.1173117311731176 -39.6824135305322940
73.1373137313731547 -19.3713839326383344
73.1573157315731635 -54.9276654846078145
73.1773177317731722 -70.6259794768305937
73.1973197319732094 -55.0386969920712588
73.2173217321732182 -58.2681193347239841
73.2373237323732553 -31.2994157309529015
73.2573257325732641 -16.3124595838163060
73.2773277327732728 -36.3105104678346606
73.2973297329733100 -60.1113384369117227
73.3173317331733188 -44.9636416583441658
73.3373337333733559 -38.1126178864102201
73.3573357335733647 -44.9106336862357409
73.3773377337733734 -94.0995690781004726
73.3973397339734106 -45.0123547221415308
73.4173417341734194 -64.5214429188823715
73.4373437343734565 -29.8745072609373565
73.4573457345734653 -93.6334190503067418
73.4773477347734740 -65.0627825886644331
73.4973497349735112 -23.2522416181576865
73.5173517351735200 -58.1229605674990850
73.5373537353735571 8.5693750772190000
73.5573557355735659 -24.1601897727554871
73.5773577357735746 -38.9133768665929551
73.5973597359736118 -37.2237292429622642
73.6173617361736206 -53.6437107422306383
73.6373637363736577 -53.7378673540484897
73.6573657365736665 11.3839202094348408
73.6773677367736752 -36.6937183091594221
73.6973697369737124 -37.1990104724499204
73.7173717371737212 -58.4481328073682533
73.7373737373737583 -33.4595714617213531
73.7573757375737671 -22.8982662952899929
73.7773777377737758 -65.1343482592082950
73.7973797379738130 -47.5257154451829464
73.8173817381738218 -2.5013776017452045
73.8373837383738589 -41.7591670359656604
73.8573857385738677 -43.8083168544223014
73.8773877387738764 -27.5395744364517938
73.8973897389739136 -50.6147790165385487
73.9173917391739224 -46.4869905128755150
73.9373937393739595 -59.3320110431638525
73.9573957395739683 -62.2045753175027301
73.9773977397739770 -45.7649128583531990
73.9973997399740142 -57.8642016001961537
74.0174017401740230 -43.0314446344463946
74.0374037403740317 -39.6802794534736449
74.0574057405740689 -43.9295546886317183
74.0774077407740776 -24.2961793532136490
74.0974097409741148 -18.0602893851334336
74.1174117411741236 -23.2626642778927639
74.1374137413741323 -8.8029426526687118
74.1574157415741695 -62.8118981663864062
74.1774177417741782 -86.9794268985251193
74.1974197419742154 -76.2915130505204786
74.2174217421742242 -40.2146842911789477
74.2374237423742329 -75.9620945587613079
74.2574257425742701 -63.0024942423816725
74.2774277427742788 -41.8740439759655345
74.2974297429743160 -56.6798680966286952
74.3174317431743248 -26.2401192483101049
74.3374337433743335 -20.9172398150321364
74.3574357435743707 -41.7504923610066783
74.3774377437743794 -48.9572689318783461
74.3974397439744166 -41.3749426503813424
74.4174417441744254 -67.3566257504974857
74.4374437443744341 -72.6644613582713106
74.4574457445744713 -62.9299476907104349
74.4774477447744800 -33.5822255933116693
74.4974497449745172 -47.9124674314603070
74.5174517451745260 -51.2501839793469429
74.5374537453745347 -46.9299121442835130
74.5574557455745719 -29.0276188545791598
74.5774577457745806 -36.6300855129772245
74.5974597459746178 -15.3306594996171874
74.6174617461746266 -35.8457511035889240
74.6374637463746353 -76.6674427729731320
74.6574657465746725 -73.4835244103392995
74.6774677467746812 -52.4459647314720030
74.6974697469747184 -35.4471171865215950
74.7174717471747272 -16.1994250084440985
74.7374737473747359 -70.2985960442406537
74.7574757475747731 5.6563578077083179
74.7774777477747818 -46.9310254663186868
74.7974797479748190 -24.9818505551147858
74.8174817481748278 -30.5090892837303258
74.8374837483748365 -43.3204190950158434
74.8574857485748737 -44.7772811118854364
74.8774877487748824 -43.3685623503544306
74.8974897489749196 -54.8090378008587180
74.9174917491749284 -70.6547489874196515
74.9374937493749371 -23.7368988076148000
74.9574957495749743 -50.7295339810348267
74.9774977497749830 -43.0547603169329278
74.9974997499750202 -41.4522290873741355
75.0175017501750290 -56.1805751460368441
75.0375037503750377 -58.3487106877854131
75.0575057505750749 -59.8090102559513710
75.0775077507750837 -31.5340757687242430
75.0975097509750924 -24.8440611478433659
75.1175117511751296 -39.8533318754891610
75.1375137513751383 -91.4470113495396220
75.1575157515751755 -37.5085310930791138
75.1775177517751843 -54.9839857122010400
75.1975197519751930 -42.4792025051127595
75.2175217521752302 -59.6641865427765694
75.2375237523752389 -7.4775031869706723
75.2575257525752761 -89.4474831428958339
75.2775277527752849 -41.1293398512345121
75.2975297529752936 -68.8481691175519614
75.3175317531753308 -51.8448448059309115
75.3375337533753395 -17.5152620903788048
75.3575357535753767 -9.2530048640352263
75.3775377537753855 -38.7615139931872150
75.3975397539753942 -25.3295687824882343
75.4175417541754314 -53.5881662062668909
75.4375437543754401 -23.0094160652486828
75.4575457545754773 -19.1824495525538161
75.4775477547754861 -65.5643056721676203
75.4975497549754948 -78.4408404388447451
75.5175517551755320 -13.5485938315796979
75.5375537553755407 -35.5797268334468839
75.5575557555755779 -44.6925839359051338
75.5775577557755867 -49.6707890340530156
75.5975597559755954 -61.7104237537895415
75.6175617561756326 -24.4714080770401488
75.6375637563756413 -64.1675268715847267
75.6575657565756785 -34.9704454726541201
75.6775677567756873 -24.2140601411573080
75.6975697569756960 -64.1367502417952835
75.7175717571757332 -46.2070942124547415
75.7375737573757419 -46.8686883768780689
75.7575757575757791 -29.2495009637172920
75.7775777577757879 -32.9716245260369121
75.7975797579757966 -32.1342336373298920
75.8175817581758338 -26.3573433295520125
75.8375837583758425 -80.2774082364197028
75.8575857585758797 -50.5370147986106275
75.8775877587758885 -23.8257993820726348
75.8975897589758972 -40.6875185258241814
75.9175917591759344 -18.6144874026301430
75.9375937593759431 -13.5791263268306928
75.9575957595759803 -65.3010251653411729
75.9775977597759891 2.9086443531558714
75.9975997599759978 -34.4241116318162241
76.0176017601760350 -30.2903356119428224
76.0376037603760437 -55.5962708489600246
76.0576057605760525 -29.8027919735624778
76.0776077607760897 -54.7167293048364130
76.0976097609760984 -32.6382821416822608
76.1176117611761356 -69.1521870402553986
76.1376137613761443 -8.5632191968017182
76.1576157615761531 -44.6525813361791748
76.1776177617761903 -25.7019156994810203
76.1976197619761990 -75.8291182885862725
76.2176217621762362 -25.9415230898360250
76.2376237623762449 -14.8218196942264910
76.2576257625762537 -24.8099289765138096
76.2776277627762909 -30.7439937034764128
76.2976297629762996 -70.4928144833617694
76.3176317631763368 -21.4818592662248911
76.3376337633763455 -34.5718814044874705
76.3576357635763543 -15.6467316122384403
76.3776377637763915 -60.6312738129103224
76.3976397639764002 -7.0048883788201266
76.4176417641764374 -17.1625843371374494
76.4376437643764461 -96.3713035799284086
76.4576457645764549 -31.8989082862949331
76.4776477647764921 -39.4923822680574546
76.4976497649765008 -16.5440579722720358
76.5176517651765380 -86.8158129199478026
76.5376537653765467 -53.6041349229527810
76.5576557655765555 -51.0440837038380124
76.5776577657765927 -57.9531540329637451
76.5976597659766014 -59.2316158651404265
76.6176617661766386 -36.1162349496396828
76.6376637663766473 -21.0314996347151038
76.6576657665766561 -13.2369040160011515
76.6776677667766933 -12.6436629481333469
76.6976697669767020 -58.1661926376703491
76.7176717671767392 -49.2491602614101112
76.7376737673767479 -56.5224371517059510
76.7576757675767567 -48.4720216053230999
76.7776777677767939 -39.2765076889205957
76.7976797679768026 -78.1489300604681318
76.8176817681768398 -76.3906553843627449
76.8376837683768485 -48.0105294316361864
76.8576857685768573 -29.8281189719826259
76.8776877687768945 -33.3275775532327287
76.8976897689769032 -67.3285504952325056
76.9176917691769404 -59.5997370289862474
76.9376937693769491 -33.4211068725176546
76.9576957695769579 -83.9779421373792019
76.9776977697769951 -62.1111688923074894
76.9976997699770038 -8.0950792552920703
77.0177017701770126 -41.2116665176052663
77.0377037703770498 -35.0021979854907599
77.0577057705770585 -46.3831233317003253
77.0777077707770957 -30.0248627782884263
77.0977097709771044 -41.4184544578082807
77.1177117711771132 -10.4149918605612157
77.1377137713771504 -55.2769848958460841
77.1577157715771591 -37.4522111582146664
77.1777177717771963 -91.7592207808295086
77.1977197719772050 -22.2234194415342863
77.2177217721772138 -63.7805327041541830
77.2377237723772510 -20.5076091658832063
77.2577257725772597 -43.2915461360236407
77.2777277727772969 -22.6210088525124924
77.2977297729773056 -32.5991366234211810
77.3177317731773144 -73.7823843928223511
77.3377337733773516 -2.7155696529963294
77.3577357735773603 -48.8497733096243678
77.3777377737773975 -62.6174819090692836
77.3977397739774062 -29.9526153343462909
77.4177417741774150 -56.5471949616663565
77.4377437743774522 -76.9905326762867901
77.4577457745774609 -37.2821893877268735
77.4777477747774981 -46.4214533822437545
77.4977497749775068 -48.5747821241054041
77.5177517751775156 -60.0147140196059112
77.5377537753775528 -64.2952684994811108
77.5577557755775615 -85.3357267504644312
77.5777577757775987 -52.8544992109096654
77.5977597759776074 -42.9739011915799765
77.6177617761776162 -22.5164109591980335
77.6377637763776534 -54.8391317124141580
77.6577657765776621 -52.2770377784299995
77.6777677767776993 -25.0183806098709738
77.6977697769777080 -50.6900069629872760
77.7177717771777168 -48.7680106517692522
77.7377737773777540 -34.3726617442095090
77.7577757775777627 -31.4466164975004823
77.7777777777777999 -57.5185509405294084
77.7977797779778086 -30.7361906335955801
77.8177817781778174 -36.5339081840658650
77.8377837783778546 -15.2078443610840885
77.8577857785778633 -26.1740805025822922
77.8777877787779005 -35.0926186767651700
77.8977897789779092 -66.3157473034748932
77.9177917791779180 -37.8595123833849172
77.9377937793779552 -24.0968788604776023
77.9577957795779639 -1.4591546672991598
77.9777977797779727 -34.4315262135193620
77.9977997799780098 -14.8139015154972427
78.0178017801780186 -51.8233952639677184
78.0378037803780558 -40.1713699490443048
78.0578057805780645 -67.7674880224563907
78.0778077807780733 -71.2855422971955761
78.0978097809781104 -17.5298625763266820
78.1178117811781192 -49.1742101693717828
78.1378137813781564 -41.2442051679318737
78.1578157815781651 -67.0450567592649662
78.1778177817781739 -35.5017260350017594
78.1978197819782110 -52.0154331532881073
78.2178217821782198 -48.9422407826051966
78.2378237823782570 -53.9137667918699250
78.2578257825782657 -72.0674267382785416
78.2778277827782745 -47.9672323355739962
78.2978297829783116 -10.7742667762403244
78.3178317831783204 -11.2876715610551628
78.3378337833783576 -44.7234022551558184
78.3578357835783663 -27.5314317790176091
78.3778377837783751 -45.9415370233374531
78.3978397839784122 -78.6538258634157614
78.4178417841784210 -70.3075777938918520
78.4378437843784582 -79.2208883646850666
78.4578457845784669 -53.9542271229463424
78.4778477847784757 -67.3548798682758161
78.4978497849785128 -32.8731923207329473
78.5178517851785216 -12.5180729423123793
78.5378537853785588 -68.9050561321750337
78.5578557855785675 -25.6131460968629376
78.5778577857785763 -21.4386493894609309
78.5978597859786134 -62.8025611453755630
78.6178617861786222 -45.1211829107017195
78.6378637863786594 -51.3794369937197004
78.6578657865786681 -89.5665030696994080
78.6778677867786769 -38.4113161204335327
78.6978697869787140 -38.5918851920702224
78.7178717871787228 -76.1256389511805622
78.7378737873787600 -77.3462559853759899
78.7578757875787687 -53.1824815232302157
78.7778777877787775 -54.5119757455916343
78.7978797879788146 -39.2918326516940226
78.8178817881788234 -66.2977954006125856
78.8378837883788606 -44.2654440858085536
78.8578857885788693 -37.0083724684767006
78.8778877887788781 -69.4842220829423098
78.8978897889789152 -0.4980865679096951
78.9178917891789240 -40.0088871689764574
78.9378937893789328 -66.5667739376136467
78.9578957895789699 -68.5072637454394169
78.9778977897789787 -11.6691590156925997
78.9978997899790158 -89.6036658256741845
79.0179017901790246 -0.0372692123855032
79.0379037903790334 -34.8019877492910794
79.0579057905790705 -13.1740260241054159
79.0779077907790793 -53.8739106898031110
79.0979097909791165 -17.3918036279597388
79.1179117911791252 -72.5243249514794286
79.1379137913791340 -22.6355839591912229
79.1579157915791711 -33.5117624190292389
79.1779177917791799 -35.3705012275161153
79.1979197919792171 -59.9979093805666963
79.2179217921792258 -20.0333244765922451
79.2379237923792346 -32.0770567112904246
79.2579257925792717 -63.7965045252659877
79.2779277927792805 -55.3878084793008156
79.2979297929793177 -37.9360267322372948
79.3179317931793264 -7.7690051472164967
79.3379337933793352 -61.2956770675922442
79.3579357935793723 -60.4732496070029342
79.3779377937793811 -77.2877183136313590
79.3979397939794183 -9.4087236203038742
79.4179417941794270 6.0820663613917034
79.4379437943794358 -35.1289197451459003
79.4579457945794729 -15.8585202194467776
79.4779477947794817 -42.2356519300724358
79.4979497949795189 -72.5885404602912843
79.5179517951795276 -85.9455741203925214
79.5379537953795364 -56.0401339786631851
79.5579557955795735 -20.5217863398881981
79.5779577957795823 -50.1397080585959998
79.5979597959796195 -71.0879378306283627
79.6179617961796282 -39.7308266127101675
79.6379637963796370 -101.5253749549886493
79.6579657965796741 -23.1108068475194415
79.6779677967796829 -9.5791319328210562
79.6979697969797201 -0.9663632813040053
79.7179717971797288 -8.6351810594456424
79.7379737973797376 -71.9587536713363676
79.7579757975797747 -61.7376188632660146
79.7779777977797835 -18.9306192458486677
79.7979797979798207 -27.5212418612635368
79.8179817981798294 -48.7732470006500449
79.8379837983798382 -70.5662471371675935
79.8579857985798753 -57.4372458252961877
79.8779877987798841 -19.4210572292437433
79.8979897989798928 -57.9145941264682307
79.9179917991799300 -24.9187422633355062
79.9379937993799388 -96.9025232449488811
79.9579957995799759 -51.2988148301236251
79.9779977997799847 -65.6336870024659049
79.9979997999799934 -54.4143124062060934
80.0180018001800306 -64.9421532692547601
80.0380038003800394 -59.7222773512282785
80.0580058005800765 -40.1808734215224774
80.0780078007800853 -30.7961075057158169
80.0980098009800940 -75.2783570655882244
80.1180118011801312 -18.2445362799107507
80.1380138013801400 -39.0571662684095458
80.1580158015801771 -43.5704630778053215
80.1780178017801859 -57.6728694745858235
80.1980198019801946 -90.1542091137515058
80.2180218021802318 -56.3474140415872853
80.2380238023802406 -23.1103908548759840
80.2580258025802777 -28.7978699829866400
80.2780278027802865 -29.1824818482241426
80.2980298029802952 -64.1007615805360729
80.3180318031803324 -62.1906458160116244
80.3380338033803412 -41.2437910480710812
80.3580358035803783 -67.7184999348538952
80.3780378037803871 -23.7654636021866779
80.3980398039803958 -65.6026392506452822
80.4180418041804330 -57.1763080545321714
80.4380438043804418 -12.8020404787412261
80.4580458045804789 -56.9424732889035994
80.4780478047804877 -57.4466155786462735
80.4980498049804964 -29.7717352902972294
80.5180518051805336 -25.7599499386261783
80.5380538053805424 -22.8503145528420539
80.5580558055805795 -46.8278991724250062
80.5780578057805883 -38.4903438839670358
80.5980598059805970 -56.7778428487473974
80.6180618061806342 -19.5992388666174442
80.6380638063806430 -30.3048104545053754
80.6580658065806801 -32.4739592638408681
80.6780678067806889 -54.0884234423058672
80.6980698069806976 -69.5153136122396660
80.7180718071807348 -29.5764807097858835
80.7380738073807436 -49.4337165464260551
80.7580758075807807 -51.2075751167723183
80.7780778077807895 -13.2824642720534101
80.7980798079807983 -22.6419731187307285
80.8180818081808354 -48.6319564860416023
80.8380838083808442 -42.7644082986885437
80.8580858085808529 -51.1450344568023993
80.8780878087808901 -26.0841422438635000
80.8980898089808989 -49.4773390490637226
80.9180918091809360 -31.9195313560721345
80.9380938093809448 -50.9135571339142174
80.9580958095809535 -37.2877534953509340
80.9780978097809907 -30.1686432958511759
80.9980998099809995 -68.9874253496055587
81.0181018101810366 -36.4246273928930790
81.0381038103810454 -56.1130250467072784
81.0581058105810541 -30.3996319575104579
81.0781078107810913 -26.6431298887452073
81.0981098109811001 -49.1996819026797709
81.1181118111811372 -40.6943067350447620
81.1381138113811460 -66.5763291880987538
81.1581158115811547 -6.3687531664499275
81.1781178117811919 -29.7597751353880184
81.1981198119812007 -32.6656167323355859
81.2181218121812378 -48.5352092642756787
81.2381238123812466 -47.6752238492750138
81.2581258125812553 -72.3272447923544917
81.2781278127812925 -39.9382955174220058
81.2981298129813013 -53.7769897588457439
81.3181318131813384 -37.1481010485874137
81.3381338133813472 -40.8873533797233364
81.3581358135813559 -51.0425817438698530
81.3781378137813931 -63.2562228140399085
81.3981398139814019 -26.5479439212646753
81.4181418141814390 -55.5073711846555327
81.4381438143814478 -43.9777609531804075
81.4581458145814565 -37.4344246432952161
81.4781478147814937 -49.2605504076604674
81.4981498149815025 -43.9321243154281689
81.5181518151815396 -5.5632702733180324
81.5381538153815484 -5.5400940360183597
81.5581558155815571 -45.4808342362383442
81.5781578157815943 -26.4149032282339427
81.5981598159816031 -73.8231004121245036
81.6181618161816402 -39.7495478796856219
81.6381638163816490 -52.0831947158090856
81.6581658165816577 -62.1763879031635440
81.6781678167816949 -11.5387488367252118
81.6981698169817037 -35.2475717191373619
81.7181718171817408 -45.9398202131186437
81.7381738173817496 -72.9225759614673024
81.7581758175817583 -41.6727694011126957
81.7781778177817955 -50.6213626165620170
81.7981798179818043 -50.1723439851271351
81.8181818181818130 -48.7136451092396641
81.8381838183818502 -29.4994909434892278
81.8581858185818589 -51.8960757240583348
81.8781878187818961 -50.4225448368873401
81.8981898189819049 -30.8608129183553466
81.9181918191819136 -69.6701132520935857
81.9381938193819508 -56.3417277820605449
81.9581958195819595 -52.0593638147768587
81.9781978197819967 -66.2005829541616606
81.9981998199820055 -25.7290251600656568
82.0182018201820142 -63.2497482404435942
82.0382038203820514 -16.1497852687565917
82.0582058205820601 -60.5670289021177268
82.0782078207820973 -69.4170728561806811
82.0982098209821061 -24.4003135770599151
82.1182118211821148 -21.9924774513219177
82.1382138213821520 -32.6287980647785645
82.1582158215821607 -31.1741002801169564
82.1782178217821979 -41.5329966606782932
82.1982198219822067 -45.2067786308207715
82.2182218221822154 -63.1618274684960426
82.2382238223822526 -42.7283124576051705
82.2582258225822613 -28.2397653945448255
82.2782278227822985 -52.3054160134798209
82.2982298229823073 -19.9945559960638626
82.3182318231823160 -20.1922217114962521
82.3382338233823532 -51.3246743510875376
82.3582358235823619 -41.0951103625833341
82.3782378237823991 -67.6731931864332381
82.3982398239824079 -62.4268966774503369
82.4182418241824166 -23.8058538953058587
82.4382438243824538 -48.9017631995052326
82.4582458245824625 -58.2429765901373528
82.4782478247824997 -54.5155600911285774
82.4982498249825085 -65.2534365042533011
82.5182518251825172 -39.6077603700438488
82.5382538253825544 -34.7944085471050073
82.5582558255825631 -14.3046571311320392
82.5782578257826003 -35.2151437863722094
82.5982598259826091 -49.1477795623212188
82.6182618261826178 4.6948041719268545
82.6382638263826550 -19.0118723123329438
82.6582658265826637 -48.3283460157188429
82.6782678267827009 -61.3390304589405417
82.6982698269827097 -32.3068471557712371
82.7182718271827184 -27.0027145644000193
82.7382738273827556 -25.8731278127147668
82.7582758275827644 -55.0198546746823212
82.7782778277827731 -48.1692804046609666
82.7982798279828103 -51.5621578787100248
82.8182818281828190 -15.7792194584596288
82.8382838283828562 -34.1085480006583168
82.8582858285828650 10.7460370437258987
82.8782878287828737 -19.1507898880284166
82.8982898289829109 -20.9938619301219127
82.9182918291829196 -43.9588097189873537
82.9382938293829568 -51.4736371772929857
82.9582958295829656 -34.4484236737540712
82.9782978297829743 -30.9440849832972518
82.9982998299830115 -44.6101408408433429
83.0183018301830202 -48.7776834633942613
83.0383038303830574 -60.1006057500646733
83.0583058305830662 -53.9480589462673734
83.0783078307830749 -16.8222363160267605
83.0983098309831121 -1.5160121639844917
83.1183118311831208 -60.6235218673174288
83.1383138313831580 -63.3720303687241469
83.1583158315831668 -34.3266371233599017
83.1783178317831755 -82.9471668845040710
83.1983198319832127 -32.9198706910232914
83.2183218321832214 -12.1673898372211191
83.2383238323832586 -14.3634905442382177
83.2583258325832674 -49.0140039787263362
83.2783278327832761 -16.8151537448425898
83.2983298329833133 -70.5721871344506155
83.3183318331833220 -24.5497087965625269
83.3383338333833592 -13.0881153036842939
83.3583358335833680 -23.8948091501983626
83.3783378337833767 -39.2991840651418869
83.3983398339834139 -32.4577052517285836
83.4183418341834226 -34.8956907889248811
83.4383438343834598 -28.1833472697385901
83.4583458345834686 -33.1358957477493732
83.4783478347834773 -57.1425674720993655
83.4983498349835145 -52.5679350221996344
83.5183518351835232 -39.8418562407793928
83.5383538353835604 -74.0382938047171422
83.5583558355835692 -17.6475784474812087
83.5783578357835779 -45.7685768294349273
83.5983598359836151 -70.1576692530548769
83.6183618361836238 -40.9645064639444101
83.6383638363836610 -72.0575790882557072
83.6583658365836698 -57.9746233174307122
83.6783678367836785 -36.3177804295263726
83.6983698369837157 -22.6147147059225588
83.7183718371837244 -32.8212870151765941
83.7383738373837332 -18.9864401758023966
83.7583758375837704 -47.4590310877678121
83.7783778377837791 -41.5452121058518529
83.7983798379838163 -65.1833281527578237
83.8183818381838250 -35.6796314403297004
83.8383838383838338 -75.1643854413198937
83.8583858385838710 -4.6904769104365300
83.8783878387838797 -68.3014018463847208
83.8983898389839169 -0.4691104942375333
83.9183918391839256 -20.8219375285686823
83.9383938393839344 -79.7913228237204919
83.9583958395839716 -49.9098613323440929
83.9783978397839803 -35.8756274497666041
83.9983998399840175 -22.9194719123858093
84.0184018401840262 -54.4803364138650181
84.0384038403840350 -46.6347741747175490
84.0584058405840722 -33.1527868189335067
84.0784078407840809 -78.5285248257464445
84.0984098409841181 -14.5496515315436277
84.1184118411841268 -80.6949707753462349
84.1384138413841356 -50.9225554364450019
84.1584158415841728 -19.2821943465728225
84.1784178417841815 -31.2034525453799887
84.1984198419842187 -28.3279029881016271
84.2184218421842274 -58.7465779044358740
84.2384238423842362 -15.4883658079237563
84.2584258425842734 -35.9212223970932882
84.2784278427842821 -17.8766670224468704
84.2984298429843193 -63.2602335636903490
84.3184318431843280 -9.5527294392348203
84.3384338433843368 -62.7043464866930051
84.3584358435843740 -25.9077519981723761
84.3784378437843827 -16.3451064593492816
84.3984398439844199 1.3471366502734270
84.4184418441844286 10.8472746150553334
84.4384438443844374 -32.0516839942137821
84.4584458445844746 -82.5684902858220369
84.4784478447844833 -21.9143916258008389
84.4984498449845205 -14.7483884036272812
84.5184518451845292 -60.0661525194919079
84.5384538453845380 -18.1660778195711643
84.5584558455845752 -6.1063828197759733
84.5784578457845839 -52.2492801247510670
84.5984598459846211 -20.7480846832085923
84.6184618461846298 -44.9760868142572008
84.6384638463846386 -47.6620080203980976
84.6584658465846758 -23.6772450948595328
84.6784678467846845 -43.2622271176350921
84.6984698469847217 -76.6906738508920398
84.7184718471847304 1.0552774614132048
84.7384738473847392 -20.5401502532726958
84.7584758475847764 -38.0211024568906950
84.7784778477847851 -60.1752925369496552
84.7984798479847939 -54.5541190993174752
84.8184818481848311 -26.9490530054849877
84.8384838483848398 -54.4527493261054900
84.8584858485848770 -43.3762088863251662
84.8784878487848857 -66.4355395687023531
84.8984898489848945 -9.5046461671364355
84.9184918491849317 -55.9674465507569039
84.9384938493849404 -41.0402035328492047
84.9584958495849776 -87.3199078550977958
84.9784978497849863 -53.7941443539949802
84.9984998499849951 -51.9413898105400165
85.0185018501850323 -42.3125614379689168
85.0385038503850410 -41.9952561802825883
85.0585058505850782 -54.5038232957009399
85.0785078507850869 -75.2280876665454628
85.0985098509850957 -93.8380154344173434
85.1185118511851329 -63.1422760992199272
85.1385138513851416 -17.1750735672371881
85.1585158515851788 -35.3480558154690314
85.1785178517851875 -30.4231994654148181
85.1985198519851963 -37.2868218761077799
85.2185218521852335 -35.1038537420638761
85.2385238523852422 -8.9176379857794394
85.2585258525852794 -56.1931474966514202
85.2785278527852881 -40.4595044566045630
85.2985298529852969 -56.1201631713709972
85.3185318531853341 -25.4043428065277013
85.3385338533853428 -30.3054341723560157
85.3585358535853800 -56.8150524269904480
85.3785378537853887 -25.8096634881179767
85.3985398539853975 -30.2469071642538978
85.4185418541854347 -35.3403889544142018
85.4385438543854434 -39.4402617936007829
85.4585458545854806 -60.5496563615879140
85.4785478547854893 -25.7388010424767231
85.4985498549854981 -22.1694119424830483
85.5185518551855353 -12.1729706890330682
85.5385538553855440 -40.0037619764393568
85.5585558555855812 -28.7397615252298166
85.5785578557855899 -0.7530034738330968
85.5985598559855987 6.0307923844869293
85.6185618561856359 -9.6894311578294605
85.6385638563856446 -38.6012350241143380
85.6585658565856818 -29.9565807324842055
85.6785678567856905 16.5291819284791330
85.6985698569856993 -31.6601985188807369
85.7185718571857365 -42.2145818878130896
85.7385738573857452 -43.8358011211413867
85.7585758575857540 -67.1320176856108475
85.7785778577857911 -55.5406516267913588
85.7985798579857999 -49.2469910566622957
85.8185818581858371 -67.6371431207969636
85.8385838583858458 -48.9548759937606164
85.8585858585858546 -17.3032268109865548
85.8785878587858917 -31.2190137127150109
85.8985898589859005 -51.5984147527179289
85.9185918591859377 -28.9156879074828410
85.9385938593859464 -27.0585871680423757
85.9585958595859552 -51.0125083024017769
85.9785978597859923 -28.1277019150153365
85.9985998599860011 -36.2727614215512943
86.0186018601860383 -63.6162225777014356
86.0386038603860470 -42.3553508783605750
86.0586058605860558 -48.6950829435412942
86.0786078607860929 -84.4705592367548661
86.0986098609861017 -70.4559390941527539
86.1186118611861389 -26.9438970434377580
86.1386138613861476 -28.6931991932827053
86.1586158615861564 -32.3086190404357296
86.1786178617861935 -30.0841264288906487
86.1986198619862023 -65.7965750832649263
86.2186218621862395 -5.7327457057499416
86.2386238623862482 -39.4067500960936172
86.2586258625862570 -23.5848516041419103
86.2786278627862941 -8.2345651023527608
86.2986298629863029 -26.4907910362906449
86.3186318631863401 -0.7552581027586669
86.3386338633863488 -38.8482883105563843
86.3586358635863576 -44.3799570986051037
86.3786378637863947 -13.7365307057384776
86.3986398639864035 -56.9171363498212912
86.4186418641864407 -27.1142801913736520
86.4386438643864494 -69.0958675782735554
86.4586458645864582 -6.4536450234305249
86.4786478647864953 -35.1257859381299014
86.4986498649865041 -30.5370776276877685
86.5186518651865413 -20.2588892865449317
86.5386538653865500 -40.9147184903910528
86.5586558655865588 -50.0636432367814592
86.5786578657865959 -64.1048850438560578
86.5986598659866047 -47.1820225806564650
86.6186618661866419 -24.4309329798564363
86.6386638663866506 -19.4250850445960488
86.6586658665866594 -7.4985322744175953
86.6786678667866965 -13.6911177266810640
86.6986698669867053 -69.9133000412074637
86.7186718671867141 -24.7309727888427773
86.7386738673867512 -35.7887320118326926
86.7586758675867600 -42.0571771523586975
86.7786778677867972 -31.3873410632568763
86.7986798679868059 -22.1197803149727186
86.8186818681868147 -8.0819913696575369
86.8386838683868518 -28.6529096184994323
86.8586858685868606 -17.1784676393820277
86.8786878687868978 -93.1906587265822566
86.8986898689869065 -11.3410899326614931
86.9186918691869153 -44.7448155517090740
86.9386938693869524 -22.6338572350825764
86.9586958695869612 -4.2329367465226788
86.9786978697869984 -24.2037387970831723
86.9986998699870071 -38.0879187756078466
87.0187018701870159 -59.7533126447476945
87.0387038703870530 -47.9393049463990764
87.0587058705870618 -41.5294241454950424
87.0787078707870990 -35.3650274453390168
87.0987098709871077 -12.0658109123848867
87.1187118711871165 -34.7140230035574433
87.1387138713871536 -37.5285872848168367
87.1587158715871624 3.8530424526535327
87.1787178717871996 -33.0261294760562194
87.1987198719872083 -60.5414810192725241
87.2187218721872171 -8.8931044553661955
87.2387238723872542 -82.8973459755268607
87.2587258725872630 -3.1176548806692068
87.2787278727873002 -46.5146033760849491
87.2987298729873089 -31.8688371363851104
87.3187318731873177 -19.8407682994144139
87.3387338733873548 -51.2156316057271255
87.3587358735873636 -24.1493978709460535
87.3787378737874008 -19.0550756196577495
87.3987398739874095 -44.8607081499403861
87.4187418741874183 -55.0705968513585304
87.4387438743874554 -29.7744676673247994
87.4587458745874642 -35.3702963957591692
87.4787478747875014 -64.4654558246397755
87.4987498749875101 -62.2784287321044872
87.5187518751875189 -12.1122996721024485
87.5387538753875560 -43.8042393620736235
87.5587558755875648 -24.3881733790989408
87.5787578757876020 -32.4365541023323871
87.5987598759876107 -3.0453499338253422
87.6187618761876195 -52.0743051631631175
87.6387638763876566 -81.6639229382857508
87.6587658765876654 -91.9651415112738846
87.6787678767876741 -59.6391125925086527
87.6987698769877113 -24.0561439050343822
87.7187718771877201 -35.0248677658788736
87.7387738773877572 -25.8073377083364264
87.7587758775877660 -62.4118022314933114
87.7787778777877747 -43.0243976602452847
87.7987798779878119 -36.3986706437187237
87.8187818781878207 -69.8453412775672575
87.8387838783878578 -65.3262343599828625
87.8587858785878666 -3.0590359428784915
87.8787878787878753 -64.6770470392180385
87.8987898789879125 -25.5866634193135312
87.9187918791879213 6.0241848250849088
87.9387938793879584 -35.9898707502783139
87.9587958795879672 24.2184012764581666
87.9787978797879759 -33.3504377360195008
87.9987998799880131 -21.3115372505878327
88.0188018801880219 -32.3634497523168463
88.0388038803880590 -48.8215536522404818
88.0588058805880678 -33.9002912073580518
88.0788078807880765 -57.3642832770452742
88.0988098809881137 -29.0330417234520368
88.1188118811881225 -15.2329302648306442
88.1388138813881596 -63.7270363609299579
88.1588158815881684 1.1115024065695209
88.1788178817881771 -18.7422856496359174
88.1988198819882143 -23.5414472028314563
88.2188218821882231 -44.8923507191672044
88.2388238823882602 -55.4211825423972968
88.2588258825882690 -71.7059820328912565
88.2788278827882777 -39.3929578090778847
88.2988298829883149 -38.7072364780441660
88.3188318831883237 -26.3562040652475567
88.3388338833883608 -18.0311721107249703
88.3588358835883696 -65.8296142627085032
88.3788378837883783 2.9264342886744430
88.3988398839884155 -31.9819639713276729
88.4188418841884243 -41.9761080411326475
88.4388438843884614 -34.9568366340634071
88.4588458845884702 -40.9466636922426517
88.4788478847884790 -78.5460789404557147
88.4988498849885161 -37.7705169357314006
88.5188518851885249 -33.2667626424685068
88.5388538853885620 -27.5150731627362468
88.5588558855885708 -23.0997517862412316
88.5788578857885796 14.5957965911216228
88.5988598859886167 -24.3955860129226139
88.6188618861886255 3.7625001840007890
88.6388638863886342 -49.9742715568432203
88.6588658865886714 -37.9579498841049841
88.6788678867886802 -41.2951175075975243
88.6988698869887173 -29.5950406921919651
88.7188718871887261 -53.5266719606565786
88.7388738873887348 -51.7334098411535308
88.7588758875887720 2.9426965822460005
88.7788778877887808 -84.1138658985481413
88.7988798879888179 -35.8450024202638460
88.8188818881888267 -65.6471493489722064
88.8388838883888354 -16.5172338682112283
88.8588858885888726 -19.0370760247751747
88.8788878887888814 -51.3962863653192841
88.8988898889889185 -13.1635137787574461
88.9188918891889273 -4.6911707957640019
88.9388938893889360 -26.4342056917905417
88.9588958895889732 -14.8308598853416331
88.9788978897889820 -35.0570192841513233
88.9988998899890191 -60.0615770150164678
89.0189018901890279 -22.2819904732700813
89.0389038903890366 -37.3820275549206826
89.0589058905890738 -48.2019766306888826
89.0789078907890826 -39.9082540594348671
89.0989098909891197 -48.7291755759997471
89.1189118911891285 -32.1185003142161491
89.1389138913891372 2.7325323731452968
89.1589158915891744 1.5737549242760807
89.1789178917891832 -65.7900496155504584
89.1989198919892203 -56.8333812143490889
89.2189218921892291 15.1935194949482906
89.2389238923892378 -48.2118539767450258
89.2589258925892750 12.5312090408045194
89.2789278927892838 -12.4087649765222725
89.2989298929893209 -38.0916894334393916
89.3189318931893297 -31.3084658730729792
89.3389338933893384 -11.4037454415527719
89.3589358935893756 -19.4624022603659341
89.3789378937893844 -1.2864111083994203
89.3989398939894215 13.8068129159528752
89.4189418941894303 -53.5579702479929125
89.4389438943894390 -24.7633155298962855
89.4589458945894762 0.8346675217766304
89.4789478947894850 -14.9653821713624815
89.4989498949895221 -30.6705421177179574
89.5189518951895309 -14.5188582570290166
89.5389538953895396 -32.2239517186374016
89.5589558955895768 17.6799530990763927
89.5789578957895856 -38.4966623066082931
89.5989598959895943 -28.8233804855270392
89.6189618961896315 -42.5312730219081985
89.6389638963896402 -12.0318544223675641
89.6589658965896774 -50.0237147779119482
89.6789678967896862 -23.2357384321896241
89.6989698969896949 -31.7006595380557670
89.7189718971897321 -40.1222557774880784
89.7389738973897408 12.2772449146450739
89.7589758975897780 -39.7229631717495622
89.7789778977897868 -4.8268283287972906
89.7989798979897955 -70.9473179983714601
89.8189818981898327 -42.2192856232660461
89.8389838983898414 31.0432381007702141
89.8589858985898786 -76.1332359248071100
89.8789878987898874 -19.9132033843371374
89.8989898989898961 -33.2964222060776436
89.9189918991899333 -37.6701573316818497
89.9389938993899420 -43.2427003744364029
89.9589958995899792 -22.1121984145171950
89.9789978997899880 -14.2965478657882059
89.9989998999899967 -0.6887835678050749
90.0190019001900339 -39.4430578921356911
90.0390039003900426 -1.8123621531135683
90.0590059005900798 -53.0287108753347809
90.0790079007900886 -30.3537077180197805
90.0990099009900973 -44.2249235917963261
90.1190119011901345 -6.6124901153614317
90.1390139013901432 -17.3345276473063663
90.1590159015901804 -52.1590201533785205
90.1790179017901892 -57.5415847309058677
90.1990199019901979 -12.5134230759972382
90.2190219021902351 -40.1386758185991681
90.2390239023902438 7.0462742195073389
90.2590259025902810 -19.7889854275149268
90.2790279027902898 -11.8610225959027407
90.2990299029902985 -20.4498368941535205
90.3190319031903357 10.9335369709530603
90.3390339033903444 1.0352289767527303
90.3590359035903816 -17.8455025720171463
90.3790379037903904 -1.3233600023171981
90.3990399039903991 -39.6995051747241661
90.4190419041904363 4.7774606854621489
90.4390439043904451 -16.3030424232921760
90.4590459045904822 -40.5676180925152750
90.4790479047904910 -21.1916237932960279
90.4990499049904997 -23.8793048936450276
90.5190519051905369 -10.8919726108948289
90.5390539053905457 -11.8143638092477108
90.5590559055905544 -19.5447813492400506
90.5790579057905916 -7.4880012701734344
90.5990599059906003 -8.4096462115551986
90.6190619061906375 -20.4934666300858410
90.6390639063906463 -21.2897727306003119
90.6590659065906550 -17.2434313364667986
90.6790679067906922 -19.0028516920067432
90.6990699069907009 -52.2716483199633046
90.7190719071907381 -10.9935321745916994
90.7390739073907469 -48.1847368621330929
90.7590759075907556 -20.6950439119795533
90.7790779077907928 -37.6630382146844056
90.7990799079908015 -27.6609633912497159
90.8190819081908387 -33.9344615644072860
90.8390839083908475 -36.2688991879721598
90.8590859085908562 -38.3627490968907523
90.8790879087908934 -18.1158482964273091
90.8990899089909021 -33.5241873640554786
90.9190919091909393 -45.3771576320006034
90.9390939093909481 -14.5905729585437172
90.9590959095909568 -76.4068335217124144
90.9790979097909940 1.4355184988170002
90.9990999099910027 36.8586997714010067
91.0191019101910399 -10.3650148880591857
91.0391039103910487 -4.7796624588562651
91.0591059105910574 -5.5603660983458916
91.0791079107910946 -21.9847756814540602
91.0991099109911033 -31.3659391520610704
91.1191119111911405 -2.7994104159492501
91.1391139113911493 -8.4869927036222137
91.1591159115911580 -1.2471165323666220
91.1791179117911952 -17.0688933787065196
91.1991199119912039 -50.7419808102933985
91.2191219121912411 -36.4501241876934827
91.2391239123912499 -25.4064536534837906
91.2591259125912586 -3.5735787807186945
91.2791279127912958 5.8801423389407432
91.2991299129913045 -51.4754229204296081
91.3191319131913417 -7.8803763326006777
91.3391339133913505 -51.9279942911215002
91.3591359135913592 -30.9810619899752844
91.3791379137913964 -34.4407724260570944
91.3991399139914051 -21.3094085957526218
91.4191419141914423 -11.9607137908069259
91.4391439143914511 -14.7748891874602108
91.4591459145914598 -13.6945197176454112
91.4791479147914970 -46.1687486019015694
91.4991499149915057 10.0711778007240937
91.5191519151915145 -30.4304024124172230
91.5391539153915517 -5.6934360672462923
91.5591559155915604 -46.4452537267785459
91.5791579157915976 12.4755954149240047
91.5991599159916063 11.4237573565376067
91.6191619161916151 1.9349888058038474
91.6391639163916523 -28.8135820462076317
91.6591659165916610 -12.9342581012199123
91.6791679167916982 -38.5034752847807624
91.6991699169917069 -2.8516575600696221
91.7191719171917157 -82.4861794965191848
91.7391739173917529 -0.7955850991131044
91.7591759175917616 5.1082827407020126
91.7791779177917988 -24.6818982945330347
91.7991799179918075 -20.4356625637834597
91.8191819181918163 -39.3732361323315274
91.8391839183918535 -88.7461584081411274
91.8591859185918622 -22.4697456888120186
91.8791879187918994 -25.1825602994469335
91.8991899189919081 -50.2978888388615246
91.9191919191919169 -24.9091338276306153
91.9391939193919541 -26.5145868334467103
91.9591959195919628 -24.7378794743981629
91.9791979197920000 -0.1808864036599509
91.9991999199920087 -55.1460918729508123
92.0192019201920175 -27.7296037707247862
92.0392039203920547 -24.5157632110871759
92.0592059205920634 34.3504325677297686
92.0792079207921006 -22.6849923859480960
92.0992099209921093 -29.9736631220025274
92.1192119211921181 -16.8192682446876276
92.1392139213921553 -6.1283804067338874
92.1592159215921640 -43.1346593613506926
92.1792179217922012 -14.7520714548672629
92.1992199219922099 -9.0731563020803332
92.2192219221922187 -41.1072556156571594
92.2392239223922559 -46.6153522315372157
92.2592259225922646 -46.0144743195994081
92.2792279227923018 -3.1288622915936415
92.2992299229923105 -46.1727510824545959
92.3192319231923193 -79.6857972345164995
92.3392339233923565 -19.8604010812911831
92.3592359235923652 -35.3234706228058997
92.3792379237924024 -7.8053803282678587
92.3992399239924111 -7.6558805595190389
92.4192419241924199 -3.4982139046092797
92.4392439243924571 -32.9096431104796352
92.4592459245924658 1.0728587183023564
92.4792479247924746 -11.9622759119075432
92.4992499249925118 -26.6979440828596530
92.5192519251925205 -18.5800644543375491
92.5392539253925577 -25.8585562174865800
92.5592559255925664 -8.3277134203220591
92.5792579257925752 14.9269567530775085
92.5992599259926124 -18.7999618677116693
92.6192619261926211 -6.4715360866813079
92.6392639263926583 -21.1305896064371979
92.6592659265926670 -33.8851855077063391
92.6792679267926758 -11.0579391221548953
92.6992699269927130 -29.4230202411897679
92.7192719271927217 -31.6457481389496849
92.7392739273927589 -3.7868223326859152
92.7592759275927676 -21.3666470757981912
92.7792779277927764 -6.9696339091475288
92.7992799279928136 28.1786488154947783
92.8192819281928223 -17.6627591532133579
92.8392839283928595 -4.4482016593670348
92.8592859285928682 -15.4185560441352969
92.8792879287928770 -38.1799592692290020
92.8992899289929142 -24.6465626896595822
92.9192919291929229 -10.6367647059430457
92.9392939293929601 -29.8315025359549324
92.9592959295929688 -37.4700797785492909
92.9792979297929776 -36.9674462886197261
92.9992999299930148 34.2535247546986739
93.0193019301930235 -9.8319531782643885
93.0393039303930607 -38.7207107533233668
93.0593059305930694 3.3094028161438214
93.0793079307930782 -7.3297277002693093
93.0993099309931154 -6.7041584441929789
93.1193119311931241 -47.3591929551198945
93.1393139313931613 19.0931197093651619
93.1593159315931700 -27.6623347076787525
93.1793179317931788 -9.7161943351530908
93.1993199319932160 -39.5064316296163440
93.2193219321932247 -52.6263507279574654
93.2393239323932619 -19.1753468756565226
93.2593259325932706 16.4342531107482088
93.2793279327932794 -13.5804887402494785
93.2993299329933166 3.0974351573239787
93.3193319331933253 -28.2959170098078694
93.3393339333933625 -15.6617664104744385
93.3593359335933712 -32.8591462002201666
93.3793379337933800 -41.4568111203421807
93.3993399339934172 -1.9517309374701277
93.4193419341934259 -5.0028427996642293
93.4393439343934347 5.8426808254854450
93.4593459345934718 -42.6077796889617275
93.4793479347934806 -30.0830889573253515
93.4993499349935178 -53.7909285596787896
93.5193519351935265 -40.4838893316554831
93.5393539353935353 11.4184710359167632
93.5593559355935724 36.2209460294756695
93.5793579357935812 -15.4434317073616327
93.5993599359936184 23.1143264954531311
93.6193619361936271 -20.7670275737121699
93.6393639363936359 -21.7548443334485668
93.6593659365936730 -0.9648054189211877
93.6793679367936818 14.6417893284464977
93.6993699369937190 5.8235479206561607
93.7193719371937277 18.7495206906092662
93.7393739373937365 6.0341845602530686
93.7593759375937736 -27.5298270859325953
93.7793779377937824 3.1334719165473057
93.7993799379938196 -15.6350830353968213
93.8193819381938283 8.6581465254422003
93.8393839383938371 24.1934019454305691
93.8593859385938742 -26.7937822767138485
93.8793879387938830 11.2025685096057934
93.8993899389939202 -32.5072457691717531
93.9193919391939289 0.9294542426896939
93.9393939393939377 -13.2394981901675486
93.9593959395939748 -24.4853145309057432
93.9793979397939836 -45.8612497569622874
93.9993999399940208 20.5410883613826414
94.0194019401940295 10.7742466983088576
94.0394039403940383 27.3036971743764170
94.0594059405940754 -28.6479097208172178
94.0794079407940842 -10.7048663341750849
94.0994099409941214 -43.4315692993172036
94.1194119411941301 -27.5692547880408476
94.1394139413941389 -51.7696327217953254
94.1594159415941760 -9.7886807828436400
94.1794179417941848 -35.7221688954913432
94.1994199419942220 -47.9304513650002946
94.2194219421942307 5.7827192567704042
94.2394239423942395 43.6843658639322783
94.2594259425942766 10.9535374134176031
94.2794279427942854 -34.6667367225355392
94.2994299429943226 4.8479440953995798
94.3194319431943313 -44.4984181777129493
94.3394339433943401 -25.6000380187002534
94.3594359435943772 19.4058279213811495
94.3794379437943860 -44.5537042163697734
94.3994399439943948 5.6192976817287406
94.4194419441944319 29.1763721925382100
94.4394439443944407 11.1825470250611101
94.4594459445944779 0.6206429952614876
94.4794479447944866 -18.9542406599202664
94.4994499449944954 -29.7159771667301378
94.5194519451945325 -4.6942533919682843
94.5394539453945413 40.3415504544326993
94.5594559455945785 -39.9596028574266029
94.5794579457945872 13.1733577232925771
94.5994599459945960 17.0242935967977047
94.6194619461946331 -18.2285687685282127
94.6394639463946419 -15.7752230311886699
94.6594659465946791 2.0583270518564731
94.6794679467946878 -33.4223337231589710
94.6994699469946966 10.1815669193021936
94.7194719471947337 -24.3838458420307731
94.7394739473947425 32.6091086918792286
94.7594759475947797 -17.5980204056031653
94.7794779477947884 -22.0864963068366897
94.7994799479947972 -26.7076876434335659
94.8194819481948343 17.6014341015323943
94.8394839483948431 -14.6124503758639612
94.8594859485948803 -32.4256115029095042
94.8794879487948890 5.2217374310148834
94.8994899489948978 -4.7902317404727235
94.9194919491949349 28.5363062969489150
94.9394939493949437 -11.7618274125432443
94.9594959495949809 -21.9185387464102739
94.9794979497949896 19.0128376928331129
94.9994999499949984 -11.0730158087645947
95.0195019501950355 -20.7336384153012716
95.0395039503950443 -15.8848849225930735
95.0595059505950815 -25.8866729801958897
95.0795079507950902 -28.3744540555291387
95.0995099509950990 -12.8957034840753924
95.1195119511951361 30.9271679667885664
95.1395139513951449 -20.9422673830178958
95.1595159515951821 1.7659805937000792
95.1795179517951908 -2.3779780370099051
95.1995199519951996 -42.4611599234495287
95.2195219521952367 -11.5803854611031376
95.2395239523952455 -4.3601754182547960
95.2595259525952827 -13.5516426722683097
95.2795279527952914 -29.3219170147720085
95.2995299529953002 -27.1817916556446519
95.3195319531953373 8.7439161103857792
95.3395339533953461 -66.3820758342968986
95.3595359535953833 -9.8046238726825266
95.3795379537953920 31.1595133407302782
95.3995399539954008 -19.2288061692845815
95.4195419541954379 9.8398537297821456
95.4395439543954467 -27.9710713453472728
95.4595459545954554 11.3602199078400936
95.4795479547954926 8.2440091692364827
95.4995499549955014 -36.1374751101556910
95.5195519551955385 -14.6042580094476584
95.5395539553955473 -4.6558480538964195
95.5595559555955560 -30.4733174059268386
95.5795579557955932 -33.2366228745258709
95.5995599559956020 15.9031924927256441
95.6195619561956391 11.7497046906008471
95.6395639563956479 1.9274319334285792
95.6595659565956566 29.0219961157827342
95.6795679567956938 30.9611465279071858
95.6995699569957026 -46.7705855465210192
95.7195719571957397 -5.5594611734289403
95.7395739573957485 4.6544023390886933
95.7595759575957572 25.4499307073216308
95.7795779577957944 -14.5001723908797366
95.7995799579958032 -21.4001072174370393
95.8195819581958403 -8.2756296422377673
95.8395839583958491 6.0130422396049452
95.8595859585958578 11.4160706772736766
95.8795879587958950 -35.8080363840709381
95.8995899589959038 -38.5209655736526457
95.9195919591959409 -27.2317227865426190
95.9395939593959497 -27.6502897866386022
95.9595959595959584 7.6429225917116810
95.9795979597959956 -22.7628263413187710
95.9995999599960044 -56.4968945038769590
96.0196019601960415 7.4182541899552525
96.0396039603960503 -6.4318028597735930
96.0596059605960590 -33.2049022479952853
96.0796079607960962 7.3174911033148682
96.0996099609961050 16.3880145498486876
96.1196119611961421 -30.8720801151638042
96.1396139613961509 5.1410193807444298
96.1596159615961597 -28.9888116494972436
96.1796179617961968 16.6303956934662374
96.1996199619962056 -8.3020560230732023
96.2196219621962427 21.9028837547834705
96.2396239623962515 -4.5434904017005886
96.2596259625962603 -10.7844888410910524
96.2796279627962974 6.7607780977594123
96.2996299629963062 -34.9483964871562378
96.3196319631963433 -14.7423293361634258
96.3396339633963521 -27.4201868353636051
96.3596359635963609 36.9460499967442715
96.3796379637963980 2.5289179915628290
96.3996399639964068 -49.7701276475927159
96.4196419641964155 43.0628921690148871
96.4396439643964527 56.0434433432221581
96.4596459645964615 14.3844723722543222
96.4796479647964986 3.6724197448788516
96.4996499649965074 15.0171969751852181
96.5196519651965161 -30.2538252206873963
96.5396539653965533 -1.7385673542778419
96.5596559655965621 -4.0981871355466613
96.5796579657965992 4.3885114351878567
96.5996599659966080 -1.3359392622461677
96.6196619661966167 40.9920216567778510
96.6396639663966539 12.0348446525432919
96.6596659665966627 -18.1192439940252150
96.6796679667966998 13.9594100210677219
96.6996699669967086 -10.1264690842346354
96.7196719671967173 11.4464277432249766
96.7396739673967545 -25.6822933408655096
96.7596759675967633 15.5434875214989940
96.7796779677968004 -5.7278523760980828
96.7996799679968092 -11.1016966231775491
96.8196819681968179 9.2667927905263827
96.8396839683968551 10.5205137587568966
96.8596859685968639 31.9494830075460570
96.8796879687969010 -23.5244117194117806
96.8996899689969098 27.1963121761171358
96.9196919691969185 10.5575820160698690
96.9396939693969557 6.7225934792952584
96.9596959695969645 -1.1343269868837735
96.9796979697970016 4.3691178184192152
96.9996999699970104 -13.0237046619168773
97.0197019701970191 40.8918059446405024
97.0397039703970563 -22.9498913186042373
97.0597059705970651 8.2365929672666578
97.0797079707971022 10.2798775283594424
97.0997099709971110 20.1134756185867154
97.1197119711971197 9.4160785014874904
97.1397139713971569 35.8338630146487489
97.1597159715971657 12.7246363366776052
97.1797179717972028 17.9695760144417704
97.1997199719972116 24.3097286807012090
97.2197219721972203 20.4348184509373141
97.2397239723972575 19.7947430775950757
97.2597259725972663 15.6053792461297629
97.2797279727973034 33.2809717938736256
97.2997299729973122 29.4729931317520233
97.3197319731973209 39.6823176126857788
97.3397339733973581 -20.5260358463647883
97.3597359735973669 27.4260451169399637
97.3797379737973756 -5.2261674764684329
97.3997399739974128 15.9035578879252579
97.4197419741974215 -27.4432400709379642
97.4397439743974587 61.3703708049536729
97.4597459745974675 25.3107001013547652
97.4797479747974762 20.4276796195307853
97.4997499749975134 -30.5833036868958175
97.5197519751975221 -7.9180694892729484
97.5397539753975593 17.4989328653814979
97.5597559755975681 50.8877660904451545
97.5797579757975768 -9.4068047304210136
97.5997599759976140 -37.2561649550406031
97.6197619761976227 38.5143567111187508
97.6397639763976599 -4.5903824998885945
97.6597659765976687 -29.1876860125355009
97.6797679767976774 -0.8582372972277832
97.6997699769977146 11.1061674019504899
97.7197719771977233 -28.4772518383445252
97.7397739773977605 -14.5067251483210100
97.7597759775977693 32.5508662419966868
97.7797779777977780 4.7110595087982814
97.7997799779978152 -19.0913026583264305
97.8197819781978239 12.8361828764914687
97.8397839783978611 25.7094562614233695
97.8597859785978699 -9.2771932545382327
97.8797879787978786 -3.1938797157145156
97.8997899789979158 22.8148372744576768
97.9197919791979245 -6.8416834164551759
97.9397939793979617 -0.3064601494239430
97.9597959795979705 -7.2115115549981859
97.9797979797979792 36.6588995737481369
97.9997999799980164 12.7619434857978149
98.0198019801980251 -7.3641207812662639
98.0398039803980623 11.4924959162033833
98.0598059805980711 -11.4522489880679998
98.0798079807980798 11.7946728641541583
98.0998099809981170 -11.1909140844575870
98.1198119811981257 -0.3753893704136706
98.1398139813981629 10.8524701440333740
98.1598159815981717 -16.7076644531305760
98.1798179817981804 4.5283023630265147
98.1998199819982176 3.1072512227525397
98.2198219821982264 -14.3558018287589704
98.2398239823982635 3.6070371554020078
98.2598259825982723 -42.0387079015664185
98.2798279827982810 -7.4281114796860930
98.2998299829983182 22.2352688087695398
98.3198319831983270 -2.3275640871892156
98.3398339833983357 30.1051926665189491
98.3598359835983729 3.1859088516185086
98.3798379837983816 3.2453847923586601
98.3998399839984188 -8.8961681784836770
98.4198419841984276 -21.9394992964270585
98.4398439843984363 0.4435973528086121
98.4598459845984735 13.0650654312301864
98.4798479847984822 -3.5348520646499342
98.4998499849985194 11.0046491108496980
98.5198519851985282 17.5020793612979766
98.5398539853985369 -26.1335352140692159
98.5598559855985741 30.5822409200891059
98.5798579857985828 -42.2704564841875339
98.5998599859986200 -6.2138915372722741
98.6198619861986288 43.2981387471602090
98.6398639863986375 6.7905948224199166
98.6598659865986747 46.5269216220457480
98.6798679867986834 -28.6842773576805676
98.6998699869987206 51.8027697509642735
98.7198719871987294 14.8334808541384078
98.7398739873987381 -0.4942504474387519
98.7598759875987753 -13.5830412636268143
98.7798779877987840 20.6889491636969538
98.7998799879988212 3.5890836352790609
98.8198819881988300 29.6149450984011224
98.8398839883988387 -2.7769835028220653
98.8598859885988759 27.3346666103991360
98.8798879887988846 12.8403435281924807
98.8998899889989218 -11.2878306788465643
98.9198919891989306 10.5548657895062590
98.9398939893989393 22.8903682366725185
98.9598959895989765 19.3369200918747381
98.9798979897989852 -15.9697325704506508
98.9998999899990224 -12.6188156266923066
99.0199019901990312 -38.6847030860240437
99.0399039903990399 -9.9659992836998725
99.0599059905990771 -6.5617823739544479
99.0799079907990858 49.2732468690334358
99.0999099909991230 7.3381974589733687
99.1199119911991318 31.8991145449253644
99.1399139913991405 6.8980169020831825
99.1599159915991777 35.1886835799150859
99.1799179917991864 35.7080765666220117
99.1999199919992236 50.7022154948471382
99.2199219921992324 9.3730069786617332
99.2399239923992411 35.9283738178393719
99.2599259925992783 18.2689615531450471
99.2799279927992870 15.5817326535537966
99.2999299929992958 -4.8436044994108078
99.3199319931993330 4.5094644625491469
99.3399339933993417 19.3418912367339182
99.3599359935993789 24.8543941907785673
99.3799379937993876 -9.7065939369513856
99.3999399939993964 33.3560774878402384
99.4199419941994336 -23.3904414240656493
99.4399439943994423 31.6338181461693360
99.4599459945994795 10.8453899775012879
99.4799479947994882 11.3527824294488564
99.4999499949994970 -9.2383592513705963
99.5199519951995342 -8.7973531505521638
99.5399539953995429 3.6074716776690474
99.5599559955995801 17.9612563803714096
99.5799579957995888 -19.5435574279127877
99.5999599959995976 20.1721655552258632
99.6199619961996348 -11.3022999495466241
99.6399639963996435 1.9803751991978125
99.6599659965996807 13.0728263397878770
99.6799679967996894 8.1568850061538267
99.6999699969996982 -11.8137430226567037
99.7199719971997354 -18.3508795003200156
99.7399739973997441 -0.2506810977010012
99.7599759975997813 38.0306357239204900
99.7799779977997900 -7.6773913096868718
99.7999799979997988 -30.4121523318713969
99.8199819981998360 25.9328426140941630
99.8399839983998447 1.2696125161149752
99.8599859985998819 17.9339478218147974
99.8799879987998906 6.0978675415948871
99.8999899989998994 10.1206042004484704
99.9199919991999366 2.5604336173919275
99.9399939993999453 29.0595887114279208
99.9599959995999825 25.6092493188483488
99.9799979997999912 59.3305737749990172
100.0000000000000000 40.3912301831073464
